Time,Raw_Label
2021-11-01 18:00:00.000000,Before_Data_Collection
2021-11-01 18:00:06.150000,Before_Data_Collection
2021-11-01 18:00:12.312500,Before_Data_Collection
2021-11-01 18:00:18.462500,Before_Data_Collection
2021-11-01 18:00:24.612500,Before_Data_Collection
2021-11-01 18:00:30.775000,Before_Data_Collection
2021-11-01 18:00:36.925000,Before_Data_Collection
2021-11-01 18:00:43.075000,Before_Data_Collection
2021-11-01 18:00:49.225000,Before_Data_Collection
2021-11-01 18:00:55.387500,Before_Data_Collection
2021-11-01 18:01:01.537500,Before_Data_Collection
2021-11-01 18:01:07.687500,Before_Data_Collection
2021-11-01 18:01:13.850000,Before_Data_Collection
2021-11-01 18:01:20.000000,Before_Data_Collection
2021-11-01 18:01:26.150000,Before_Data_Collection
2021-11-01 18:01:32.312500,Before_Data_Collection
2021-11-01 18:01:38.462500,Before_Data_Collection
2021-11-01 18:01:44.612500,Before_Data_Collection
2021-11-01 18:01:50.775000,Before_Data_Collection
2021-11-01 18:01:56.925000,Before_Data_Collection
2021-11-01 18:02:03.075000,Before_Data_Collection
2021-11-01 18:02:09.225000,Before_Data_Collection
2021-11-01 18:02:15.387500,Before_Data_Collection
2021-11-01 18:02:21.537500,Before_Data_Collection
2021-11-01 18:02:27.687500,Before_Data_Collection
2021-11-01 18:02:33.850000,Before_Data_Collection
2021-11-01 18:02:40.000000,Before_Data_Collection
2021-11-01 18:02:46.150000,Before_Data_Collection
2021-11-01 18:02:52.312500,Before_Data_Collection
2021-11-01 18:02:58.462500,Before_Data_Collection
2021-11-01 18:03:04.612500,Before_Data_Collection
2021-11-01 18:03:10.775000,Before_Data_Collection
2021-11-01 18:03:16.925000,Before_Data_Collection
2021-11-01 18:03:23.075000,Before_Data_Collection
2021-11-01 18:03:29.225000,Before_Data_Collection
2021-11-01 18:03:35.387500,Before_Data_Collection
2021-11-01 18:03:41.537500,Before_Data_Collection
2021-11-01 18:03:47.687500,Before_Data_Collection
2021-11-01 18:03:53.850000,Before_Data_Collection
2021-11-01 18:04:00.000000,Before_Data_Collection
2021-11-01 18:04:06.150000,Before_Data_Collection
2021-11-01 18:04:12.312500,Before_Data_Collection
2021-11-01 18:04:18.462500,Before_Data_Collection
2021-11-01 18:04:24.612500,Before_Data_Collection
2021-11-01 18:04:30.775000,Before_Data_Collection
2021-11-01 18:04:36.925000,Before_Data_Collection
2021-11-01 18:04:43.075000,Before_Data_Collection
2021-11-01 18:04:49.225000,Before_Data_Collection
2021-11-01 18:04:55.387500,Before_Data_Collection
2021-11-01 18:05:01.537500,Before_Data_Collection
2021-11-01 18:05:07.687500,Before_Data_Collection
2021-11-01 18:05:13.850000,Before_Data_Collection
2021-11-01 18:05:20.000000,Before_Data_Collection
2021-11-01 18:05:26.150000,Before_Data_Collection
2021-11-01 18:05:32.312500,Before_Data_Collection
2021-11-01 18:05:38.462500,Before_Data_Collection
2021-11-01 18:05:44.612500,Before_Data_Collection
2021-11-01 18:05:50.775000,Before_Data_Collection
2021-11-01 18:05:56.925000,Before_Data_Collection
2021-11-01 18:06:03.075000,Before_Data_Collection
2021-11-01 18:06:09.225000,Before_Data_Collection
2021-11-01 18:06:15.387500,Before_Data_Collection
2021-11-01 18:06:21.537500,Before_Data_Collection
2021-11-01 18:06:27.687500,Before_Data_Collection
2021-11-01 18:06:33.850000,Before_Data_Collection
2021-11-01 18:06:40.000000,Before_Data_Collection
2021-11-01 18:06:46.150000,Before_Data_Collection
2021-11-01 18:06:52.312500,Before_Data_Collection
2021-11-01 18:06:58.462500,Before_Data_Collection
2021-11-01 18:07:04.612500,Before_Data_Collection
2021-11-01 18:07:10.775000,Before_Data_Collection
2021-11-01 18:07:16.925000,Before_Data_Collection
2021-11-01 18:07:23.075000,Before_Data_Collection
2021-11-01 18:07:29.225000,Before_Data_Collection
2021-11-01 18:07:35.387500,Before_Data_Collection
2021-11-01 18:07:41.537500,Before_Data_Collection
2021-11-01 18:07:47.687500,Before_Data_Collection
2021-11-01 18:07:53.850000,Before_Data_Collection
2021-11-01 18:08:00.000000,Before_Data_Collection
2021-11-01 18:08:06.150000,Before_Data_Collection
2021-11-01 18:08:12.312500,Before_Data_Collection
2021-11-01 18:08:18.462500,Before_Data_Collection
2021-11-01 18:08:24.612500,Before_Data_Collection
2021-11-01 18:08:30.775000,Before_Data_Collection
2021-11-01 18:08:36.925000,Before_Data_Collection
2021-11-01 18:08:43.075000,Before_Data_Collection
2021-11-01 18:08:49.225000,Before_Data_Collection
2021-11-01 18:08:55.387500,Before_Data_Collection
2021-11-01 18:09:01.537500,Before_Data_Collection
2021-11-01 18:09:07.687500,Before_Data_Collection
2021-11-01 18:09:13.850000,Before_Data_Collection
2021-11-01 18:09:20.000000,Before_Data_Collection
2021-11-01 18:09:26.150000,Before_Data_Collection
2021-11-01 18:09:32.312500,Before_Data_Collection
2021-11-01 18:09:38.462500,Before_Data_Collection
2021-11-01 18:09:44.612500,Before_Data_Collection
2021-11-01 18:09:50.775000,Before_Data_Collection
2021-11-01 18:09:56.925000,Before_Data_Collection
2021-11-01 18:10:03.075000,Before_Data_Collection
2021-11-01 18:10:09.225000,Before_Data_Collection
2021-11-01 18:10:15.387500,Before_Data_Collection
2021-11-01 18:10:21.537500,Before_Data_Collection
2021-11-01 18:10:27.687500,Before_Data_Collection
2021-11-01 18:10:33.850000,Before_Data_Collection
2021-11-01 18:10:40.000000,Before_Data_Collection
2021-11-01 18:10:46.150000,Before_Data_Collection
2021-11-01 18:10:52.312500,Before_Data_Collection
2021-11-01 18:10:58.462500,Before_Data_Collection
2021-11-01 18:11:04.612500,Before_Data_Collection
2021-11-01 18:11:10.775000,Before_Data_Collection
2021-11-01 18:11:16.925000,Before_Data_Collection
2021-11-01 18:11:23.075000,Before_Data_Collection
2021-11-01 18:11:29.225000,Before_Data_Collection
2021-11-01 18:11:35.387500,Before_Data_Collection
2021-11-01 18:11:41.537500,Before_Data_Collection
2021-11-01 18:11:47.687500,Before_Data_Collection
2021-11-01 18:11:53.850000,Before_Data_Collection
2021-11-01 18:12:00.000000,Before_Data_Collection
2021-11-01 18:12:06.150000,Before_Data_Collection
2021-11-01 18:12:12.312500,Before_Data_Collection
2021-11-01 18:12:18.462500,Before_Data_Collection
2021-11-01 18:12:24.612500,Before_Data_Collection
2021-11-01 18:12:30.775000,Before_Data_Collection
2021-11-01 18:12:36.925000,Before_Data_Collection
2021-11-01 18:12:43.075000,Before_Data_Collection
2021-11-01 18:12:49.225000,Before_Data_Collection
2021-11-01 18:12:55.387500,Before_Data_Collection
2021-11-01 18:13:01.537500,Before_Data_Collection
2021-11-01 18:13:07.687500,Before_Data_Collection
2021-11-01 18:13:13.850000,Before_Data_Collection
2021-11-01 18:13:20.000000,Before_Data_Collection
2021-11-01 18:13:26.150000,Before_Data_Collection
2021-11-01 18:13:32.312500,Before_Data_Collection
2021-11-01 18:13:38.462500,Before_Data_Collection
2021-11-01 18:13:44.612500,Before_Data_Collection
2021-11-01 18:13:50.775000,Before_Data_Collection
2021-11-01 18:13:56.925000,Before_Data_Collection
2021-11-01 18:14:03.075000,Before_Data_Collection
2021-11-01 18:14:09.225000,Before_Data_Collection
2021-11-01 18:14:15.387500,Before_Data_Collection
2021-11-01 18:14:21.537500,Before_Data_Collection
2021-11-01 18:14:27.687500,Before_Data_Collection
2021-11-01 18:14:33.850000,Before_Data_Collection
2021-11-01 18:14:40.000000,Before_Data_Collection
2021-11-01 18:14:46.150000,Before_Data_Collection
2021-11-01 18:14:52.312500,Before_Data_Collection
2021-11-01 18:14:58.462500,Before_Data_Collection
2021-11-01 18:15:04.612500,Before_Data_Collection
2021-11-01 18:15:10.775000,Before_Data_Collection
2021-11-01 18:15:16.925000,Before_Data_Collection
2021-11-01 18:15:23.075000,Before_Data_Collection
2021-11-01 18:15:29.225000,Before_Data_Collection
2021-11-01 18:15:35.387500,Before_Data_Collection
2021-11-01 18:15:41.537500,Before_Data_Collection
2021-11-01 18:15:47.687500,Before_Data_Collection
2021-11-01 18:15:53.850000,Before_Data_Collection
2021-11-01 18:16:00.000000,Before_Data_Collection
2021-11-01 18:16:06.150000,Before_Data_Collection
2021-11-01 18:16:12.312500,Before_Data_Collection
2021-11-01 18:16:18.462500,Before_Data_Collection
2021-11-01 18:16:24.612500,Before_Data_Collection
2021-11-01 18:16:30.775000,Before_Data_Collection
2021-11-01 18:16:36.925000,Before_Data_Collection
2021-11-01 18:16:43.075000,Before_Data_Collection
2021-11-01 18:16:49.225000,Before_Data_Collection
2021-11-01 18:16:55.387500,Before_Data_Collection
2021-11-01 18:17:01.537500,Before_Data_Collection
2021-11-01 18:17:07.687500,Before_Data_Collection
2021-11-01 18:17:13.850000,Before_Data_Collection
2021-11-01 18:17:20.000000,Before_Data_Collection
2021-11-01 18:17:26.150000,Before_Data_Collection
2021-11-01 18:17:32.312500,Before_Data_Collection
2021-11-01 18:17:38.462500,Before_Data_Collection
2021-11-01 18:17:44.612500,Before_Data_Collection
2021-11-01 18:17:50.775000,Before_Data_Collection
2021-11-01 18:17:56.925000,Before_Data_Collection
2021-11-01 18:18:03.075000,Before_Data_Collection
2021-11-01 18:18:09.225000,Before_Data_Collection
2021-11-01 18:18:15.387500,Before_Data_Collection
2021-11-01 18:18:21.537500,Before_Data_Collection
2021-11-01 18:18:27.687500,Before_Data_Collection
2021-11-01 18:18:33.850000,Before_Data_Collection
2021-11-01 18:18:40.000000,Before_Data_Collection
2021-11-01 18:18:46.150000,Before_Data_Collection
2021-11-01 18:18:52.312500,Before_Data_Collection
2021-11-01 18:18:58.462500,Before_Data_Collection
2021-11-01 18:19:04.612500,Before_Data_Collection
2021-11-01 18:19:10.775000,Before_Data_Collection
2021-11-01 18:19:16.925000,Before_Data_Collection
2021-11-01 18:19:23.075000,Before_Data_Collection
2021-11-01 18:19:29.225000,Before_Data_Collection
2021-11-01 18:19:35.387500,Before_Data_Collection
2021-11-01 18:19:41.537500,Before_Data_Collection
2021-11-01 18:19:47.687500,Before_Data_Collection
2021-11-01 18:19:53.850000,Before_Data_Collection
2021-11-01 18:20:00.000000,Before_Data_Collection
2021-11-01 18:20:06.150000,Before_Data_Collection
2021-11-01 18:20:12.312500,Before_Data_Collection
2021-11-01 18:20:18.462500,Before_Data_Collection
2021-11-01 18:20:24.612500,Before_Data_Collection
2021-11-01 18:20:30.775000,Before_Data_Collection
2021-11-01 18:20:36.925000,Before_Data_Collection
2021-11-01 18:20:43.075000,Before_Data_Collection
2021-11-01 18:20:49.225000,Before_Data_Collection
2021-11-01 18:20:55.387500,Before_Data_Collection
2021-11-01 18:21:01.537500,Before_Data_Collection
2021-11-01 18:21:07.687500,Before_Data_Collection
2021-11-01 18:21:13.850000,Before_Data_Collection
2021-11-01 18:21:20.000000,Before_Data_Collection
2021-11-01 18:21:26.150000,Before_Data_Collection
2021-11-01 18:21:32.312500,Before_Data_Collection
2021-11-01 18:21:38.462500,Before_Data_Collection
2021-11-01 18:21:44.612500,Before_Data_Collection
2021-11-01 18:21:50.775000,Before_Data_Collection
2021-11-01 18:21:56.925000,Before_Data_Collection
2021-11-01 18:22:03.075000,Before_Data_Collection
2021-11-01 18:22:09.225000,Before_Data_Collection
2021-11-01 18:22:15.387500,Before_Data_Collection
2021-11-01 18:22:21.537500,Before_Data_Collection
2021-11-01 18:22:27.687500,Before_Data_Collection
2021-11-01 18:22:33.850000,Before_Data_Collection
2021-11-01 18:22:40.000000,Before_Data_Collection
2021-11-01 18:22:46.150000,Before_Data_Collection
2021-11-01 18:22:52.312500,Before_Data_Collection
2021-11-01 18:22:58.462500,Before_Data_Collection
2021-11-01 18:23:04.612500,Before_Data_Collection
2021-11-01 18:23:10.775000,Before_Data_Collection
2021-11-01 18:23:16.925000,Before_Data_Collection
2021-11-01 18:23:23.075000,Before_Data_Collection
2021-11-01 18:23:29.225000,Before_Data_Collection
2021-11-01 18:23:35.387500,Before_Data_Collection
2021-11-01 18:23:41.537500,Before_Data_Collection
2021-11-01 18:23:47.687500,Before_Data_Collection
2021-11-01 18:23:53.850000,Before_Data_Collection
2021-11-01 18:24:00.000000,Before_Data_Collection
2021-11-01 18:24:06.150000,Before_Data_Collection
2021-11-01 18:24:12.312500,PA_Type_Video_Unavailable/Indecipherable
2021-11-01 18:24:18.462500,PA_Type_Video_Unavailable/Indecipherable
2021-11-01 18:24:24.612500,PA_Type_Video_Unavailable/Indecipherable
2021-11-01 18:24:30.775000,PA_Type_Video_Unavailable/Indecipherable
2021-11-01 18:24:36.925000,PA_Type_Video_Unavailable/Indecipherable
2021-11-01 18:24:43.075000,PA_Type_Video_Unavailable/Indecipherable
2021-11-01 18:24:49.225000,PA_Type_Video_Unavailable/Indecipherable
2021-11-01 18:24:55.387500,PA_Type_Video_Unavailable/Indecipherable
2021-11-01 18:25:01.537500,PA_Type_Video_Unavailable/Indecipherable
2021-11-01 18:25:07.687500,PA_Type_Video_Unavailable/Indecipherable
2021-11-01 18:25:13.850000,PA_Type_Video_Unavailable/Indecipherable
2021-11-01 18:25:20.000000,PA_Type_Video_Unavailable/Indecipherable
2021-11-01 18:25:26.150000,PA_Type_Video_Unavailable/Indecipherable
2021-11-01 18:25:32.312500,PA_Type_Video_Unavailable/Indecipherable
2021-11-01 18:25:38.462500,PA_Type_Video_Unavailable/Indecipherable
2021-11-01 18:25:44.612500,PA_Type_Video_Unavailable/Indecipherable
2021-11-01 18:25:50.775000,PA_Type_Video_Unavailable/Indecipherable
2021-11-01 18:25:56.925000,PA_Type_Video_Unavailable/Indecipherable
2021-11-01 18:26:03.075000,PA_Type_Video_Unavailable/Indecipherable
2021-11-01 18:26:09.225000,PA_Type_Video_Unavailable/Indecipherable
2021-11-01 18:26:15.387500,PA_Type_Video_Unavailable/Indecipherable
2021-11-01 18:26:21.537500,PA_Type_Video_Unavailable/Indecipherable
2021-11-01 18:26:27.687500,PA_Type_Video_Unavailable/Indecipherable
2021-11-01 18:26:33.850000,PA_Type_Video_Unavailable/Indecipherable
2021-11-01 18:26:40.000000,PA_Type_Video_Unavailable/Indecipherable
2021-11-01 18:26:46.150000,PA_Type_Video_Unavailable/Indecipherable
2021-11-01 18:26:52.312500,PA_Type_Video_Unavailable/Indecipherable
2021-11-01 18:26:58.462500,PA_Type_Video_Unavailable/Indecipherable
2021-11-01 18:27:04.612500,PA_Type_Video_Unavailable/Indecipherable
2021-11-01 18:27:10.775000,PA_Type_Video_Unavailable/Indecipherable
2021-11-01 18:27:16.925000,PA_Type_Video_Unavailable/Indecipherable
2021-11-01 18:27:23.075000,PA_Type_Video_Unavailable/Indecipherable
2021-11-01 18:27:29.225000,PA_Type_Video_Unavailable/Indecipherable
2021-11-01 18:27:35.387500,PA_Type_Video_Unavailable/Indecipherable
2021-11-01 18:27:41.537500,PA_Type_Video_Unavailable/Indecipherable
2021-11-01 18:27:47.687500,PA_Type_Video_Unavailable/Indecipherable
2021-11-01 18:27:53.850000,PA_Type_Video_Unavailable/Indecipherable
2021-11-01 18:28:00.000000,PA_Type_Video_Unavailable/Indecipherable
2021-11-01 18:28:06.150000,PA_Type_Video_Unavailable/Indecipherable
2021-11-01 18:28:12.312500,PA_Type_Video_Unavailable/Indecipherable
2021-11-01 18:28:18.462500,PA_Type_Video_Unavailable/Indecipherable
2021-11-01 18:28:24.612500,PA_Type_Video_Unavailable/Indecipherable
2021-11-01 18:28:30.775000,PA_Type_Video_Unavailable/Indecipherable
2021-11-01 18:28:36.925000,PA_Type_Video_Unavailable/Indecipherable
2021-11-01 18:28:43.075000,PA_Type_Video_Unavailable/Indecipherable
2021-11-01 18:28:49.225000,PA_Type_Video_Unavailable/Indecipherable
2021-11-01 18:28:55.387500,PA_Type_Video_Unavailable/Indecipherable
2021-11-01 18:29:01.537500,PA_Type_Video_Unavailable/Indecipherable
2021-11-01 18:29:07.687500,PA_Type_Video_Unavailable/Indecipherable
2021-11-01 18:29:13.850000,PA_Type_Video_Unavailable/Indecipherable
2021-11-01 18:29:20.000000,PA_Type_Video_Unavailable/Indecipherable
2021-11-01 18:29:26.150000,PA_Type_Video_Unavailable/Indecipherable
2021-11-01 18:29:32.312500,PA_Type_Video_Unavailable/Indecipherable
2021-11-01 18:29:38.462500,PA_Type_Video_Unavailable/Indecipherable
2021-11-01 18:29:44.612500,PA_Type_Video_Unavailable/Indecipherable
2021-11-01 18:29:50.775000,PA_Type_Video_Unavailable/Indecipherable
2021-11-01 18:29:56.925000,PA_Type_Video_Unavailable/Indecipherable
2021-11-01 18:30:03.075000,PA_Type_Video_Unavailable/Indecipherable
2021-11-01 18:30:09.225000,PA_Type_Video_Unavailable/Indecipherable
2021-11-01 18:30:15.387500,PA_Type_Video_Unavailable/Indecipherable
2021-11-01 18:30:21.537500,PA_Type_Video_Unavailable/Indecipherable
2021-11-01 18:30:27.687500,PA_Type_Video_Unavailable/Indecipherable
2021-11-01 18:30:33.850000,PA_Type_Video_Unavailable/Indecipherable
2021-11-01 18:30:40.000000,PA_Type_Video_Unavailable/Indecipherable
2021-11-01 18:30:46.150000,PA_Type_Video_Unavailable/Indecipherable
2021-11-01 18:30:52.312500,PA_Type_Video_Unavailable/Indecipherable
2021-11-01 18:30:58.462500,PA_Type_Video_Unavailable/Indecipherable
2021-11-01 18:31:04.612500,PA_Type_Video_Unavailable/Indecipherable
2021-11-01 18:31:10.775000,PA_Type_Video_Unavailable/Indecipherable
2021-11-01 18:31:16.925000,PA_Type_Video_Unavailable/Indecipherable
2021-11-01 18:31:23.075000,PA_Type_Video_Unavailable/Indecipherable
2021-11-01 18:31:29.225000,PA_Type_Video_Unavailable/Indecipherable
2021-11-01 18:31:35.387500,PA_Type_Video_Unavailable/Indecipherable
2021-11-01 18:31:41.537500,PA_Type_Video_Unavailable/Indecipherable
2021-11-01 18:31:47.687500,PA_Type_Video_Unavailable/Indecipherable
2021-11-01 18:31:53.850000,PA_Type_Video_Unavailable/Indecipherable
2021-11-01 18:32:00.000000,PA_Type_Video_Unavailable/Indecipherable
2021-11-01 18:32:06.150000,PA_Type_Video_Unavailable/Indecipherable
2021-11-01 18:32:12.312500,PA_Type_Video_Unavailable/Indecipherable
2021-11-01 18:32:18.462500,PA_Type_Video_Unavailable/Indecipherable
2021-11-01 18:32:24.612500,PA_Type_Video_Unavailable/Indecipherable
2021-11-01 18:32:30.775000,PA_Type_Video_Unavailable/Indecipherable
2021-11-01 18:32:36.925000,PA_Type_Video_Unavailable/Indecipherable
2021-11-01 18:32:43.075000,PA_Type_Video_Unavailable/Indecipherable
2021-11-01 18:32:49.225000,PA_Type_Video_Unavailable/Indecipherable
2021-11-01 18:32:55.387500,PA_Type_Video_Unavailable/Indecipherable
2021-11-01 18:33:01.537500,PA_Type_Video_Unavailable/Indecipherable
2021-11-01 18:33:07.687500,PA_Type_Video_Unavailable/Indecipherable
2021-11-01 18:33:13.850000,PA_Type_Video_Unavailable/Indecipherable
2021-11-01 18:33:20.000000,PA_Type_Video_Unavailable/Indecipherable
2021-11-01 18:33:26.150000,PA_Type_Video_Unavailable/Indecipherable
2021-11-01 18:33:32.312500,PA_Type_Video_Unavailable/Indecipherable
2021-11-01 18:33:38.462500,PA_Type_Video_Unavailable/Indecipherable
2021-11-01 18:33:44.612500,PA_Type_Video_Unavailable/Indecipherable
2021-11-01 18:33:50.775000,PA_Type_Video_Unavailable/Indecipherable
2021-11-01 18:33:56.925000,PA_Type_Video_Unavailable/Indecipherable
2021-11-01 18:34:03.075000,PA_Type_Video_Unavailable/Indecipherable
2021-11-01 18:34:09.225000,PA_Type_Video_Unavailable/Indecipherable
2021-11-01 18:34:15.387500,PA_Type_Video_Unavailable/Indecipherable
2021-11-01 18:34:21.537500,PA_Type_Video_Unavailable/Indecipherable
2021-11-01 18:34:27.687500,PA_Type_Video_Unavailable/Indecipherable
2021-11-01 18:34:33.850000,PA_Type_Video_Unavailable/Indecipherable
2021-11-01 18:34:40.000000,PA_Type_Video_Unavailable/Indecipherable
2021-11-01 18:34:46.150000,PA_Type_Video_Unavailable/Indecipherable
2021-11-01 18:34:52.312500,PA_Type_Video_Unavailable/Indecipherable
2021-11-01 18:34:58.462500,PA_Type_Video_Unavailable/Indecipherable
2021-11-01 18:35:04.612500,PA_Type_Video_Unavailable/Indecipherable
2021-11-01 18:35:10.775000,PA_Type_Video_Unavailable/Indecipherable
2021-11-01 18:35:16.925000,PA_Type_Video_Unavailable/Indecipherable
2021-11-01 18:35:23.075000,PA_Type_Video_Unavailable/Indecipherable
2021-11-01 18:35:29.225000,PA_Type_Video_Unavailable/Indecipherable
2021-11-01 18:35:35.387500,PA_Type_Video_Unavailable/Indecipherable
2021-11-01 18:35:41.537500,PA_Type_Video_Unavailable/Indecipherable
2021-11-01 18:35:47.687500,PA_Type_Video_Unavailable/Indecipherable
2021-11-01 18:35:53.850000,PA_Type_Video_Unavailable/Indecipherable
2021-11-01 18:36:00.000000,PA_Type_Video_Unavailable/Indecipherable
2021-11-01 18:36:06.150000,PA_Type_Video_Unavailable/Indecipherable
2021-11-01 18:36:12.312500,PA_Type_Video_Unavailable/Indecipherable
2021-11-01 18:36:18.462500,PA_Type_Video_Unavailable/Indecipherable
2021-11-01 18:36:24.612500,PA_Type_Video_Unavailable/Indecipherable
2021-11-01 18:36:30.775000,PA_Type_Video_Unavailable/Indecipherable
2021-11-01 18:36:36.925000,PA_Type_Video_Unavailable/Indecipherable
2021-11-01 18:36:43.075000,PA_Type_Video_Unavailable/Indecipherable
2021-11-01 18:36:49.237500,PA_Type_Video_Unavailable/Indecipherable
2021-11-01 18:36:55.387500,PA_Type_Video_Unavailable/Indecipherable
2021-11-01 18:37:01.537500,PA_Type_Video_Unavailable/Indecipherable
2021-11-01 18:37:07.687500,PA_Type_Video_Unavailable/Indecipherable
2021-11-01 18:37:13.850000,PA_Type_Video_Unavailable/Indecipherable
2021-11-01 18:37:20.000000,PA_Type_Video_Unavailable/Indecipherable
2021-11-01 18:37:26.150000,PA_Type_Video_Unavailable/Indecipherable
2021-11-01 18:37:32.312500,PA_Type_Video_Unavailable/Indecipherable
2021-11-01 18:37:38.462500,PA_Type_Video_Unavailable/Indecipherable
2021-11-01 18:37:44.612500,PA_Type_Video_Unavailable/Indecipherable
2021-11-01 18:37:50.775000,PA_Type_Video_Unavailable/Indecipherable
2021-11-01 18:37:56.925000,PA_Type_Video_Unavailable/Indecipherable
2021-11-01 18:38:03.075000,PA_Type_Video_Unavailable/Indecipherable
2021-11-01 18:38:09.237500,PA_Type_Video_Unavailable/Indecipherable
2021-11-01 18:38:15.387500,PA_Type_Video_Unavailable/Indecipherable
2021-11-01 18:38:21.537500,PA_Type_Video_Unavailable/Indecipherable
2021-11-01 18:38:27.687500,PA_Type_Video_Unavailable/Indecipherable
2021-11-01 18:38:33.850000,PA_Type_Video_Unavailable/Indecipherable
2021-11-01 18:38:40.000000,PA_Type_Video_Unavailable/Indecipherable
2021-11-01 18:38:46.150000,PA_Type_Video_Unavailable/Indecipherable
2021-11-01 18:38:52.312500,PA_Type_Video_Unavailable/Indecipherable
2021-11-01 18:38:58.462500,PA_Type_Video_Unavailable/Indecipherable
2021-11-01 18:39:04.612500,PA_Type_Video_Unavailable/Indecipherable
2021-11-01 18:39:10.775000,PA_Type_Video_Unavailable/Indecipherable
2021-11-01 18:39:16.925000,PA_Type_Video_Unavailable/Indecipherable
2021-11-01 18:39:23.075000,PA_Type_Video_Unavailable/Indecipherable
2021-11-01 18:39:29.237500,PA_Type_Video_Unavailable/Indecipherable
2021-11-01 18:39:35.387500,PA_Type_Video_Unavailable/Indecipherable
2021-11-01 18:39:41.537500,PA_Type_Video_Unavailable/Indecipherable
2021-11-01 18:39:47.687500,PA_Type_Video_Unavailable/Indecipherable
2021-11-01 18:39:53.850000,PA_Type_Video_Unavailable/Indecipherable
2021-11-01 18:40:00.000000,PA_Type_Video_Unavailable/Indecipherable
2021-11-01 18:40:06.150000,PA_Type_Video_Unavailable/Indecipherable
2021-11-01 18:40:12.312500,PA_Type_Video_Unavailable/Indecipherable
2021-11-01 18:40:18.462500,PA_Type_Video_Unavailable/Indecipherable
2021-11-01 18:40:24.612500,PA_Type_Video_Unavailable/Indecipherable
2021-11-01 18:40:30.775000,PA_Type_Video_Unavailable/Indecipherable
2021-11-01 18:40:36.925000,PA_Type_Video_Unavailable/Indecipherable
2021-11-01 18:40:43.075000,PA_Type_Video_Unavailable/Indecipherable
2021-11-01 18:40:49.237500,PA_Type_Video_Unavailable/Indecipherable
2021-11-01 18:40:55.387500,PA_Type_Video_Unavailable/Indecipherable
2021-11-01 18:41:01.537500,PA_Type_Video_Unavailable/Indecipherable
2021-11-01 18:41:07.687500,PA_Type_Video_Unavailable/Indecipherable
2021-11-01 18:41:13.850000,PA_Type_Video_Unavailable/Indecipherable
2021-11-01 18:41:20.000000,PA_Type_Video_Unavailable/Indecipherable
2021-11-01 18:41:26.150000,PA_Type_Video_Unavailable/Indecipherable
2021-11-01 18:41:32.312500,PA_Type_Video_Unavailable/Indecipherable
2021-11-01 18:41:38.462500,PA_Type_Video_Unavailable/Indecipherable
2021-11-01 18:41:44.612500,PA_Type_Video_Unavailable/Indecipherable
2021-11-01 18:41:50.775000,PA_Type_Video_Unavailable/Indecipherable
2021-11-01 18:41:56.925000,PA_Type_Video_Unavailable/Indecipherable
2021-11-01 18:42:03.075000,PA_Type_Video_Unavailable/Indecipherable
2021-11-01 18:42:09.237500,PA_Type_Video_Unavailable/Indecipherable
2021-11-01 18:42:15.387500,PA_Type_Video_Unavailable/Indecipherable
2021-11-01 18:42:21.537500,PA_Type_Video_Unavailable/Indecipherable
2021-11-01 18:42:27.687500,PA_Type_Video_Unavailable/Indecipherable
2021-11-01 18:42:33.850000,PA_Type_Video_Unavailable/Indecipherable
2021-11-01 18:42:40.000000,PA_Type_Video_Unavailable/Indecipherable
2021-11-01 18:42:46.150000,PA_Type_Video_Unavailable/Indecipherable
2021-11-01 18:42:52.312500,PA_Type_Video_Unavailable/Indecipherable
2021-11-01 18:42:58.462500,PA_Type_Video_Unavailable/Indecipherable
2021-11-01 18:43:04.612500,PA_Type_Video_Unavailable/Indecipherable
2021-11-01 18:43:10.775000,PA_Type_Video_Unavailable/Indecipherable
2021-11-01 18:43:16.925000,PA_Type_Video_Unavailable/Indecipherable
2021-11-01 18:43:23.075000,PA_Type_Video_Unavailable/Indecipherable
2021-11-01 18:43:29.237500,PA_Type_Video_Unavailable/Indecipherable
2021-11-01 18:43:35.387500,PA_Type_Video_Unavailable/Indecipherable
2021-11-01 18:43:41.537500,PA_Type_Video_Unavailable/Indecipherable
2021-11-01 18:43:47.687500,PA_Type_Video_Unavailable/Indecipherable
2021-11-01 18:43:53.850000,PA_Type_Video_Unavailable/Indecipherable
2021-11-01 18:44:00.000000,PA_Type_Video_Unavailable/Indecipherable
2021-11-01 18:44:06.150000,PA_Type_Video_Unavailable/Indecipherable
2021-11-01 18:44:12.312500,PA_Type_Video_Unavailable/Indecipherable
2021-11-01 18:44:18.462500,PA_Type_Video_Unavailable/Indecipherable
2021-11-01 18:44:24.612500,PA_Type_Video_Unavailable/Indecipherable
2021-11-01 18:44:30.775000,PA_Type_Video_Unavailable/Indecipherable
2021-11-01 18:44:36.925000,PA_Type_Video_Unavailable/Indecipherable
2021-11-01 18:44:43.075000,PA_Type_Video_Unavailable/Indecipherable
2021-11-01 18:44:49.237500,PA_Type_Video_Unavailable/Indecipherable
2021-11-01 18:44:55.387500,PA_Type_Video_Unavailable/Indecipherable
2021-11-01 18:45:01.537500,PA_Type_Video_Unavailable/Indecipherable
2021-11-01 18:45:07.687500,PA_Type_Video_Unavailable/Indecipherable
2021-11-01 18:45:13.850000,PA_Type_Video_Unavailable/Indecipherable
2021-11-01 18:45:20.000000,PA_Type_Video_Unavailable/Indecipherable
2021-11-01 18:45:26.150000,PA_Type_Video_Unavailable/Indecipherable
2021-11-01 18:45:32.312500,PA_Type_Video_Unavailable/Indecipherable
2021-11-01 18:45:38.462500,PA_Type_Video_Unavailable/Indecipherable
2021-11-01 18:45:44.612500,PA_Type_Video_Unavailable/Indecipherable
2021-11-01 18:45:50.775000,PA_Type_Video_Unavailable/Indecipherable
2021-11-01 18:45:56.925000,PA_Type_Video_Unavailable/Indecipherable
2021-11-01 18:46:03.075000,PA_Type_Video_Unavailable/Indecipherable
2021-11-01 18:46:09.237500,PA_Type_Video_Unavailable/Indecipherable
2021-11-01 18:46:15.387500,PA_Type_Video_Unavailable/Indecipherable
2021-11-01 18:46:21.537500,PA_Type_Video_Unavailable/Indecipherable
2021-11-01 18:46:27.687500,PA_Type_Video_Unavailable/Indecipherable
2021-11-01 18:46:33.850000,PA_Type_Video_Unavailable/Indecipherable
2021-11-01 18:46:40.000000,PA_Type_Video_Unavailable/Indecipherable
2021-11-01 18:46:46.150000,PA_Type_Video_Unavailable/Indecipherable
2021-11-01 18:46:52.312500,PA_Type_Video_Unavailable/Indecipherable
2021-11-01 18:46:58.462500,PA_Type_Video_Unavailable/Indecipherable
2021-11-01 18:47:04.612500,PA_Type_Video_Unavailable/Indecipherable
2021-11-01 18:47:10.775000,PA_Type_Video_Unavailable/Indecipherable
2021-11-01 18:47:16.925000,PA_Type_Video_Unavailable/Indecipherable
2021-11-01 18:47:23.075000,PA_Type_Video_Unavailable/Indecipherable
2021-11-01 18:47:29.237500,PA_Type_Video_Unavailable/Indecipherable
2021-11-01 18:47:35.387500,PA_Type_Video_Unavailable/Indecipherable
2021-11-01 18:47:41.537500,PA_Type_Video_Unavailable/Indecipherable
2021-11-01 18:47:47.687500,PA_Type_Video_Unavailable/Indecipherable
2021-11-01 18:47:53.850000,PA_Type_Video_Unavailable/Indecipherable
2021-11-01 18:48:00.000000,PA_Type_Video_Unavailable/Indecipherable
2021-11-01 18:48:06.150000,PA_Type_Video_Unavailable/Indecipherable
2021-11-01 18:48:12.312500,PA_Type_Video_Unavailable/Indecipherable
2021-11-01 18:48:18.462500,PA_Type_Video_Unavailable/Indecipherable
2021-11-01 18:48:24.612500,PA_Type_Video_Unavailable/Indecipherable
2021-11-01 18:48:30.775000,PA_Type_Video_Unavailable/Indecipherable
2021-11-01 18:48:36.925000,PA_Type_Video_Unavailable/Indecipherable
2021-11-01 18:48:43.075000,PA_Type_Video_Unavailable/Indecipherable
2021-11-01 18:48:49.237500,PA_Type_Video_Unavailable/Indecipherable
2021-11-01 18:48:55.387500,PA_Type_Video_Unavailable/Indecipherable
2021-11-01 18:49:01.537500,PA_Type_Video_Unavailable/Indecipherable
2021-11-01 18:49:07.687500,PA_Type_Video_Unavailable/Indecipherable
2021-11-01 18:49:13.850000,PA_Type_Video_Unavailable/Indecipherable
2021-11-01 18:49:20.000000,PA_Type_Video_Unavailable/Indecipherable
2021-11-01 18:49:26.150000,PA_Type_Video_Unavailable/Indecipherable
2021-11-01 18:49:32.312500,PA_Type_Video_Unavailable/Indecipherable
2021-11-01 18:49:38.462500,PA_Type_Video_Unavailable/Indecipherable
2021-11-01 18:49:44.612500,PA_Type_Video_Unavailable/Indecipherable
2021-11-01 18:49:50.775000,PA_Type_Video_Unavailable/Indecipherable
2021-11-01 18:49:56.925000,PA_Type_Video_Unavailable/Indecipherable
2021-11-01 18:50:03.075000,PA_Type_Video_Unavailable/Indecipherable
2021-11-01 18:50:09.237500,PA_Type_Video_Unavailable/Indecipherable
2021-11-01 18:50:15.387500,PA_Type_Video_Unavailable/Indecipherable
2021-11-01 18:50:21.537500,PA_Type_Video_Unavailable/Indecipherable
2021-11-01 18:50:27.687500,PA_Type_Video_Unavailable/Indecipherable
2021-11-01 18:50:33.850000,PA_Type_Video_Unavailable/Indecipherable
2021-11-01 18:50:40.000000,PA_Type_Video_Unavailable/Indecipherable
2021-11-01 18:50:46.150000,PA_Type_Video_Unavailable/Indecipherable
2021-11-01 18:50:52.312500,PA_Type_Video_Unavailable/Indecipherable
2021-11-01 18:50:58.462500,PA_Type_Video_Unavailable/Indecipherable
2021-11-01 18:51:04.612500,PA_Type_Video_Unavailable/Indecipherable
2021-11-01 18:51:10.775000,PA_Type_Video_Unavailable/Indecipherable
2021-11-01 18:51:16.925000,PA_Type_Video_Unavailable/Indecipherable
2021-11-01 18:51:23.075000,PA_Type_Video_Unavailable/Indecipherable
2021-11-01 18:51:29.237500,PA_Type_Video_Unavailable/Indecipherable
2021-11-01 18:51:35.387500,PA_Type_Video_Unavailable/Indecipherable
2021-11-01 18:51:41.537500,PA_Type_Video_Unavailable/Indecipherable
2021-11-01 18:51:47.687500,PA_Type_Video_Unavailable/Indecipherable
2021-11-01 18:51:53.850000,PA_Type_Video_Unavailable/Indecipherable
2021-11-01 18:52:00.000000,PA_Type_Video_Unavailable/Indecipherable
2021-11-01 18:52:06.150000,PA_Type_Video_Unavailable/Indecipherable
2021-11-01 18:52:12.312500,PA_Type_Video_Unavailable/Indecipherable
2021-11-01 18:52:18.462500,PA_Type_Video_Unavailable/Indecipherable
2021-11-01 18:52:24.612500,PA_Type_Video_Unavailable/Indecipherable
2021-11-01 18:52:30.775000,PA_Type_Video_Unavailable/Indecipherable
2021-11-01 18:52:36.925000,PA_Type_Video_Unavailable/Indecipherable
2021-11-01 18:52:43.075000,PA_Type_Video_Unavailable/Indecipherable
2021-11-01 18:52:49.237500,PA_Type_Video_Unavailable/Indecipherable
2021-11-01 18:52:55.387500,PA_Type_Video_Unavailable/Indecipherable
2021-11-01 18:53:01.537500,PA_Type_Video_Unavailable/Indecipherable
2021-11-01 18:53:07.687500,PA_Type_Video_Unavailable/Indecipherable
2021-11-01 18:53:13.850000,PA_Type_Video_Unavailable/Indecipherable
2021-11-01 18:53:20.000000,PA_Type_Video_Unavailable/Indecipherable
2021-11-01 18:53:26.150000,PA_Type_Video_Unavailable/Indecipherable
2021-11-01 18:53:32.312500,PA_Type_Video_Unavailable/Indecipherable
2021-11-01 18:53:38.462500,PA_Type_Video_Unavailable/Indecipherable
2021-11-01 18:53:44.612500,PA_Type_Video_Unavailable/Indecipherable
2021-11-01 18:53:50.775000,PA_Type_Video_Unavailable/Indecipherable
2021-11-01 18:53:56.925000,PA_Type_Video_Unavailable/Indecipherable
2021-11-01 18:54:03.075000,PA_Type_Video_Unavailable/Indecipherable
2021-11-01 18:54:09.237500,PA_Type_Video_Unavailable/Indecipherable
2021-11-01 18:54:15.387500,PA_Type_Video_Unavailable/Indecipherable
2021-11-01 18:54:21.537500,PA_Type_Video_Unavailable/Indecipherable
2021-11-01 18:54:27.687500,PA_Type_Video_Unavailable/Indecipherable
2021-11-01 18:54:33.850000,PA_Type_Video_Unavailable/Indecipherable
2021-11-01 18:54:40.000000,PA_Type_Video_Unavailable/Indecipherable
2021-11-01 18:54:46.150000,PA_Type_Video_Unavailable/Indecipherable
2021-11-01 18:54:52.312500,PA_Type_Video_Unavailable/Indecipherable
2021-11-01 18:54:58.462500,PA_Type_Video_Unavailable/Indecipherable
2021-11-01 18:55:04.612500,PA_Type_Video_Unavailable/Indecipherable
2021-11-01 18:55:10.775000,PA_Type_Video_Unavailable/Indecipherable
2021-11-01 18:55:16.925000,PA_Type_Video_Unavailable/Indecipherable
2021-11-01 18:55:23.075000,PA_Type_Video_Unavailable/Indecipherable
2021-11-01 18:55:29.237500,PA_Type_Video_Unavailable/Indecipherable
2021-11-01 18:55:35.387500,PA_Type_Video_Unavailable/Indecipherable
2021-11-01 18:55:41.537500,PA_Type_Video_Unavailable/Indecipherable
2021-11-01 18:55:47.687500,PA_Type_Video_Unavailable/Indecipherable
2021-11-01 18:55:53.850000,PA_Type_Video_Unavailable/Indecipherable
2021-11-01 18:56:00.000000,PA_Type_Video_Unavailable/Indecipherable
2021-11-01 18:56:06.150000,PA_Type_Video_Unavailable/Indecipherable
2021-11-01 18:56:12.312500,PA_Type_Video_Unavailable/Indecipherable
2021-11-01 18:56:18.462500,PA_Type_Video_Unavailable/Indecipherable
2021-11-01 18:56:24.612500,PA_Type_Video_Unavailable/Indecipherable
2021-11-01 18:56:30.775000,PA_Type_Video_Unavailable/Indecipherable
2021-11-01 18:56:36.925000,PA_Type_Video_Unavailable/Indecipherable
2021-11-01 18:56:43.075000,PA_Type_Video_Unavailable/Indecipherable
2021-11-01 18:56:49.237500,PA_Type_Video_Unavailable/Indecipherable
2021-11-01 18:56:55.387500,PA_Type_Video_Unavailable/Indecipherable
2021-11-01 18:57:01.537500,PA_Type_Video_Unavailable/Indecipherable
2021-11-01 18:57:07.687500,PA_Type_Video_Unavailable/Indecipherable
2021-11-01 18:57:13.850000,PA_Type_Video_Unavailable/Indecipherable
2021-11-01 18:57:20.000000,PA_Type_Video_Unavailable/Indecipherable
2021-11-01 18:57:26.150000,PA_Type_Video_Unavailable/Indecipherable
2021-11-01 18:57:32.312500,PA_Type_Video_Unavailable/Indecipherable
2021-11-01 18:57:38.462500,PA_Type_Video_Unavailable/Indecipherable
2021-11-01 18:57:44.612500,PA_Type_Video_Unavailable/Indecipherable
2021-11-01 18:57:50.775000,PA_Type_Video_Unavailable/Indecipherable
2021-11-01 18:57:56.925000,PA_Type_Video_Unavailable/Indecipherable
2021-11-01 18:58:03.075000,PA_Type_Video_Unavailable/Indecipherable
2021-11-01 18:58:09.237500,PA_Type_Video_Unavailable/Indecipherable
2021-11-01 18:58:15.387500,PA_Type_Video_Unavailable/Indecipherable
2021-11-01 18:58:21.537500,PA_Type_Video_Unavailable/Indecipherable
2021-11-01 18:58:27.687500,PA_Type_Video_Unavailable/Indecipherable
2021-11-01 18:58:33.850000,PA_Type_Video_Unavailable/Indecipherable
2021-11-01 18:58:40.000000,PA_Type_Video_Unavailable/Indecipherable
2021-11-01 18:58:46.150000,PA_Type_Video_Unavailable/Indecipherable
2021-11-01 18:58:52.312500,PA_Type_Video_Unavailable/Indecipherable
2021-11-01 18:58:58.462500,PA_Type_Video_Unavailable/Indecipherable
2021-11-01 18:59:04.612500,PA_Type_Video_Unavailable/Indecipherable
2021-11-01 18:59:10.775000,PA_Type_Video_Unavailable/Indecipherable
2021-11-01 18:59:16.925000,PA_Type_Video_Unavailable/Indecipherable
2021-11-01 18:59:23.075000,PA_Type_Video_Unavailable/Indecipherable
2021-11-01 18:59:29.237500,PA_Type_Video_Unavailable/Indecipherable
2021-11-01 18:59:35.387500,PA_Type_Video_Unavailable/Indecipherable
2021-11-01 18:59:41.537500,PA_Type_Video_Unavailable/Indecipherable
2021-11-01 18:59:47.687500,PA_Type_Video_Unavailable/Indecipherable
2021-11-01 18:59:53.850000,PA_Type_Video_Unavailable/Indecipherable
2021-11-01 19:00:00.000000,PA_Type_Video_Unavailable/Indecipherable
2021-11-01 19:00:06.150000,PA_Type_Video_Unavailable/Indecipherable
2021-11-01 19:00:12.312500,PA_Type_Video_Unavailable/Indecipherable
2021-11-01 19:00:18.462500,PA_Type_Video_Unavailable/Indecipherable
2021-11-01 19:00:24.612500,PA_Type_Video_Unavailable/Indecipherable
2021-11-01 19:00:30.775000,PA_Type_Video_Unavailable/Indecipherable
2021-11-01 19:00:36.925000,PA_Type_Video_Unavailable/Indecipherable
2021-11-01 19:00:43.075000,PA_Type_Video_Unavailable/Indecipherable
2021-11-01 19:00:49.237500,PA_Type_Video_Unavailable/Indecipherable
2021-11-01 19:00:55.387500,PA_Type_Video_Unavailable/Indecipherable
2021-11-01 19:01:01.537500,PA_Type_Video_Unavailable/Indecipherable
2021-11-01 19:01:07.687500,PA_Type_Video_Unavailable/Indecipherable
2021-11-01 19:01:13.850000,PA_Type_Video_Unavailable/Indecipherable
2021-11-01 19:01:20.000000,PA_Type_Video_Unavailable/Indecipherable
2021-11-01 19:01:26.150000,PA_Type_Video_Unavailable/Indecipherable
2021-11-01 19:01:32.312500,PA_Type_Video_Unavailable/Indecipherable
2021-11-01 19:01:38.462500,PA_Type_Video_Unavailable/Indecipherable
2021-11-01 19:01:44.612500,PA_Type_Video_Unavailable/Indecipherable
2021-11-01 19:01:50.775000,PA_Type_Video_Unavailable/Indecipherable
2021-11-01 19:01:56.925000,PA_Type_Video_Unavailable/Indecipherable
2021-11-01 19:02:03.075000,PA_Type_Video_Unavailable/Indecipherable
2021-11-01 19:02:09.237500,PA_Type_Video_Unavailable/Indecipherable
2021-11-01 19:02:15.387500,PA_Type_Video_Unavailable/Indecipherable
2021-11-01 19:02:21.537500,PA_Type_Video_Unavailable/Indecipherable
2021-11-01 19:02:27.687500,PA_Type_Video_Unavailable/Indecipherable
2021-11-01 19:02:33.850000,PA_Type_Video_Unavailable/Indecipherable
2021-11-01 19:02:40.000000,PA_Type_Video_Unavailable/Indecipherable
2021-11-01 19:02:46.150000,PA_Type_Video_Unavailable/Indecipherable
2021-11-01 19:02:52.312500,PA_Type_Video_Unavailable/Indecipherable
2021-11-01 19:02:58.462500,PA_Type_Video_Unavailable/Indecipherable
2021-11-01 19:03:04.612500,PA_Type_Video_Unavailable/Indecipherable
2021-11-01 19:03:10.775000,PA_Type_Video_Unavailable/Indecipherable
2021-11-01 19:03:16.925000,PA_Type_Video_Unavailable/Indecipherable
2021-11-01 19:03:23.075000,PA_Type_Video_Unavailable/Indecipherable
2021-11-01 19:03:29.237500,PA_Type_Video_Unavailable/Indecipherable
2021-11-01 19:03:35.387500,PA_Type_Video_Unavailable/Indecipherable
2021-11-01 19:03:41.537500,PA_Type_Video_Unavailable/Indecipherable
2021-11-01 19:03:47.687500,PA_Type_Video_Unavailable/Indecipherable
2021-11-01 19:03:53.850000,PA_Type_Video_Unavailable/Indecipherable
2021-11-01 19:04:00.000000,PA_Type_Video_Unavailable/Indecipherable
2021-11-01 19:04:06.150000,PA_Type_Video_Unavailable/Indecipherable
2021-11-01 19:04:12.312500,PA_Type_Video_Unavailable/Indecipherable
2021-11-01 19:04:18.462500,PA_Type_Video_Unavailable/Indecipherable
2021-11-01 19:04:24.612500,PA_Type_Video_Unavailable/Indecipherable
2021-11-01 19:04:30.775000,PA_Type_Video_Unavailable/Indecipherable
2021-11-01 19:04:36.925000,PA_Type_Video_Unavailable/Indecipherable
2021-11-01 19:04:43.075000,PA_Type_Video_Unavailable/Indecipherable
2021-11-01 19:04:49.237500,PA_Type_Video_Unavailable/Indecipherable
2021-11-01 19:04:55.387500,PA_Type_Video_Unavailable/Indecipherable
2021-11-01 19:05:01.537500,PA_Type_Video_Unavailable/Indecipherable
2021-11-01 19:05:07.687500,PA_Type_Video_Unavailable/Indecipherable
2021-11-01 19:05:13.850000,PA_Type_Video_Unavailable/Indecipherable
2021-11-01 19:05:20.000000,PA_Type_Video_Unavailable/Indecipherable
2021-11-01 19:05:26.150000,PA_Type_Video_Unavailable/Indecipherable
2021-11-01 19:05:32.312500,PA_Type_Video_Unavailable/Indecipherable
2021-11-01 19:05:38.462500,PA_Type_Video_Unavailable/Indecipherable
2021-11-01 19:05:44.612500,PA_Type_Video_Unavailable/Indecipherable
2021-11-01 19:05:50.775000,PA_Type_Video_Unavailable/Indecipherable
2021-11-01 19:05:56.925000,PA_Type_Video_Unavailable/Indecipherable
2021-11-01 19:06:03.075000,PA_Type_Video_Unavailable/Indecipherable
2021-11-01 19:06:09.237500,PA_Type_Video_Unavailable/Indecipherable
2021-11-01 19:06:15.387500,PA_Type_Video_Unavailable/Indecipherable
2021-11-01 19:06:21.537500,PA_Type_Video_Unavailable/Indecipherable
2021-11-01 19:06:27.687500,PA_Type_Video_Unavailable/Indecipherable
2021-11-01 19:06:33.850000,PA_Type_Video_Unavailable/Indecipherable
2021-11-01 19:06:40.000000,PA_Type_Video_Unavailable/Indecipherable
2021-11-01 19:06:46.150000,PA_Type_Video_Unavailable/Indecipherable
2021-11-01 19:06:52.312500,PA_Type_Video_Unavailable/Indecipherable
2021-11-01 19:06:58.462500,PA_Type_Video_Unavailable/Indecipherable
2021-11-01 19:07:04.612500,PA_Type_Video_Unavailable/Indecipherable
2021-11-01 19:07:10.775000,PA_Type_Video_Unavailable/Indecipherable
2021-11-01 19:07:16.925000,PA_Type_Video_Unavailable/Indecipherable
2021-11-01 19:07:23.075000,PA_Type_Video_Unavailable/Indecipherable
2021-11-01 19:07:29.237500,PA_Type_Video_Unavailable/Indecipherable
2021-11-01 19:07:35.387500,PA_Type_Video_Unavailable/Indecipherable
2021-11-01 19:07:41.537500,PA_Type_Video_Unavailable/Indecipherable
2021-11-01 19:07:47.687500,PA_Type_Video_Unavailable/Indecipherable
2021-11-01 19:07:53.850000,PA_Type_Video_Unavailable/Indecipherable
2021-11-01 19:08:00.000000,PA_Type_Video_Unavailable/Indecipherable
2021-11-01 19:08:06.150000,PA_Type_Video_Unavailable/Indecipherable
2021-11-01 19:08:12.312500,PA_Type_Video_Unavailable/Indecipherable
2021-11-01 19:08:18.462500,PA_Type_Video_Unavailable/Indecipherable
2021-11-01 19:08:24.612500,PA_Type_Video_Unavailable/Indecipherable
2021-11-01 19:08:30.775000,PA_Type_Video_Unavailable/Indecipherable
2021-11-01 19:08:36.925000,PA_Type_Video_Unavailable/Indecipherable
2021-11-01 19:08:43.075000,PA_Type_Video_Unavailable/Indecipherable
2021-11-01 19:08:49.237500,PA_Type_Video_Unavailable/Indecipherable
2021-11-01 19:08:55.387500,PA_Type_Video_Unavailable/Indecipherable
2021-11-01 19:09:01.537500,PA_Type_Video_Unavailable/Indecipherable
2021-11-01 19:09:07.687500,PA_Type_Video_Unavailable/Indecipherable
2021-11-01 19:09:13.850000,PA_Type_Video_Unavailable/Indecipherable
2021-11-01 19:09:20.000000,PA_Type_Video_Unavailable/Indecipherable
2021-11-01 19:09:26.150000,PA_Type_Video_Unavailable/Indecipherable
2021-11-01 19:09:32.312500,PA_Type_Video_Unavailable/Indecipherable
2021-11-01 19:09:38.462500,PA_Type_Video_Unavailable/Indecipherable
2021-11-01 19:09:44.612500,PA_Type_Video_Unavailable/Indecipherable
2021-11-01 19:09:50.775000,PA_Type_Video_Unavailable/Indecipherable
2021-11-01 19:09:56.925000,PA_Type_Video_Unavailable/Indecipherable
2021-11-01 19:10:03.075000,PA_Type_Video_Unavailable/Indecipherable
2021-11-01 19:10:09.237500,PA_Type_Video_Unavailable/Indecipherable
2021-11-01 19:10:15.387500,PA_Type_Video_Unavailable/Indecipherable
2021-11-01 19:10:21.537500,PA_Type_Video_Unavailable/Indecipherable
2021-11-01 19:10:27.687500,PA_Type_Video_Unavailable/Indecipherable
2021-11-01 19:10:33.850000,PA_Type_Video_Unavailable/Indecipherable
2021-11-01 19:10:40.000000,PA_Type_Video_Unavailable/Indecipherable
2021-11-01 19:10:46.150000,PA_Type_Video_Unavailable/Indecipherable
2021-11-01 19:10:52.312500,PA_Type_Video_Unavailable/Indecipherable
2021-11-01 19:10:58.462500,PA_Type_Video_Unavailable/Indecipherable
2021-11-01 19:11:04.612500,PA_Type_Video_Unavailable/Indecipherable
2021-11-01 19:11:10.775000,PA_Type_Video_Unavailable/Indecipherable
2021-11-01 19:11:16.925000,PA_Type_Video_Unavailable/Indecipherable
2021-11-01 19:11:23.075000,PA_Type_Video_Unavailable/Indecipherable
2021-11-01 19:11:29.237500,PA_Type_Video_Unavailable/Indecipherable
2021-11-01 19:11:35.387500,PA_Type_Video_Unavailable/Indecipherable
2021-11-01 19:11:41.537500,PA_Type_Video_Unavailable/Indecipherable
2021-11-01 19:11:47.687500,PA_Type_Video_Unavailable/Indecipherable
2021-11-01 19:11:53.850000,PA_Type_Video_Unavailable/Indecipherable
2021-11-01 19:12:00.000000,PA_Type_Video_Unavailable/Indecipherable
2021-11-01 19:12:06.150000,PA_Type_Video_Unavailable/Indecipherable
2021-11-01 19:12:12.312500,PA_Type_Video_Unavailable/Indecipherable
2021-11-01 19:12:18.462500,PA_Type_Video_Unavailable/Indecipherable
2021-11-01 19:12:24.612500,PA_Type_Video_Unavailable/Indecipherable
2021-11-01 19:12:30.775000,PA_Type_Video_Unavailable/Indecipherable
2021-11-01 19:12:36.925000,PA_Type_Video_Unavailable/Indecipherable
2021-11-01 19:12:43.075000,PA_Type_Video_Unavailable/Indecipherable
2021-11-01 19:12:49.237500,PA_Type_Video_Unavailable/Indecipherable
2021-11-01 19:12:55.387500,PA_Type_Video_Unavailable/Indecipherable
2021-11-01 19:13:01.537500,PA_Type_Video_Unavailable/Indecipherable
2021-11-01 19:13:07.687500,PA_Type_Video_Unavailable/Indecipherable
2021-11-01 19:13:13.850000,PA_Type_Video_Unavailable/Indecipherable
2021-11-01 19:13:20.000000,PA_Type_Video_Unavailable/Indecipherable
2021-11-01 19:13:26.150000,PA_Type_Video_Unavailable/Indecipherable
2021-11-01 19:13:32.312500,PA_Type_Video_Unavailable/Indecipherable
2021-11-01 19:13:38.462500,PA_Type_Video_Unavailable/Indecipherable
2021-11-01 19:13:44.612500,PA_Type_Video_Unavailable/Indecipherable
2021-11-01 19:13:50.775000,PA_Type_Video_Unavailable/Indecipherable
2021-11-01 19:13:56.925000,PA_Type_Video_Unavailable/Indecipherable
2021-11-01 19:14:03.075000,PA_Type_Video_Unavailable/Indecipherable
2021-11-01 19:14:09.237500,PA_Type_Video_Unavailable/Indecipherable
2021-11-01 19:14:15.387500,PA_Type_Video_Unavailable/Indecipherable
2021-11-01 19:14:21.537500,PA_Type_Video_Unavailable/Indecipherable
2021-11-01 19:14:27.687500,PA_Type_Video_Unavailable/Indecipherable
2021-11-01 19:14:33.850000,PA_Type_Video_Unavailable/Indecipherable
2021-11-01 19:14:40.000000,PA_Type_Video_Unavailable/Indecipherable
2021-11-01 19:14:46.150000,PA_Type_Video_Unavailable/Indecipherable
2021-11-01 19:14:52.312500,PA_Type_Video_Unavailable/Indecipherable
2021-11-01 19:14:58.462500,PA_Type_Video_Unavailable/Indecipherable
2021-11-01 19:15:04.612500,PA_Type_Video_Unavailable/Indecipherable
2021-11-01 19:15:10.775000,PA_Type_Video_Unavailable/Indecipherable
2021-11-01 19:15:16.925000,PA_Type_Video_Unavailable/Indecipherable
2021-11-01 19:15:23.075000,PA_Type_Video_Unavailable/Indecipherable
2021-11-01 19:15:29.237500,PA_Type_Video_Unavailable/Indecipherable
2021-11-01 19:15:35.387500,PA_Type_Video_Unavailable/Indecipherable
2021-11-01 19:15:41.537500,PA_Type_Video_Unavailable/Indecipherable
2021-11-01 19:15:47.687500,PA_Type_Video_Unavailable/Indecipherable
2021-11-01 19:15:53.850000,PA_Type_Video_Unavailable/Indecipherable
2021-11-01 19:16:00.000000,PA_Type_Video_Unavailable/Indecipherable
2021-11-01 19:16:06.150000,PA_Type_Video_Unavailable/Indecipherable
2021-11-01 19:16:12.312500,PA_Type_Video_Unavailable/Indecipherable
2021-11-01 19:16:18.462500,PA_Type_Video_Unavailable/Indecipherable
2021-11-01 19:16:24.612500,PA_Type_Video_Unavailable/Indecipherable
2021-11-01 19:16:30.775000,PA_Type_Video_Unavailable/Indecipherable
2021-11-01 19:16:36.925000,PA_Type_Video_Unavailable/Indecipherable
2021-11-01 19:16:43.075000,PA_Type_Video_Unavailable/Indecipherable
2021-11-01 19:16:49.237500,PA_Type_Video_Unavailable/Indecipherable
2021-11-01 19:16:55.387500,PA_Type_Video_Unavailable/Indecipherable
2021-11-01 19:17:01.537500,PA_Type_Video_Unavailable/Indecipherable
2021-11-01 19:17:07.687500,PA_Type_Video_Unavailable/Indecipherable
2021-11-01 19:17:13.850000,PA_Type_Video_Unavailable/Indecipherable
2021-11-01 19:17:20.000000,PA_Type_Video_Unavailable/Indecipherable
2021-11-01 19:17:26.150000,PA_Type_Video_Unavailable/Indecipherable
2021-11-01 19:17:32.312500,PA_Type_Video_Unavailable/Indecipherable
2021-11-01 19:17:38.462500,PA_Type_Video_Unavailable/Indecipherable
2021-11-01 19:17:44.612500,PA_Type_Video_Unavailable/Indecipherable
2021-11-01 19:17:50.775000,PA_Type_Video_Unavailable/Indecipherable
2021-11-01 19:17:56.925000,PA_Type_Video_Unavailable/Indecipherable
2021-11-01 19:18:03.075000,PA_Type_Video_Unavailable/Indecipherable
2021-11-01 19:18:09.237500,PA_Type_Video_Unavailable/Indecipherable
2021-11-01 19:18:15.387500,PA_Type_Video_Unavailable/Indecipherable
2021-11-01 19:18:21.537500,PA_Type_Video_Unavailable/Indecipherable
2021-11-01 19:18:27.687500,PA_Type_Video_Unavailable/Indecipherable
2021-11-01 19:18:33.850000,PA_Type_Video_Unavailable/Indecipherable
2021-11-01 19:18:40.000000,PA_Type_Video_Unavailable/Indecipherable
2021-11-01 19:18:46.150000,PA_Type_Video_Unavailable/Indecipherable
2021-11-01 19:18:52.312500,PA_Type_Video_Unavailable/Indecipherable
2021-11-01 19:18:58.462500,PA_Type_Video_Unavailable/Indecipherable
2021-11-01 19:19:04.612500,PA_Type_Video_Unavailable/Indecipherable
2021-11-01 19:19:10.775000,PA_Type_Video_Unavailable/Indecipherable
2021-11-01 19:19:16.925000,PA_Type_Video_Unavailable/Indecipherable
2021-11-01 19:19:23.075000,PA_Type_Video_Unavailable/Indecipherable
2021-11-01 19:19:29.237500,PA_Type_Video_Unavailable/Indecipherable
2021-11-01 19:19:35.387500,PA_Type_Video_Unavailable/Indecipherable
2021-11-01 19:19:41.537500,PA_Type_Video_Unavailable/Indecipherable
2021-11-01 19:19:47.687500,PA_Type_Video_Unavailable/Indecipherable
2021-11-01 19:19:53.850000,PA_Type_Video_Unavailable/Indecipherable
2021-11-01 19:20:00.000000,PA_Type_Video_Unavailable/Indecipherable
2021-11-01 19:20:06.150000,PA_Type_Video_Unavailable/Indecipherable
2021-11-01 19:20:12.312500,PA_Type_Video_Unavailable/Indecipherable
2021-11-01 19:20:18.462500,PA_Type_Video_Unavailable/Indecipherable
2021-11-01 19:20:24.612500,PA_Type_Video_Unavailable/Indecipherable
2021-11-01 19:20:30.775000,PA_Type_Video_Unavailable/Indecipherable
2021-11-01 19:20:36.925000,PA_Type_Video_Unavailable/Indecipherable
2021-11-01 19:20:43.075000,PA_Type_Video_Unavailable/Indecipherable
2021-11-01 19:20:49.237500,PA_Type_Video_Unavailable/Indecipherable
2021-11-01 19:20:55.387500,PA_Type_Video_Unavailable/Indecipherable
2021-11-01 19:21:01.537500,PA_Type_Video_Unavailable/Indecipherable
2021-11-01 19:21:07.687500,PA_Type_Video_Unavailable/Indecipherable
2021-11-01 19:21:13.850000,PA_Type_Video_Unavailable/Indecipherable
2021-11-01 19:21:20.000000,PA_Type_Video_Unavailable/Indecipherable
2021-11-01 19:21:26.150000,PA_Type_Video_Unavailable/Indecipherable
2021-11-01 19:21:32.312500,PA_Type_Video_Unavailable/Indecipherable
2021-11-01 19:21:38.462500,PA_Type_Video_Unavailable/Indecipherable
2021-11-01 19:21:44.612500,PA_Type_Video_Unavailable/Indecipherable
2021-11-01 19:21:50.775000,PA_Type_Video_Unavailable/Indecipherable
2021-11-01 19:21:56.925000,PA_Type_Video_Unavailable/Indecipherable
2021-11-01 19:22:03.075000,PA_Type_Video_Unavailable/Indecipherable
2021-11-01 19:22:09.237500,PA_Type_Video_Unavailable/Indecipherable
2021-11-01 19:22:15.387500,PA_Type_Video_Unavailable/Indecipherable
2021-11-01 19:22:21.537500,PA_Type_Video_Unavailable/Indecipherable
2021-11-01 19:22:27.687500,PA_Type_Video_Unavailable/Indecipherable
2021-11-01 19:22:33.850000,PA_Type_Video_Unavailable/Indecipherable
2021-11-01 19:22:40.000000,PA_Type_Video_Unavailable/Indecipherable
2021-11-01 19:22:46.150000,PA_Type_Video_Unavailable/Indecipherable
2021-11-01 19:22:52.312500,PA_Type_Video_Unavailable/Indecipherable
2021-11-01 19:22:58.462500,PA_Type_Video_Unavailable/Indecipherable
2021-11-01 19:23:04.612500,PA_Type_Video_Unavailable/Indecipherable
2021-11-01 19:23:10.775000,PA_Type_Video_Unavailable/Indecipherable
2021-11-01 19:23:16.925000,PA_Type_Video_Unavailable/Indecipherable
2021-11-01 19:23:23.075000,PA_Type_Video_Unavailable/Indecipherable
2021-11-01 19:23:29.237500,PA_Type_Video_Unavailable/Indecipherable
2021-11-01 19:23:35.387500,PA_Type_Video_Unavailable/Indecipherable
2021-11-01 19:23:41.537500,PA_Type_Video_Unavailable/Indecipherable
2021-11-01 19:23:47.687500,PA_Type_Video_Unavailable/Indecipherable
2021-11-01 19:23:53.850000,PA_Type_Video_Unavailable/Indecipherable
2021-11-01 19:24:00.000000,PA_Type_Video_Unavailable/Indecipherable
2021-11-01 19:24:06.150000,PA_Type_Video_Unavailable/Indecipherable
2021-11-01 19:24:12.312500,PA_Type_Video_Unavailable/Indecipherable
2021-11-01 19:24:18.462500,PA_Type_Video_Unavailable/Indecipherable
2021-11-01 19:24:24.612500,PA_Type_Video_Unavailable/Indecipherable
2021-11-01 19:24:30.775000,PA_Type_Video_Unavailable/Indecipherable
2021-11-01 19:24:36.925000,PA_Type_Video_Unavailable/Indecipherable
2021-11-01 19:24:43.075000,PA_Type_Video_Unavailable/Indecipherable
2021-11-01 19:24:49.237500,PA_Type_Video_Unavailable/Indecipherable
2021-11-01 19:24:55.387500,PA_Type_Video_Unavailable/Indecipherable
2021-11-01 19:25:01.537500,PA_Type_Video_Unavailable/Indecipherable
2021-11-01 19:25:07.687500,PA_Type_Video_Unavailable/Indecipherable
2021-11-01 19:25:13.850000,PA_Type_Video_Unavailable/Indecipherable
2021-11-01 19:25:20.000000,PA_Type_Video_Unavailable/Indecipherable
2021-11-01 19:25:26.150000,PA_Type_Video_Unavailable/Indecipherable
2021-11-01 19:25:32.312500,PA_Type_Video_Unavailable/Indecipherable
2021-11-01 19:25:38.462500,PA_Type_Video_Unavailable/Indecipherable
2021-11-01 19:25:44.612500,PA_Type_Video_Unavailable/Indecipherable
2021-11-01 19:25:50.775000,PA_Type_Video_Unavailable/Indecipherable
2021-11-01 19:25:56.925000,PA_Type_Video_Unavailable/Indecipherable
2021-11-01 19:26:03.075000,PA_Type_Video_Unavailable/Indecipherable
2021-11-01 19:26:09.237500,PA_Type_Video_Unavailable/Indecipherable
2021-11-01 19:26:15.387500,PA_Type_Video_Unavailable/Indecipherable
2021-11-01 19:26:21.537500,PA_Type_Video_Unavailable/Indecipherable
2021-11-01 19:26:27.687500,PA_Type_Video_Unavailable/Indecipherable
2021-11-01 19:26:33.850000,PA_Type_Video_Unavailable/Indecipherable
2021-11-01 19:26:40.000000,PA_Type_Video_Unavailable/Indecipherable
2021-11-01 19:26:46.150000,PA_Type_Video_Unavailable/Indecipherable
2021-11-01 19:26:52.312500,PA_Type_Video_Unavailable/Indecipherable
2021-11-01 19:26:58.462500,PA_Type_Video_Unavailable/Indecipherable
2021-11-01 19:27:04.612500,PA_Type_Video_Unavailable/Indecipherable
2021-11-01 19:27:10.775000,PA_Type_Video_Unavailable/Indecipherable
2021-11-01 19:27:16.925000,PA_Type_Video_Unavailable/Indecipherable
2021-11-01 19:27:23.075000,PA_Type_Video_Unavailable/Indecipherable
2021-11-01 19:27:29.237500,PA_Type_Video_Unavailable/Indecipherable
2021-11-01 19:27:35.387500,PA_Type_Video_Unavailable/Indecipherable
2021-11-01 19:27:41.537500,PA_Type_Video_Unavailable/Indecipherable
2021-11-01 19:27:47.687500,PA_Type_Video_Unavailable/Indecipherable
2021-11-01 19:27:53.850000,PA_Type_Video_Unavailable/Indecipherable
2021-11-01 19:28:00.000000,PA_Type_Video_Unavailable/Indecipherable
2021-11-01 19:28:06.150000,PA_Type_Video_Unavailable/Indecipherable
2021-11-01 19:28:12.312500,PA_Type_Video_Unavailable/Indecipherable
2021-11-01 19:28:18.462500,PA_Type_Video_Unavailable/Indecipherable
2021-11-01 19:28:24.612500,PA_Type_Video_Unavailable/Indecipherable
2021-11-01 19:28:30.775000,PA_Type_Video_Unavailable/Indecipherable
2021-11-01 19:28:36.925000,PA_Type_Video_Unavailable/Indecipherable
2021-11-01 19:28:43.075000,PA_Type_Video_Unavailable/Indecipherable
2021-11-01 19:28:49.237500,PA_Type_Video_Unavailable/Indecipherable
2021-11-01 19:28:55.387500,PA_Type_Video_Unavailable/Indecipherable
2021-11-01 19:29:01.537500,PA_Type_Video_Unavailable/Indecipherable
2021-11-01 19:29:07.687500,PA_Type_Video_Unavailable/Indecipherable
2021-11-01 19:29:13.850000,PA_Type_Video_Unavailable/Indecipherable
2021-11-01 19:29:20.000000,PA_Type_Video_Unavailable/Indecipherable
2021-11-01 19:29:26.150000,PA_Type_Video_Unavailable/Indecipherable
2021-11-01 19:29:32.312500,PA_Type_Video_Unavailable/Indecipherable
2021-11-01 19:29:38.462500,PA_Type_Video_Unavailable/Indecipherable
2021-11-01 19:29:44.612500,PA_Type_Video_Unavailable/Indecipherable
2021-11-01 19:29:50.775000,PA_Type_Video_Unavailable/Indecipherable
2021-11-01 19:29:56.925000,PA_Type_Video_Unavailable/Indecipherable
2021-11-01 19:30:03.075000,PA_Type_Video_Unavailable/Indecipherable
2021-11-01 19:30:09.237500,PA_Type_Video_Unavailable/Indecipherable
2021-11-01 19:30:15.387500,PA_Type_Video_Unavailable/Indecipherable
2021-11-01 19:30:21.537500,PA_Type_Video_Unavailable/Indecipherable
2021-11-01 19:30:27.687500,PA_Type_Video_Unavailable/Indecipherable
2021-11-01 19:30:33.850000,PA_Type_Video_Unavailable/Indecipherable
2021-11-01 19:30:40.000000,PA_Type_Video_Unavailable/Indecipherable
2021-11-01 19:30:46.150000,PA_Type_Video_Unavailable/Indecipherable
2021-11-01 19:30:52.312500,PA_Type_Video_Unavailable/Indecipherable
2021-11-01 19:30:58.462500,PA_Type_Video_Unavailable/Indecipherable
2021-11-01 19:31:04.612500,PA_Type_Video_Unavailable/Indecipherable
2021-11-01 19:31:10.775000,PA_Type_Video_Unavailable/Indecipherable
2021-11-01 19:31:16.925000,PA_Type_Video_Unavailable/Indecipherable
2021-11-01 19:31:23.075000,PA_Type_Video_Unavailable/Indecipherable
2021-11-01 19:31:29.237500,PA_Type_Video_Unavailable/Indecipherable
2021-11-01 19:31:35.387500,PA_Type_Video_Unavailable/Indecipherable
2021-11-01 19:31:41.537500,PA_Type_Video_Unavailable/Indecipherable
2021-11-01 19:31:47.687500,PA_Type_Video_Unavailable/Indecipherable
2021-11-01 19:31:53.850000,PA_Type_Video_Unavailable/Indecipherable
2021-11-01 19:32:00.000000,PA_Type_Video_Unavailable/Indecipherable
2021-11-01 19:32:06.150000,PA_Type_Video_Unavailable/Indecipherable
2021-11-01 19:32:12.312500,PA_Type_Video_Unavailable/Indecipherable
2021-11-01 19:32:18.462500,PA_Type_Video_Unavailable/Indecipherable
2021-11-01 19:32:24.612500,PA_Type_Video_Unavailable/Indecipherable
2021-11-01 19:32:30.775000,PA_Type_Video_Unavailable/Indecipherable
2021-11-01 19:32:36.925000,PA_Type_Video_Unavailable/Indecipherable
2021-11-01 19:32:43.075000,PA_Type_Video_Unavailable/Indecipherable
2021-11-01 19:32:49.237500,PA_Type_Video_Unavailable/Indecipherable
2021-11-01 19:32:55.387500,PA_Type_Video_Unavailable/Indecipherable
2021-11-01 19:33:01.537500,PA_Type_Video_Unavailable/Indecipherable
2021-11-01 19:33:07.687500,PA_Type_Video_Unavailable/Indecipherable
2021-11-01 19:33:13.850000,PA_Type_Video_Unavailable/Indecipherable
2021-11-01 19:33:20.000000,PA_Type_Video_Unavailable/Indecipherable
2021-11-01 19:33:26.150000,PA_Type_Video_Unavailable/Indecipherable
2021-11-01 19:33:32.312500,PA_Type_Video_Unavailable/Indecipherable
2021-11-01 19:33:38.462500,PA_Type_Video_Unavailable/Indecipherable
2021-11-01 19:33:44.612500,PA_Type_Video_Unavailable/Indecipherable
2021-11-01 19:33:50.775000,PA_Type_Video_Unavailable/Indecipherable
2021-11-01 19:33:56.925000,PA_Type_Video_Unavailable/Indecipherable
2021-11-01 19:34:03.075000,PA_Type_Video_Unavailable/Indecipherable
2021-11-01 19:34:09.237500,PA_Type_Video_Unavailable/Indecipherable
2021-11-01 19:34:15.387500,PA_Type_Video_Unavailable/Indecipherable
2021-11-01 19:34:21.537500,PA_Type_Video_Unavailable/Indecipherable
2021-11-01 19:34:27.687500,PA_Type_Video_Unavailable/Indecipherable
2021-11-01 19:34:33.850000,PA_Type_Video_Unavailable/Indecipherable
2021-11-01 19:34:40.000000,PA_Type_Video_Unavailable/Indecipherable
2021-11-01 19:34:46.150000,PA_Type_Video_Unavailable/Indecipherable
2021-11-01 19:34:52.312500,PA_Type_Video_Unavailable/Indecipherable
2021-11-01 19:34:58.462500,PA_Type_Video_Unavailable/Indecipherable
2021-11-01 19:35:04.612500,PA_Type_Video_Unavailable/Indecipherable
2021-11-01 19:35:10.775000,PA_Type_Video_Unavailable/Indecipherable
2021-11-01 19:35:16.925000,PA_Type_Video_Unavailable/Indecipherable
2021-11-01 19:35:23.075000,PA_Type_Video_Unavailable/Indecipherable
2021-11-01 19:35:29.237500,PA_Type_Video_Unavailable/Indecipherable
2021-11-01 19:35:35.387500,PA_Type_Video_Unavailable/Indecipherable
2021-11-01 19:35:41.537500,PA_Type_Video_Unavailable/Indecipherable
2021-11-01 19:35:47.687500,PA_Type_Video_Unavailable/Indecipherable
2021-11-01 19:35:53.850000,PA_Type_Video_Unavailable/Indecipherable
2021-11-01 19:36:00.000000,PA_Type_Video_Unavailable/Indecipherable
2021-11-01 19:36:06.150000,PA_Type_Video_Unavailable/Indecipherable
2021-11-01 19:36:12.312500,PA_Type_Video_Unavailable/Indecipherable
2021-11-01 19:36:18.462500,PA_Type_Video_Unavailable/Indecipherable
2021-11-01 19:36:24.612500,PA_Type_Video_Unavailable/Indecipherable
2021-11-01 19:36:30.775000,PA_Type_Video_Unavailable/Indecipherable
2021-11-01 19:36:36.925000,PA_Type_Video_Unavailable/Indecipherable
2021-11-01 19:36:43.075000,PA_Type_Video_Unavailable/Indecipherable
2021-11-01 19:36:49.237500,PA_Type_Video_Unavailable/Indecipherable
2021-11-01 19:36:55.387500,PA_Type_Video_Unavailable/Indecipherable
2021-11-01 19:37:01.537500,PA_Type_Video_Unavailable/Indecipherable
2021-11-01 19:37:07.687500,PA_Type_Video_Unavailable/Indecipherable
2021-11-01 19:37:13.850000,PA_Type_Video_Unavailable/Indecipherable
2021-11-01 19:37:20.000000,PA_Type_Video_Unavailable/Indecipherable
2021-11-01 19:37:26.150000,PA_Type_Video_Unavailable/Indecipherable
2021-11-01 19:37:32.312500,PA_Type_Video_Unavailable/Indecipherable
2021-11-01 19:37:38.462500,PA_Type_Video_Unavailable/Indecipherable
2021-11-01 19:37:44.612500,PA_Type_Video_Unavailable/Indecipherable
2021-11-01 19:37:50.775000,PA_Type_Video_Unavailable/Indecipherable
2021-11-01 19:37:56.925000,PA_Type_Video_Unavailable/Indecipherable
2021-11-01 19:38:03.075000,PA_Type_Video_Unavailable/Indecipherable
2021-11-01 19:38:09.237500,PA_Type_Video_Unavailable/Indecipherable
2021-11-01 19:38:15.387500,PA_Type_Video_Unavailable/Indecipherable
2021-11-01 19:38:21.537500,PA_Type_Video_Unavailable/Indecipherable
2021-11-01 19:38:27.687500,PA_Type_Video_Unavailable/Indecipherable
2021-11-01 19:38:33.850000,PA_Type_Video_Unavailable/Indecipherable
2021-11-01 19:38:40.000000,PA_Type_Video_Unavailable/Indecipherable
2021-11-01 19:38:46.150000,PA_Type_Video_Unavailable/Indecipherable
2021-11-01 19:38:52.312500,PA_Type_Video_Unavailable/Indecipherable
2021-11-01 19:38:58.462500,PA_Type_Video_Unavailable/Indecipherable
2021-11-01 19:39:04.612500,PA_Type_Video_Unavailable/Indecipherable
2021-11-01 19:39:10.775000,PA_Type_Video_Unavailable/Indecipherable
2021-11-01 19:39:16.925000,PA_Type_Video_Unavailable/Indecipherable
2021-11-01 19:39:23.075000,PA_Type_Video_Unavailable/Indecipherable
2021-11-01 19:39:29.237500,PA_Type_Video_Unavailable/Indecipherable
2021-11-01 19:39:35.387500,PA_Type_Video_Unavailable/Indecipherable
2021-11-01 19:39:41.537500,PA_Type_Video_Unavailable/Indecipherable
2021-11-01 19:39:47.687500,PA_Type_Video_Unavailable/Indecipherable
2021-11-01 19:39:53.850000,PA_Type_Video_Unavailable/Indecipherable
2021-11-01 19:40:00.000000,PA_Type_Video_Unavailable/Indecipherable
2021-11-01 19:40:06.150000,PA_Type_Video_Unavailable/Indecipherable
2021-11-01 19:40:12.312500,PA_Type_Video_Unavailable/Indecipherable
2021-11-01 19:40:18.462500,PA_Type_Video_Unavailable/Indecipherable
2021-11-01 19:40:24.612500,PA_Type_Video_Unavailable/Indecipherable
2021-11-01 19:40:30.775000,PA_Type_Video_Unavailable/Indecipherable
2021-11-01 19:40:36.925000,PA_Type_Video_Unavailable/Indecipherable
2021-11-01 19:40:43.075000,PA_Type_Video_Unavailable/Indecipherable
2021-11-01 19:40:49.237500,PA_Type_Video_Unavailable/Indecipherable
2021-11-01 19:40:55.387500,PA_Type_Video_Unavailable/Indecipherable
2021-11-01 19:41:01.537500,PA_Type_Video_Unavailable/Indecipherable
2021-11-01 19:41:07.687500,PA_Type_Video_Unavailable/Indecipherable
2021-11-01 19:41:13.850000,PA_Type_Video_Unavailable/Indecipherable
2021-11-01 19:41:20.000000,PA_Type_Video_Unavailable/Indecipherable
2021-11-01 19:41:26.150000,PA_Type_Video_Unavailable/Indecipherable
2021-11-01 19:41:32.312500,
2021-11-01 19:41:38.462500,
2021-11-01 19:41:44.612500,
2021-11-01 19:41:50.775000,Standing_With_Movement
2021-11-01 19:41:56.925000,Standing_With_Movement
2021-11-01 19:42:03.075000,Standing_With_Movement
2021-11-01 19:42:09.237500,Standing_With_Movement
2021-11-01 19:42:15.387500,Standing_With_Movement
2021-11-01 19:42:21.537500,Standing_With_Movement
2021-11-01 19:42:27.687500,Standing_With_Movement
2021-11-01 19:42:33.850000,Standing_With_Movement
2021-11-01 19:42:40.000000,Standing_With_Movement
2021-11-01 19:42:46.150000,Standing_With_Movement
2021-11-01 19:42:52.312500,Standing_With_Movement
2021-11-01 19:42:58.462500,Standing_With_Movement
2021-11-01 19:43:04.612500,Standing_With_Movement
2021-11-01 19:43:10.775000,Standing_With_Movement
2021-11-01 19:43:16.925000,Standing_With_Movement
2021-11-01 19:43:23.075000,Standing_With_Movement
2021-11-01 19:43:29.237500,Standing_With_Movement
2021-11-01 19:43:35.387500,
2021-11-01 19:43:41.537500,
2021-11-01 19:43:47.687500,
2021-11-01 19:43:53.850000,
2021-11-01 19:44:00.000000,
2021-11-01 19:44:06.150000,
2021-11-01 19:44:12.312500,
2021-11-01 19:44:18.462500,
2021-11-01 19:44:24.612500,
2021-11-01 19:44:30.775000,
2021-11-01 19:44:36.925000,
2021-11-01 19:44:43.075000,
2021-11-01 19:44:49.237500,
2021-11-01 19:44:55.387500,
2021-11-01 19:45:01.537500,
2021-11-01 19:45:07.687500,
2021-11-01 19:45:13.850000,
2021-11-01 19:45:20.000000,
2021-11-01 19:45:26.150000,
2021-11-01 19:45:32.312500,
2021-11-01 19:45:38.462500,
2021-11-01 19:45:44.612500,
2021-11-01 19:45:50.775000,
2021-11-01 19:45:56.925000,
2021-11-01 19:46:03.075000,
2021-11-01 19:46:09.237500,
2021-11-01 19:46:15.387500,
2021-11-01 19:46:21.537500,
2021-11-01 19:46:27.687500,
2021-11-01 19:46:33.850000,
2021-11-01 19:46:40.000000,Sitting_With_Movement
2021-11-01 19:46:46.150000,Sitting_With_Movement
2021-11-01 19:46:52.312500,Sitting_With_Movement
2021-11-01 19:46:58.462500,Sitting_With_Movement
2021-11-01 19:47:04.612500,Sitting_With_Movement
2021-11-01 19:47:10.775000,Sitting_With_Movement
2021-11-01 19:47:16.925000,Sitting_With_Movement
2021-11-01 19:47:23.075000,Sitting_With_Movement
2021-11-01 19:47:29.237500,Sitting_With_Movement
2021-11-01 19:47:35.387500,Sitting_With_Movement
2021-11-01 19:47:41.537500,Sitting_With_Movement
2021-11-01 19:47:47.687500,Sitting_With_Movement
2021-11-01 19:47:53.850000,Sitting_With_Movement
2021-11-01 19:48:00.000000,Sitting_With_Movement
2021-11-01 19:48:06.150000,Sitting_With_Movement
2021-11-01 19:48:12.312500,Sitting_With_Movement
2021-11-01 19:48:18.462500,Sitting_With_Movement
2021-11-01 19:48:24.612500,Sitting_With_Movement
2021-11-01 19:48:30.775000,Sitting_With_Movement
2021-11-01 19:48:36.925000,Sitting_With_Movement
2021-11-01 19:48:43.075000,Sitting_With_Movement
2021-11-01 19:48:49.237500,Sitting_With_Movement
2021-11-01 19:48:55.387500,Sitting_With_Movement
2021-11-01 19:49:01.537500,Sitting_With_Movement
2021-11-01 19:49:07.687500,Sitting_With_Movement
2021-11-01 19:49:13.850000,Sitting_With_Movement
2021-11-01 19:49:20.000000,Sitting_With_Movement
2021-11-01 19:49:26.150000,Sitting_With_Movement
2021-11-01 19:49:32.312500,Sitting_With_Movement
2021-11-01 19:49:38.462500,Sitting_With_Movement
2021-11-01 19:49:44.612500,Sitting_With_Movement
2021-11-01 19:49:50.775000,Sitting_With_Movement
2021-11-01 19:49:56.925000,Sitting_With_Movement
2021-11-01 19:50:03.075000,Sitting_With_Movement
2021-11-01 19:50:09.237500,Sitting_With_Movement
2021-11-01 19:50:15.387500,Sitting_With_Movement
2021-11-01 19:50:21.537500,Sitting_With_Movement
2021-11-01 19:50:27.700000,Sitting_With_Movement
2021-11-01 19:50:33.850000,Sitting_With_Movement
2021-11-01 19:50:40.000000,Sitting_With_Movement
2021-11-01 19:50:46.150000,Sitting_With_Movement
2021-11-01 19:50:52.312500,Sitting_With_Movement
2021-11-01 19:50:58.462500,Sitting_With_Movement
2021-11-01 19:51:04.612500,Sitting_With_Movement
2021-11-01 19:51:10.775000,Sitting_With_Movement
2021-11-01 19:51:16.925000,Sitting_With_Movement
2021-11-01 19:51:23.075000,Sitting_With_Movement
2021-11-01 19:51:29.237500,Sitting_With_Movement
2021-11-01 19:51:35.387500,Sitting_With_Movement
2021-11-01 19:51:41.537500,Sitting_With_Movement
2021-11-01 19:51:47.700000,Sitting_With_Movement
2021-11-01 19:51:53.850000,Sitting_With_Movement
2021-11-01 19:52:00.000000,Sitting_With_Movement
2021-11-01 19:52:06.150000,Sitting_With_Movement
2021-11-01 19:52:12.312500,Sitting_With_Movement
2021-11-01 19:52:18.462500,Sitting_With_Movement
2021-11-01 19:52:24.612500,Sitting_With_Movement
2021-11-01 19:52:30.775000,Sitting_With_Movement
2021-11-01 19:52:36.925000,Sitting_With_Movement
2021-11-01 19:52:43.075000,Sitting_With_Movement
2021-11-01 19:52:49.237500,Sitting_With_Movement
2021-11-01 19:52:55.387500,Sitting_With_Movement
2021-11-01 19:53:01.537500,Sitting_With_Movement
2021-11-01 19:53:07.700000,Sitting_With_Movement
2021-11-01 19:53:13.850000,Sitting_With_Movement
2021-11-01 19:53:20.000000,Sitting_With_Movement
2021-11-01 19:53:26.150000,Sitting_With_Movement
2021-11-01 19:53:32.312500,Sitting_With_Movement
2021-11-01 19:53:38.462500,Sitting_With_Movement
2021-11-01 19:53:44.612500,Sitting_With_Movement
2021-11-01 19:53:50.775000,Sitting_With_Movement
2021-11-01 19:53:56.925000,Sitting_With_Movement
2021-11-01 19:54:03.075000,Sitting_With_Movement
2021-11-01 19:54:09.237500,Sitting_With_Movement
2021-11-01 19:54:15.387500,Sitting_With_Movement
2021-11-01 19:54:21.537500,Sitting_With_Movement
2021-11-01 19:54:27.700000,Sitting_With_Movement
2021-11-01 19:54:33.850000,Sitting_With_Movement
2021-11-01 19:54:40.000000,Sitting_With_Movement
2021-11-01 19:54:46.150000,Sitting_With_Movement
2021-11-01 19:54:52.312500,Sitting_With_Movement
2021-11-01 19:54:58.462500,Sitting_With_Movement
2021-11-01 19:55:04.612500,Sitting_With_Movement
2021-11-01 19:55:10.775000,Sitting_With_Movement
2021-11-01 19:55:16.925000,Sitting_With_Movement
2021-11-01 19:55:23.075000,Sitting_With_Movement
2021-11-01 19:55:29.237500,Sitting_With_Movement
2021-11-01 19:55:35.387500,Sitting_With_Movement
2021-11-01 19:55:41.537500,Sitting_With_Movement
2021-11-01 19:55:47.700000,Sitting_With_Movement
2021-11-01 19:55:53.850000,Sitting_With_Movement
2021-11-01 19:56:00.000000,Sitting_With_Movement
2021-11-01 19:56:06.150000,Sitting_With_Movement
2021-11-01 19:56:12.312500,Sitting_With_Movement
2021-11-01 19:56:18.462500,Sitting_With_Movement
2021-11-01 19:56:24.612500,Sitting_With_Movement
2021-11-01 19:56:30.775000,Sitting_With_Movement
2021-11-01 19:56:36.925000,Sitting_With_Movement
2021-11-01 19:56:43.075000,Sitting_With_Movement
2021-11-01 19:56:49.237500,Sitting_With_Movement
2021-11-01 19:56:55.387500,Sitting_With_Movement
2021-11-01 19:57:01.537500,Sitting_With_Movement
2021-11-01 19:57:07.700000,Sitting_With_Movement
2021-11-01 19:57:13.850000,Sitting_With_Movement
2021-11-01 19:57:20.000000,Sitting_With_Movement
2021-11-01 19:57:26.150000,Sitting_With_Movement
2021-11-01 19:57:32.312500,Sitting_With_Movement
2021-11-01 19:57:38.462500,Sitting_With_Movement
2021-11-01 19:57:44.612500,Sitting_With_Movement
2021-11-01 19:57:50.775000,Sitting_With_Movement
2021-11-01 19:57:56.925000,Sitting_With_Movement
2021-11-01 19:58:03.075000,Sitting_With_Movement
2021-11-01 19:58:09.237500,Sitting_With_Movement
2021-11-01 19:58:15.387500,Sitting_With_Movement
2021-11-01 19:58:21.537500,Sitting_With_Movement
2021-11-01 19:58:27.700000,Sitting_With_Movement
2021-11-01 19:58:33.850000,Sitting_With_Movement
2021-11-01 19:58:40.000000,Sitting_With_Movement
2021-11-01 19:58:46.150000,Sitting_With_Movement
2021-11-01 19:58:52.312500,Sitting_With_Movement
2021-11-01 19:58:58.462500,Sitting_With_Movement
2021-11-01 19:59:04.612500,Sitting_With_Movement
2021-11-01 19:59:10.775000,Sitting_With_Movement
2021-11-01 19:59:16.925000,Sitting_With_Movement
2021-11-01 19:59:23.075000,Sitting_With_Movement
2021-11-01 19:59:29.237500,Sitting_With_Movement
2021-11-01 19:59:35.387500,Sitting_With_Movement
2021-11-01 19:59:41.537500,Sitting_With_Movement
2021-11-01 19:59:47.700000,Sitting_With_Movement
2021-11-01 19:59:53.850000,Sitting_With_Movement
2021-11-01 20:00:00.000000,Sitting_With_Movement
2021-11-01 20:00:06.150000,Sitting_With_Movement
2021-11-01 20:00:12.312500,Sitting_With_Movement
2021-11-01 20:00:18.462500,Sitting_With_Movement
2021-11-01 20:00:24.612500,Sitting_With_Movement
2021-11-01 20:00:30.775000,Sitting_With_Movement
2021-11-01 20:00:36.925000,Sitting_With_Movement
2021-11-01 20:00:43.075000,Sitting_With_Movement
2021-11-01 20:00:49.237500,Sitting_With_Movement
2021-11-01 20:00:55.387500,Sitting_With_Movement
2021-11-01 20:01:01.537500,Sitting_With_Movement
2021-11-01 20:01:07.700000,Sitting_With_Movement
2021-11-01 20:01:13.850000,Sitting_With_Movement
2021-11-01 20:01:20.000000,Sitting_With_Movement
2021-11-01 20:01:26.150000,Sitting_With_Movement
2021-11-01 20:01:32.312500,Sitting_With_Movement
2021-11-01 20:01:38.462500,Sitting_With_Movement
2021-11-01 20:01:44.612500,Sitting_With_Movement
2021-11-01 20:01:50.775000,Sitting_With_Movement
2021-11-01 20:01:56.925000,Sitting_With_Movement
2021-11-01 20:02:03.075000,Sitting_With_Movement
2021-11-01 20:02:09.237500,Sitting_With_Movement
2021-11-01 20:02:15.387500,Sitting_With_Movement
2021-11-01 20:02:21.537500,Sitting_With_Movement
2021-11-01 20:02:27.700000,Sitting_With_Movement
2021-11-01 20:02:33.850000,Sitting_With_Movement
2021-11-01 20:02:40.000000,Sitting_With_Movement
2021-11-01 20:02:46.150000,Sitting_With_Movement
2021-11-01 20:02:52.312500,Sitting_With_Movement
2021-11-01 20:02:58.462500,Sitting_With_Movement
2021-11-01 20:03:04.612500,Sitting_With_Movement
2021-11-01 20:03:10.775000,Sitting_With_Movement
2021-11-01 20:03:16.925000,Sitting_With_Movement
2021-11-01 20:03:23.075000,Sitting_With_Movement
2021-11-01 20:03:29.237500,Sitting_With_Movement
2021-11-01 20:03:35.387500,Sitting_With_Movement
2021-11-01 20:03:41.537500,Sitting_With_Movement
2021-11-01 20:03:47.700000,Sitting_With_Movement
2021-11-01 20:03:53.850000,Sitting_With_Movement
2021-11-01 20:04:00.000000,Sitting_With_Movement
2021-11-01 20:04:06.150000,Sitting_With_Movement
2021-11-01 20:04:12.312500,Sitting_With_Movement
2021-11-01 20:04:18.462500,Sitting_With_Movement
2021-11-01 20:04:24.612500,Sitting_With_Movement
2021-11-01 20:04:30.775000,Sitting_With_Movement
2021-11-01 20:04:36.925000,Sitting_With_Movement
2021-11-01 20:04:43.075000,Sitting_With_Movement
2021-11-01 20:04:49.237500,Sitting_With_Movement
2021-11-01 20:04:55.387500,Sitting_With_Movement
2021-11-01 20:05:01.537500,Sitting_With_Movement
2021-11-01 20:05:07.700000,Sitting_With_Movement
2021-11-01 20:05:13.850000,Sitting_With_Movement
2021-11-01 20:05:20.000000,Sitting_With_Movement
2021-11-01 20:05:26.150000,Sitting_With_Movement
2021-11-01 20:05:32.312500,Sitting_With_Movement
2021-11-01 20:05:38.462500,Sitting_With_Movement
2021-11-01 20:05:44.612500,Sitting_With_Movement
2021-11-01 20:05:50.775000,Sitting_With_Movement
2021-11-01 20:05:56.925000,Sitting_With_Movement
2021-11-01 20:06:03.075000,Sitting_With_Movement
2021-11-01 20:06:09.237500,Sitting_With_Movement
2021-11-01 20:06:15.387500,Sitting_With_Movement
2021-11-01 20:06:21.537500,Sitting_With_Movement
2021-11-01 20:06:27.700000,Sitting_With_Movement
2021-11-01 20:06:33.850000,Sitting_With_Movement
2021-11-01 20:06:40.000000,Sitting_With_Movement
2021-11-01 20:06:46.150000,Sitting_With_Movement
2021-11-01 20:06:52.312500,Sitting_With_Movement
2021-11-01 20:06:58.462500,Sitting_With_Movement
2021-11-01 20:07:04.612500,Sitting_With_Movement
2021-11-01 20:07:10.775000,Sitting_With_Movement
2021-11-01 20:07:16.925000,Sitting_With_Movement
2021-11-01 20:07:23.075000,Sitting_With_Movement
2021-11-01 20:07:29.237500,Sitting_With_Movement
2021-11-01 20:07:35.387500,Sitting_With_Movement
2021-11-01 20:07:41.537500,Sitting_With_Movement
2021-11-01 20:07:47.700000,Sitting_With_Movement
2021-11-01 20:07:53.850000,Sitting_With_Movement
2021-11-01 20:08:00.000000,Sitting_With_Movement
2021-11-01 20:08:06.150000,Sitting_With_Movement
2021-11-01 20:08:12.312500,Sitting_With_Movement
2021-11-01 20:08:18.462500,Sitting_With_Movement
2021-11-01 20:08:24.612500,Sitting_With_Movement
2021-11-01 20:08:30.775000,Sitting_With_Movement
2021-11-01 20:08:36.925000,Sitting_With_Movement
2021-11-01 20:08:43.075000,Sitting_With_Movement
2021-11-01 20:08:49.237500,Sitting_With_Movement
2021-11-01 20:08:55.387500,Sitting_With_Movement
2021-11-01 20:09:01.537500,Sitting_With_Movement
2021-11-01 20:09:07.700000,Sitting_With_Movement
2021-11-01 20:09:13.850000,Sitting_With_Movement
2021-11-01 20:09:20.000000,Sitting_With_Movement
2021-11-01 20:09:26.150000,Sitting_With_Movement
2021-11-01 20:09:32.312500,Sitting_With_Movement
2021-11-01 20:09:38.462500,Sitting_With_Movement
2021-11-01 20:09:44.612500,Sitting_With_Movement
2021-11-01 20:09:50.775000,Sitting_With_Movement
2021-11-01 20:09:56.925000,Sitting_With_Movement
2021-11-01 20:10:03.075000,Sitting_With_Movement
2021-11-01 20:10:09.237500,Sitting_With_Movement
2021-11-01 20:10:15.387500,Sitting_With_Movement
2021-11-01 20:10:21.537500,Sitting_With_Movement
2021-11-01 20:10:27.700000,Sitting_With_Movement
2021-11-01 20:10:33.850000,Sitting_With_Movement
2021-11-01 20:10:40.000000,Sitting_With_Movement
2021-11-01 20:10:46.150000,Sitting_With_Movement
2021-11-01 20:10:52.312500,Sitting_With_Movement
2021-11-01 20:10:58.462500,Sitting_With_Movement
2021-11-01 20:11:04.612500,Sitting_With_Movement
2021-11-01 20:11:10.775000,Sitting_With_Movement
2021-11-01 20:11:16.925000,Sitting_With_Movement
2021-11-01 20:11:23.075000,Sitting_With_Movement
2021-11-01 20:11:29.237500,Sitting_With_Movement
2021-11-01 20:11:35.387500,Sitting_With_Movement
2021-11-01 20:11:41.537500,Sitting_With_Movement
2021-11-01 20:11:47.700000,Sitting_With_Movement
2021-11-01 20:11:53.850000,Sitting_With_Movement
2021-11-01 20:12:00.000000,Sitting_With_Movement
2021-11-01 20:12:06.150000,Sitting_With_Movement
2021-11-01 20:12:12.312500,Sitting_With_Movement
2021-11-01 20:12:18.462500,Sitting_With_Movement
2021-11-01 20:12:24.612500,Sitting_With_Movement
2021-11-01 20:12:30.775000,Sitting_With_Movement
2021-11-01 20:12:36.925000,Sitting_With_Movement
2021-11-01 20:12:43.075000,Sitting_With_Movement
2021-11-01 20:12:49.237500,Sitting_With_Movement
2021-11-01 20:12:55.387500,Sitting_With_Movement
2021-11-01 20:13:01.537500,Sitting_With_Movement
2021-11-01 20:13:07.700000,Sitting_With_Movement
2021-11-01 20:13:13.850000,Sitting_With_Movement
2021-11-01 20:13:20.000000,Standing_With_Movement
2021-11-01 20:13:26.150000,Standing_With_Movement
2021-11-01 20:13:32.312500,Standing_With_Movement
2021-11-01 20:13:38.462500,Standing_With_Movement
2021-11-01 20:13:44.612500,Standing_With_Movement
2021-11-01 20:13:50.775000,Standing_With_Movement
2021-11-01 20:13:56.925000,Standing_With_Movement
2021-11-01 20:14:03.075000,Standing_With_Movement
2021-11-01 20:14:09.237500,Standing_With_Movement
2021-11-01 20:14:15.387500,Standing_With_Movement
2021-11-01 20:14:21.537500,Standing_With_Movement
2021-11-01 20:14:27.700000,Standing_With_Movement
2021-11-01 20:14:33.850000,Standing_With_Movement
2021-11-01 20:14:40.000000,Standing_With_Movement
2021-11-01 20:14:46.150000,Standing_With_Movement
2021-11-01 20:14:52.312500,Standing_With_Movement
2021-11-01 20:14:58.462500,Standing_With_Movement
2021-11-01 20:15:04.612500,Standing_With_Movement
2021-11-01 20:15:10.775000,Standing_With_Movement
2021-11-01 20:15:16.925000,Standing_With_Movement
2021-11-01 20:15:23.075000,Standing_With_Movement
2021-11-01 20:15:29.237500,Standing_With_Movement
2021-11-01 20:15:35.387500,Standing_With_Movement
2021-11-01 20:15:41.537500,Standing_With_Movement
2021-11-01 20:15:47.700000,Standing_With_Movement
2021-11-01 20:15:53.850000,Standing_With_Movement
2021-11-01 20:16:00.000000,Sitting_With_Movement
2021-11-01 20:16:06.150000,Sitting_With_Movement
2021-11-01 20:16:12.312500,Sitting_With_Movement
2021-11-01 20:16:18.462500,Sitting_With_Movement
2021-11-01 20:16:24.612500,Sitting_With_Movement
2021-11-01 20:16:30.775000,Sitting_With_Movement
2021-11-01 20:16:36.925000,Sitting_With_Movement
2021-11-01 20:16:43.075000,Sitting_With_Movement
2021-11-01 20:16:49.237500,Sitting_With_Movement
2021-11-01 20:16:55.387500,Sitting_With_Movement
2021-11-01 20:17:01.537500,Sitting_With_Movement
2021-11-01 20:17:07.700000,Sitting_With_Movement
2021-11-01 20:17:13.850000,Sitting_With_Movement
2021-11-01 20:17:20.000000,Sitting_With_Movement
2021-11-01 20:17:26.150000,Sitting_With_Movement
2021-11-01 20:17:32.312500,Sitting_With_Movement
2021-11-01 20:17:38.462500,Sitting_With_Movement
2021-11-01 20:17:44.612500,Sitting_With_Movement
2021-11-01 20:17:50.775000,Sitting_With_Movement
2021-11-01 20:17:56.925000,Sitting_With_Movement
2021-11-01 20:18:03.075000,Sitting_With_Movement
2021-11-01 20:18:09.237500,Sitting_With_Movement
2021-11-01 20:18:15.387500,Sitting_With_Movement
2021-11-01 20:18:21.537500,Sitting_With_Movement
2021-11-01 20:18:27.700000,Sitting_With_Movement
2021-11-01 20:18:33.850000,Sitting_With_Movement
2021-11-01 20:18:40.000000,Sitting_With_Movement
2021-11-01 20:18:46.150000,Sitting_With_Movement
2021-11-01 20:18:52.312500,Sitting_With_Movement
2021-11-01 20:18:58.462500,Sitting_With_Movement
2021-11-01 20:19:04.612500,Sitting_With_Movement
2021-11-01 20:19:10.775000,Sitting_With_Movement
2021-11-01 20:19:16.925000,Sitting_With_Movement
2021-11-01 20:19:23.075000,Sitting_With_Movement
2021-11-01 20:19:29.237500,Sitting_With_Movement
2021-11-01 20:19:35.387500,Sitting_With_Movement
2021-11-01 20:19:41.537500,Sitting_With_Movement
2021-11-01 20:19:47.700000,Sitting_With_Movement
2021-11-01 20:19:53.850000,Sitting_With_Movement
2021-11-01 20:20:00.000000,Sitting_With_Movement
2021-11-01 20:20:06.150000,Sitting_With_Movement
2021-11-01 20:20:12.312500,Sitting_With_Movement
2021-11-01 20:20:18.462500,Sitting_With_Movement
2021-11-01 20:20:24.612500,Sitting_With_Movement
2021-11-01 20:20:30.775000,Sitting_With_Movement
2021-11-01 20:20:36.925000,Sitting_With_Movement
2021-11-01 20:20:43.075000,Sitting_With_Movement
2021-11-01 20:20:49.237500,Sitting_With_Movement
2021-11-01 20:20:55.387500,Sitting_With_Movement
2021-11-01 20:21:01.537500,Sitting_With_Movement
2021-11-01 20:21:07.700000,Sitting_With_Movement
2021-11-01 20:21:13.850000,Sitting_With_Movement
2021-11-01 20:21:20.000000,Sitting_With_Movement
2021-11-01 20:21:26.150000,Sitting_With_Movement
2021-11-01 20:21:32.312500,Sitting_With_Movement
2021-11-01 20:21:38.462500,Sitting_With_Movement
2021-11-01 20:21:44.612500,Sitting_With_Movement
2021-11-01 20:21:50.775000,Sitting_With_Movement
2021-11-01 20:21:56.925000,Sitting_With_Movement
2021-11-01 20:22:03.075000,Sitting_With_Movement
2021-11-01 20:22:09.237500,Sitting_With_Movement
2021-11-01 20:22:15.387500,Sitting_With_Movement
2021-11-01 20:22:21.537500,Standing_With_Movement
2021-11-01 20:22:27.700000,Standing_With_Movement
2021-11-01 20:22:33.850000,Standing_With_Movement
2021-11-01 20:22:40.000000,Standing_With_Movement
2021-11-01 20:22:46.150000,Standing_With_Movement
2021-11-01 20:22:52.312500,Standing_With_Movement
2021-11-01 20:22:58.462500,Standing_With_Movement
2021-11-01 20:23:04.612500,Standing_With_Movement
2021-11-01 20:23:10.775000,Standing_With_Movement
2021-11-01 20:23:16.925000,Standing_With_Movement
2021-11-01 20:23:23.075000,Standing_With_Movement
2021-11-01 20:23:29.237500,Standing_With_Movement
2021-11-01 20:23:35.387500,Standing_With_Movement
2021-11-01 20:23:41.537500,Standing_With_Movement
2021-11-01 20:23:47.700000,Standing_With_Movement
2021-11-01 20:23:53.850000,Standing_With_Movement
2021-11-01 20:24:00.000000,Standing_With_Movement
2021-11-01 20:24:06.150000,Standing_With_Movement
2021-11-01 20:24:12.312500,Standing_With_Movement
2021-11-01 20:24:18.462500,Standing_With_Movement
2021-11-01 20:24:24.612500,Standing_With_Movement
2021-11-01 20:24:30.775000,Standing_With_Movement
2021-11-01 20:24:36.925000,Standing_With_Movement
2021-11-01 20:24:43.075000,Standing_With_Movement
2021-11-01 20:24:49.237500,Standing_With_Movement
2021-11-01 20:24:55.387500,Standing_With_Movement
2021-11-01 20:25:01.537500,Standing_With_Movement
2021-11-01 20:25:07.700000,Standing_With_Movement
2021-11-01 20:25:13.850000,Standing_With_Movement
2021-11-01 20:25:20.000000,Standing_With_Movement
2021-11-01 20:25:26.150000,Standing_With_Movement
2021-11-01 20:25:32.312500,Standing_With_Movement
2021-11-01 20:25:38.462500,Standing_With_Movement
2021-11-01 20:25:44.612500,Standing_With_Movement
2021-11-01 20:25:50.775000,Standing_With_Movement
2021-11-01 20:25:56.925000,Standing_With_Movement
2021-11-01 20:26:03.075000,Standing_With_Movement
2021-11-01 20:26:09.237500,Standing_With_Movement
2021-11-01 20:26:15.387500,Standing_With_Movement
2021-11-01 20:26:21.537500,Standing_With_Movement
2021-11-01 20:26:27.700000,Standing_With_Movement
2021-11-01 20:26:33.850000,Standing_With_Movement
2021-11-01 20:26:40.000000,Standing_With_Movement
2021-11-01 20:26:46.150000,Standing_With_Movement
2021-11-01 20:26:52.312500,Standing_With_Movement
2021-11-01 20:26:58.462500,Standing_With_Movement
2021-11-01 20:27:04.612500,Standing_With_Movement
2021-11-01 20:27:10.775000,Standing_With_Movement
2021-11-01 20:27:16.925000,Standing_With_Movement
2021-11-01 20:27:23.075000,Standing_With_Movement
2021-11-01 20:27:29.237500,Standing_With_Movement
2021-11-01 20:27:35.387500,Standing_With_Movement
2021-11-01 20:27:41.537500,Standing_With_Movement
2021-11-01 20:27:47.700000,Standing_With_Movement
2021-11-01 20:27:53.850000,Standing_With_Movement
2021-11-01 20:28:00.000000,Standing_With_Movement
2021-11-01 20:28:06.150000,Sitting_With_Movement
2021-11-01 20:28:12.312500,Sitting_With_Movement
2021-11-01 20:28:18.462500,Sitting_With_Movement
2021-11-01 20:28:24.612500,Sitting_With_Movement
2021-11-01 20:28:30.775000,Sitting_With_Movement
2021-11-01 20:28:36.925000,
2021-11-01 20:28:43.075000,
2021-11-01 20:28:49.237500,Sitting_With_Movement
2021-11-01 20:28:55.387500,Sitting_With_Movement
2021-11-01 20:29:01.537500,Sitting_With_Movement
2021-11-01 20:29:07.700000,Sitting_With_Movement
2021-11-01 20:29:13.850000,Sitting_With_Movement
2021-11-01 20:29:20.000000,Sitting_With_Movement
2021-11-01 20:29:26.150000,Sitting_With_Movement
2021-11-01 20:29:32.312500,Sitting_With_Movement
2021-11-01 20:29:38.462500,Sitting_With_Movement
2021-11-01 20:29:44.612500,Sitting_With_Movement
2021-11-01 20:29:50.775000,Sitting_With_Movement
2021-11-01 20:29:56.925000,Sitting_With_Movement
2021-11-01 20:30:03.075000,Sitting_With_Movement
2021-11-01 20:30:09.237500,Sitting_With_Movement
2021-11-01 20:30:15.387500,Sitting_With_Movement
2021-11-01 20:30:21.537500,Sitting_With_Movement
2021-11-01 20:30:27.700000,Sitting_With_Movement
2021-11-01 20:30:33.850000,Sitting_With_Movement
2021-11-01 20:30:40.000000,Sitting_With_Movement
2021-11-01 20:30:46.150000,Sitting_With_Movement
2021-11-01 20:30:52.312500,Standing_With_Movement
2021-11-01 20:30:58.462500,Standing_With_Movement
2021-11-01 20:31:04.612500,Standing_With_Movement
2021-11-01 20:31:10.775000,Standing_With_Movement
2021-11-01 20:31:16.925000,Standing_With_Movement
2021-11-01 20:31:23.075000,Standing_With_Movement
2021-11-01 20:31:29.237500,Standing_With_Movement
2021-11-01 20:31:35.387500,Standing_With_Movement
2021-11-01 20:31:41.537500,Standing_With_Movement
2021-11-01 20:31:47.700000,Standing_With_Movement
2021-11-01 20:31:53.850000,Standing_With_Movement
2021-11-01 20:32:00.000000,Standing_With_Movement
2021-11-01 20:32:06.150000,Standing_With_Movement
2021-11-01 20:32:12.312500,Standing_With_Movement
2021-11-01 20:32:18.462500,Standing_With_Movement
2021-11-01 20:32:24.612500,Standing_With_Movement
2021-11-01 20:32:30.775000,Standing_With_Movement
2021-11-01 20:32:36.925000,Standing_With_Movement
2021-11-01 20:32:43.075000,Standing_With_Movement
2021-11-01 20:32:49.237500,Standing_With_Movement
2021-11-01 20:32:55.387500,Standing_With_Movement
2021-11-01 20:33:01.537500,Standing_With_Movement
2021-11-01 20:33:07.700000,Standing_With_Movement
2021-11-01 20:33:13.850000,Standing_With_Movement
2021-11-01 20:33:20.000000,Standing_With_Movement
2021-11-01 20:33:26.150000,Standing_With_Movement
2021-11-01 20:33:32.312500,Standing_With_Movement
2021-11-01 20:33:38.462500,Standing_With_Movement
2021-11-01 20:33:44.612500,Standing_With_Movement
2021-11-01 20:33:50.775000,Sitting_With_Movement
2021-11-01 20:33:56.925000,Sitting_With_Movement
2021-11-01 20:34:03.075000,Sitting_With_Movement
2021-11-01 20:34:09.237500,Sitting_With_Movement
2021-11-01 20:34:15.387500,Sitting_With_Movement
2021-11-01 20:34:21.537500,Sitting_With_Movement
2021-11-01 20:34:27.700000,Sitting_With_Movement
2021-11-01 20:34:33.850000,Sitting_With_Movement
2021-11-01 20:34:40.000000,Sitting_With_Movement
2021-11-01 20:34:46.150000,Sitting_With_Movement
2021-11-01 20:34:52.312500,Sitting_With_Movement
2021-11-01 20:34:58.462500,Sitting_With_Movement
2021-11-01 20:35:04.612500,Sitting_With_Movement
2021-11-01 20:35:10.775000,Sitting_With_Movement
2021-11-01 20:35:16.925000,Sitting_With_Movement
2021-11-01 20:35:23.075000,Sitting_With_Movement
2021-11-01 20:35:29.237500,Sitting_With_Movement
2021-11-01 20:35:35.387500,Sitting_With_Movement
2021-11-01 20:35:41.537500,Sitting_With_Movement
2021-11-01 20:35:47.700000,Sitting_With_Movement
2021-11-01 20:35:53.850000,Sitting_With_Movement
2021-11-01 20:36:00.000000,Sitting_With_Movement
2021-11-01 20:36:06.150000,Sitting_With_Movement
2021-11-01 20:36:12.312500,Sitting_With_Movement
2021-11-01 20:36:18.462500,Sitting_With_Movement
2021-11-01 20:36:24.612500,Sitting_With_Movement
2021-11-01 20:36:30.775000,Sitting_With_Movement
2021-11-01 20:36:36.925000,Sitting_With_Movement
2021-11-01 20:36:43.075000,Sitting_With_Movement
2021-11-01 20:36:49.237500,Sitting_With_Movement
2021-11-01 20:36:55.387500,Sitting_With_Movement
2021-11-01 20:37:01.537500,Sitting_With_Movement
2021-11-01 20:37:07.700000,Sitting_With_Movement
2021-11-01 20:37:13.850000,Sitting_With_Movement
2021-11-01 20:37:20.000000,Sitting_With_Movement
2021-11-01 20:37:26.150000,Sitting_With_Movement
2021-11-01 20:37:32.312500,Sitting_With_Movement
2021-11-01 20:37:38.462500,Sitting_With_Movement
2021-11-01 20:37:44.612500,Sitting_With_Movement
2021-11-01 20:37:50.775000,Sitting_With_Movement
2021-11-01 20:37:56.925000,Sitting_With_Movement
2021-11-01 20:38:03.075000,Sitting_With_Movement
2021-11-01 20:38:09.237500,Sitting_With_Movement
2021-11-01 20:38:15.387500,Sitting_With_Movement
2021-11-01 20:38:21.537500,Sitting_With_Movement
2021-11-01 20:38:27.700000,Sitting_With_Movement
2021-11-01 20:38:33.850000,Sitting_With_Movement
2021-11-01 20:38:40.000000,Sitting_With_Movement
2021-11-01 20:38:46.150000,Sitting_With_Movement
2021-11-01 20:38:52.312500,Sitting_With_Movement
2021-11-01 20:38:58.462500,Sitting_With_Movement
2021-11-01 20:39:04.612500,Sitting_With_Movement
2021-11-01 20:39:10.775000,Sitting_With_Movement
2021-11-01 20:39:16.925000,Sitting_With_Movement
2021-11-01 20:39:23.075000,Sitting_With_Movement
2021-11-01 20:39:29.237500,Sitting_With_Movement
2021-11-01 20:39:35.387500,Sitting_With_Movement
2021-11-01 20:39:41.537500,Sitting_With_Movement
2021-11-01 20:39:47.700000,Sitting_With_Movement
2021-11-01 20:39:53.850000,Sitting_With_Movement
2021-11-01 20:40:00.000000,Sitting_With_Movement
2021-11-01 20:40:06.150000,Sitting_With_Movement
2021-11-01 20:40:12.312500,Sitting_With_Movement
2021-11-01 20:40:18.462500,Sitting_With_Movement
2021-11-01 20:40:24.612500,Sitting_With_Movement
2021-11-01 20:40:30.775000,Sitting_With_Movement
2021-11-01 20:40:36.925000,Sitting_With_Movement
2021-11-01 20:40:43.075000,Sitting_With_Movement
2021-11-01 20:40:49.237500,Sitting_With_Movement
2021-11-01 20:40:55.387500,Sitting_With_Movement
2021-11-01 20:41:01.537500,Sitting_With_Movement
2021-11-01 20:41:07.700000,Sitting_With_Movement
2021-11-01 20:41:13.850000,Sitting_With_Movement
2021-11-01 20:41:20.000000,Sitting_With_Movement
2021-11-01 20:41:26.150000,Sitting_With_Movement
2021-11-01 20:41:32.312500,Sitting_With_Movement
2021-11-01 20:41:38.462500,Sitting_With_Movement
2021-11-01 20:41:44.612500,Sitting_With_Movement
2021-11-01 20:41:50.775000,Sitting_With_Movement
2021-11-01 20:41:56.925000,Sitting_With_Movement
2021-11-01 20:42:03.075000,Sitting_With_Movement
2021-11-01 20:42:09.237500,Sitting_With_Movement
2021-11-01 20:42:15.387500,Sitting_With_Movement
2021-11-01 20:42:21.537500,Sitting_With_Movement
2021-11-01 20:42:27.700000,Sitting_With_Movement
2021-11-01 20:42:33.850000,Sitting_With_Movement
2021-11-01 20:42:40.000000,Sitting_With_Movement
2021-11-01 20:42:46.150000,Sitting_With_Movement
2021-11-01 20:42:52.312500,Sitting_With_Movement
2021-11-01 20:42:58.462500,Sitting_With_Movement
2021-11-01 20:43:04.612500,Sitting_With_Movement
2021-11-01 20:43:10.775000,Sitting_With_Movement
2021-11-01 20:43:16.925000,Sitting_With_Movement
2021-11-01 20:43:23.075000,Sitting_With_Movement
2021-11-01 20:43:29.237500,Sitting_With_Movement
2021-11-01 20:43:35.387500,Sitting_With_Movement
2021-11-01 20:43:41.537500,Sitting_With_Movement
2021-11-01 20:43:47.700000,Sitting_With_Movement
2021-11-01 20:43:53.850000,Sitting_With_Movement
2021-11-01 20:44:00.000000,Sitting_With_Movement
2021-11-01 20:44:06.150000,Sitting_With_Movement
2021-11-01 20:44:12.312500,Sitting_With_Movement
2021-11-01 20:44:18.462500,Sitting_With_Movement
2021-11-01 20:44:24.612500,Sitting_With_Movement
2021-11-01 20:44:30.775000,Sitting_With_Movement
2021-11-01 20:44:36.925000,Sitting_With_Movement
2021-11-01 20:44:43.075000,Sitting_With_Movement
2021-11-01 20:44:49.237500,Sitting_With_Movement
2021-11-01 20:44:55.387500,Sitting_With_Movement
2021-11-01 20:45:01.537500,Sitting_With_Movement
2021-11-01 20:45:07.700000,Sitting_With_Movement
2021-11-01 20:45:13.850000,Sitting_With_Movement
2021-11-01 20:45:20.000000,Sitting_With_Movement
2021-11-01 20:45:26.150000,Sitting_With_Movement
2021-11-01 20:45:32.312500,Sitting_With_Movement
2021-11-01 20:45:38.462500,Sitting_With_Movement
2021-11-01 20:45:44.612500,Sitting_With_Movement
2021-11-01 20:45:50.775000,Sitting_With_Movement
2021-11-01 20:45:56.925000,Sitting_With_Movement
2021-11-01 20:46:03.075000,Sitting_With_Movement
2021-11-01 20:46:09.237500,Sitting_With_Movement
2021-11-01 20:46:15.387500,Sitting_With_Movement
2021-11-01 20:46:21.537500,Sitting_With_Movement
2021-11-01 20:46:27.700000,Sitting_With_Movement
2021-11-01 20:46:33.850000,Sitting_With_Movement
2021-11-01 20:46:40.000000,Sitting_With_Movement
2021-11-01 20:46:46.150000,Sitting_With_Movement
2021-11-01 20:46:52.312500,Sitting_With_Movement
2021-11-01 20:46:58.462500,Sitting_With_Movement
2021-11-01 20:47:04.612500,Sitting_With_Movement
2021-11-01 20:47:10.775000,Sitting_With_Movement
2021-11-01 20:47:16.925000,Sitting_With_Movement
2021-11-01 20:47:23.075000,Sitting_With_Movement
2021-11-01 20:47:29.237500,Sitting_With_Movement
2021-11-01 20:47:35.387500,Sitting_With_Movement
2021-11-01 20:47:41.537500,Sitting_With_Movement
2021-11-01 20:47:47.700000,Sitting_With_Movement
2021-11-01 20:47:53.850000,Sitting_With_Movement
2021-11-01 20:48:00.000000,Sitting_With_Movement
2021-11-01 20:48:06.150000,Sitting_With_Movement
2021-11-01 20:48:12.312500,Sitting_With_Movement
2021-11-01 20:48:18.462500,Sitting_With_Movement
2021-11-01 20:48:24.612500,Sitting_With_Movement
2021-11-01 20:48:30.775000,Sitting_With_Movement
2021-11-01 20:48:36.925000,Sitting_With_Movement
2021-11-01 20:48:43.075000,Sitting_With_Movement
2021-11-01 20:48:49.237500,Sitting_With_Movement
2021-11-01 20:48:55.387500,Sitting_With_Movement
2021-11-01 20:49:01.537500,Sitting_With_Movement
2021-11-01 20:49:07.700000,Sitting_With_Movement
2021-11-01 20:49:13.850000,Sitting_With_Movement
2021-11-01 20:49:20.000000,Sitting_With_Movement
2021-11-01 20:49:26.150000,Sitting_With_Movement
2021-11-01 20:49:32.312500,Sitting_With_Movement
2021-11-01 20:49:38.462500,Sitting_With_Movement
2021-11-01 20:49:44.612500,Sitting_With_Movement
2021-11-01 20:49:50.775000,Sitting_With_Movement
2021-11-01 20:49:56.925000,Sitting_With_Movement
2021-11-01 20:50:03.075000,Sitting_With_Movement
2021-11-01 20:50:09.237500,Sitting_With_Movement
2021-11-01 20:50:15.387500,Sitting_With_Movement
2021-11-01 20:50:21.537500,Sitting_With_Movement
2021-11-01 20:50:27.700000,Sitting_With_Movement
2021-11-01 20:50:33.850000,Sitting_With_Movement
2021-11-01 20:50:40.000000,Sitting_With_Movement
2021-11-01 20:50:46.150000,Sitting_With_Movement
2021-11-01 20:50:52.312500,Sitting_With_Movement
2021-11-01 20:50:58.462500,Sitting_With_Movement
2021-11-01 20:51:04.612500,Sitting_With_Movement
2021-11-01 20:51:10.775000,Sitting_With_Movement
2021-11-01 20:51:16.925000,Sitting_With_Movement
2021-11-01 20:51:23.075000,Sitting_With_Movement
2021-11-01 20:51:29.237500,Sitting_With_Movement
2021-11-01 20:51:35.387500,Sitting_With_Movement
2021-11-01 20:51:41.537500,Sitting_With_Movement
2021-11-01 20:51:47.700000,Sitting_With_Movement
2021-11-01 20:51:53.850000,Sitting_With_Movement
2021-11-01 20:52:00.000000,Sitting_With_Movement
2021-11-01 20:52:06.150000,Sitting_With_Movement
2021-11-01 20:52:12.312500,Sitting_With_Movement
2021-11-01 20:52:18.462500,Sitting_With_Movement
2021-11-01 20:52:24.612500,Sitting_With_Movement
2021-11-01 20:52:30.775000,Sitting_With_Movement
2021-11-01 20:52:36.925000,Sitting_With_Movement
2021-11-01 20:52:43.075000,Sitting_With_Movement
2021-11-01 20:52:49.237500,Sitting_With_Movement
2021-11-01 20:52:55.387500,Sitting_With_Movement
2021-11-01 20:53:01.537500,Sitting_With_Movement
2021-11-01 20:53:07.700000,Sitting_With_Movement
2021-11-01 20:53:13.850000,Sitting_With_Movement
2021-11-01 20:53:20.000000,Sitting_With_Movement
2021-11-01 20:53:26.150000,Sitting_With_Movement
2021-11-01 20:53:32.312500,Sitting_With_Movement
2021-11-01 20:53:38.462500,Sitting_With_Movement
2021-11-01 20:53:44.612500,Sitting_With_Movement
2021-11-01 20:53:50.775000,Sitting_With_Movement
2021-11-01 20:53:56.925000,Sitting_With_Movement
2021-11-01 20:54:03.075000,Sitting_With_Movement
2021-11-01 20:54:09.237500,Sitting_With_Movement
2021-11-01 20:54:15.387500,Sitting_With_Movement
2021-11-01 20:54:21.537500,Sitting_With_Movement
2021-11-01 20:54:27.700000,Sitting_With_Movement
2021-11-01 20:54:33.850000,Sitting_With_Movement
2021-11-01 20:54:40.000000,Sitting_With_Movement
2021-11-01 20:54:46.150000,Sitting_With_Movement
2021-11-01 20:54:52.312500,Sitting_With_Movement
2021-11-01 20:54:58.462500,Sitting_With_Movement
2021-11-01 20:55:04.612500,Sitting_With_Movement
2021-11-01 20:55:10.775000,Sitting_With_Movement
2021-11-01 20:55:16.925000,Sitting_With_Movement
2021-11-01 20:55:23.075000,Sitting_With_Movement
2021-11-01 20:55:29.237500,Sitting_With_Movement
2021-11-01 20:55:35.387500,Sitting_With_Movement
2021-11-01 20:55:41.537500,Sitting_With_Movement
2021-11-01 20:55:47.700000,Sitting_With_Movement
2021-11-01 20:55:53.850000,Sitting_With_Movement
2021-11-01 20:56:00.000000,Sitting_With_Movement
2021-11-01 20:56:06.150000,Sitting_With_Movement
2021-11-01 20:56:12.312500,Sitting_With_Movement
2021-11-01 20:56:18.462500,Sitting_With_Movement
2021-11-01 20:56:24.612500,Sitting_With_Movement
2021-11-01 20:56:30.775000,Sitting_With_Movement
2021-11-01 20:56:36.925000,
2021-11-01 20:56:43.075000,Sitting_With_Movement
2021-11-01 20:56:49.237500,Sitting_With_Movement
2021-11-01 20:56:55.387500,Standing_With_Movement
2021-11-01 20:57:01.537500,Standing_With_Movement
2021-11-01 20:57:07.700000,
2021-11-01 20:57:13.850000,
2021-11-01 20:57:20.000000,
2021-11-01 20:57:26.150000,
2021-11-01 20:57:32.312500,
2021-11-01 20:57:38.462500,
2021-11-01 20:57:44.612500,
2021-11-01 20:57:50.775000,
2021-11-01 20:57:56.925000,
2021-11-01 20:58:03.075000,
2021-11-01 20:58:09.237500,
2021-11-01 20:58:15.387500,
2021-11-01 20:58:21.537500,
2021-11-01 20:58:27.700000,
2021-11-01 20:58:33.850000,
2021-11-01 20:58:40.000000,
2021-11-01 20:58:46.150000,
2021-11-01 20:58:52.312500,
2021-11-01 20:58:58.462500,
2021-11-01 20:59:04.612500,
2021-11-01 20:59:10.775000,
2021-11-01 20:59:16.925000,
2021-11-01 20:59:23.075000,
2021-11-01 20:59:29.237500,
2021-11-01 20:59:35.387500,
2021-11-01 20:59:41.537500,
2021-11-01 20:59:47.700000,
2021-11-01 20:59:53.850000,
2021-11-01 21:00:00.000000,
2021-11-01 21:00:06.150000,
2021-11-01 21:00:12.312500,
2021-11-01 21:00:18.462500,
2021-11-01 21:00:24.612500,
2021-11-01 21:00:30.775000,
2021-11-01 21:00:36.925000,
2021-11-01 21:00:43.075000,
2021-11-01 21:00:49.237500,
2021-11-01 21:00:55.387500,
2021-11-01 21:01:01.537500,
2021-11-01 21:01:07.700000,
2021-11-01 21:01:13.850000,
2021-11-01 21:01:20.000000,
2021-11-01 21:01:26.150000,
2021-11-01 21:01:32.312500,
2021-11-01 21:01:38.462500,
2021-11-01 21:01:44.612500,
2021-11-01 21:01:50.775000,
2021-11-01 21:01:56.925000,
2021-11-01 21:02:03.075000,
2021-11-01 21:02:09.237500,
2021-11-01 21:02:15.387500,
2021-11-01 21:02:21.537500,
2021-11-01 21:02:27.700000,
2021-11-01 21:02:33.850000,
2021-11-01 21:02:40.000000,
2021-11-01 21:02:46.162500,
2021-11-01 21:02:52.312500,
2021-11-01 21:02:58.462500,
2021-11-01 21:03:04.612500,
2021-11-01 21:03:10.775000,
2021-11-01 21:03:16.925000,
2021-11-01 21:03:23.075000,
2021-11-01 21:03:29.237500,
2021-11-01 21:03:35.387500,
2021-11-01 21:03:41.537500,
2021-11-01 21:03:47.700000,
2021-11-01 21:03:53.850000,
2021-11-01 21:04:00.000000,
2021-11-01 21:04:06.162500,
2021-11-01 21:04:12.312500,
2021-11-01 21:04:18.462500,
2021-11-01 21:04:24.612500,
2021-11-01 21:04:30.775000,
2021-11-01 21:04:36.925000,
2021-11-01 21:04:43.075000,
2021-11-01 21:04:49.237500,
2021-11-01 21:04:55.387500,
2021-11-01 21:05:01.537500,
2021-11-01 21:05:07.700000,
2021-11-01 21:05:13.850000,
2021-11-01 21:05:20.000000,
2021-11-01 21:05:26.162500,
2021-11-01 21:05:32.312500,
2021-11-01 21:05:38.462500,
2021-11-01 21:05:44.612500,
2021-11-01 21:05:50.775000,
2021-11-01 21:05:56.925000,
2021-11-01 21:06:03.075000,
2021-11-01 21:06:09.237500,
2021-11-01 21:06:15.387500,
2021-11-01 21:06:21.537500,
2021-11-01 21:06:27.700000,
2021-11-01 21:06:33.850000,
2021-11-01 21:06:40.000000,
2021-11-01 21:06:46.162500,
2021-11-01 21:06:52.312500,
2021-11-01 21:06:58.462500,
2021-11-01 21:07:04.612500,
2021-11-01 21:07:10.775000,
2021-11-01 21:07:16.925000,
2021-11-01 21:07:23.075000,
2021-11-01 21:07:29.237500,Standing_With_Movement
2021-11-01 21:07:35.387500,Standing_With_Movement
2021-11-01 21:07:41.537500,Standing_With_Movement
2021-11-01 21:07:47.700000,Standing_With_Movement
2021-11-01 21:07:53.850000,Standing_With_Movement
2021-11-01 21:08:00.000000,
2021-11-01 21:08:06.162500,Standing_With_Movement
2021-11-01 21:08:12.312500,Standing_With_Movement
2021-11-01 21:08:18.462500,Standing_With_Movement
2021-11-01 21:08:24.612500,Standing_With_Movement
2021-11-01 21:08:30.775000,Standing_With_Movement
2021-11-01 21:08:36.925000,Standing_With_Movement
2021-11-01 21:08:43.075000,Standing_With_Movement
2021-11-01 21:08:49.237500,Standing_With_Movement
2021-11-01 21:08:55.387500,Standing_With_Movement
2021-11-01 21:09:01.537500,Standing_With_Movement
2021-11-01 21:09:07.700000,Standing_With_Movement
2021-11-01 21:09:13.850000,Standing_With_Movement
2021-11-01 21:09:20.000000,Standing_With_Movement
2021-11-01 21:09:26.162500,Standing_With_Movement
2021-11-01 21:09:32.312500,Standing_With_Movement
2021-11-01 21:09:38.462500,Walking
2021-11-01 21:09:44.612500,Walking
2021-11-01 21:09:50.775000,Walking
2021-11-01 21:09:56.925000,Walking
2021-11-01 21:10:03.075000,Standing_With_Movement
2021-11-01 21:10:09.237500,Standing_With_Movement
2021-11-01 21:10:15.387500,Puttering_Around
2021-11-01 21:10:21.537500,Standing_With_Movement
2021-11-01 21:10:27.700000,Standing_With_Movement
2021-11-01 21:10:33.850000,Standing_With_Movement
2021-11-01 21:10:40.000000,Standing_With_Movement
2021-11-01 21:10:46.162500,Walking_Fast
2021-11-01 21:10:52.312500,Walking_Fast
2021-11-01 21:10:58.462500,Walking_Fast
2021-11-01 21:11:04.612500,Walking
2021-11-01 21:11:10.775000,Walking
2021-11-01 21:11:16.925000,Walking
2021-11-01 21:11:23.075000,Walking
2021-11-01 21:11:29.237500,Walking
2021-11-01 21:11:35.387500,Walking
2021-11-01 21:11:41.537500,Walking
2021-11-01 21:11:47.700000,Standing_With_Movement
2021-11-01 21:11:53.850000,
2021-11-01 21:12:00.000000,Sitting_With_Movement
2021-11-01 21:12:06.162500,Sitting_With_Movement
2021-11-01 21:12:12.312500,Sitting_With_Movement
2021-11-01 21:12:18.462500,Sitting_With_Movement
2021-11-01 21:12:24.612500,
2021-11-01 21:12:30.775000,Sitting_With_Movement
2021-11-01 21:12:36.925000,Sitting_With_Movement
2021-11-01 21:12:43.075000,Sitting_With_Movement
2021-11-01 21:12:49.237500,Sitting_With_Movement
2021-11-01 21:12:55.387500,Sitting_With_Movement
2021-11-01 21:13:01.537500,Sitting_With_Movement
2021-11-01 21:13:07.700000,Sitting_With_Movement
2021-11-01 21:13:13.850000,Sitting_With_Movement
2021-11-01 21:13:20.000000,Sitting_With_Movement
2021-11-01 21:13:26.162500,Sitting_With_Movement
2021-11-01 21:13:32.312500,Sitting_With_Movement
2021-11-01 21:13:38.462500,Sitting_With_Movement
2021-11-01 21:13:44.612500,Sitting_With_Movement
2021-11-01 21:13:50.775000,Sitting_With_Movement
2021-11-01 21:13:56.925000,Sitting_With_Movement
2021-11-01 21:14:03.075000,Sitting_With_Movement
2021-11-01 21:14:09.237500,Sitting_With_Movement
2021-11-01 21:14:15.387500,Sitting_With_Movement
2021-11-01 21:14:21.537500,Sitting_With_Movement
2021-11-01 21:14:27.700000,Sitting_With_Movement
2021-11-01 21:14:33.850000,Sitting_With_Movement
2021-11-01 21:14:40.000000,Sitting_With_Movement
2021-11-01 21:14:46.162500,Sitting_With_Movement
2021-11-01 21:14:52.312500,Sitting_With_Movement
2021-11-01 21:14:58.462500,Sitting_With_Movement
2021-11-01 21:15:04.612500,Sitting_With_Movement
2021-11-01 21:15:10.775000,Sitting_With_Movement
2021-11-01 21:15:16.925000,Sitting_With_Movement
2021-11-01 21:15:23.075000,Sitting_With_Movement
2021-11-01 21:15:29.237500,Sitting_With_Movement
2021-11-01 21:15:35.387500,Sitting_With_Movement
2021-11-01 21:15:41.537500,Sitting_With_Movement
2021-11-01 21:15:47.700000,Sitting_With_Movement
2021-11-01 21:15:53.850000,Sitting_With_Movement
2021-11-01 21:16:00.000000,Sitting_With_Movement
2021-11-01 21:16:06.162500,Sitting_With_Movement
2021-11-01 21:16:12.312500,Sitting_With_Movement
2021-11-01 21:16:18.462500,Sitting_With_Movement
2021-11-01 21:16:24.612500,Sitting_With_Movement
2021-11-01 21:16:30.775000,Sitting_With_Movement
2021-11-01 21:16:36.925000,Sitting_With_Movement
2021-11-01 21:16:43.075000,Sitting_With_Movement
2021-11-01 21:16:49.237500,Sitting_With_Movement
2021-11-01 21:16:55.387500,Sitting_With_Movement
2021-11-01 21:17:01.537500,Sitting_With_Movement
2021-11-01 21:17:07.700000,Sitting_With_Movement
2021-11-01 21:17:13.850000,Sitting_With_Movement
2021-11-01 21:17:20.000000,Sitting_With_Movement
2021-11-01 21:17:26.162500,Sitting_With_Movement
2021-11-01 21:17:32.312500,Sitting_With_Movement
2021-11-01 21:17:38.462500,Sitting_With_Movement
2021-11-01 21:17:44.612500,Sitting_With_Movement
2021-11-01 21:17:50.775000,Sitting_With_Movement
2021-11-01 21:17:56.925000,Sitting_With_Movement
2021-11-01 21:18:03.075000,Sitting_With_Movement
2021-11-01 21:18:09.237500,Sitting_With_Movement
2021-11-01 21:18:15.387500,Sitting_With_Movement
2021-11-01 21:18:21.537500,Sitting_With_Movement
2021-11-01 21:18:27.700000,Sitting_With_Movement
2021-11-01 21:18:33.850000,Sitting_With_Movement
2021-11-01 21:18:40.000000,Sitting_With_Movement
2021-11-01 21:18:46.162500,Sitting_With_Movement
2021-11-01 21:18:52.312500,Sitting_With_Movement
2021-11-01 21:18:58.462500,Sitting_With_Movement
2021-11-01 21:19:04.612500,Sitting_With_Movement
2021-11-01 21:19:10.775000,Sitting_With_Movement
2021-11-01 21:19:16.925000,Sitting_With_Movement
2021-11-01 21:19:23.075000,Sitting_With_Movement
2021-11-01 21:19:29.237500,Sitting_With_Movement
2021-11-01 21:19:35.387500,Sitting_With_Movement
2021-11-01 21:19:41.537500,Sitting_With_Movement
2021-11-01 21:19:47.700000,Sitting_With_Movement
2021-11-01 21:19:53.850000,Sitting_With_Movement
2021-11-01 21:20:00.000000,Sitting_With_Movement
2021-11-01 21:20:06.162500,Sitting_With_Movement
2021-11-01 21:20:12.312500,Sitting_With_Movement
2021-11-01 21:20:18.462500,Sitting_With_Movement
2021-11-01 21:20:24.612500,Sitting_With_Movement
2021-11-01 21:20:30.775000,Sitting_With_Movement
2021-11-01 21:20:36.925000,Sitting_With_Movement
2021-11-01 21:20:43.075000,Sitting_With_Movement
2021-11-01 21:20:49.237500,Sitting_With_Movement
2021-11-01 21:20:55.387500,Sitting_With_Movement
2021-11-01 21:21:01.537500,Sitting_With_Movement
2021-11-01 21:21:07.700000,Sitting_With_Movement
2021-11-01 21:21:13.850000,Sitting_With_Movement
2021-11-01 21:21:20.000000,Sitting_With_Movement
2021-11-01 21:21:26.162500,Sitting_With_Movement
2021-11-01 21:21:32.312500,Sitting_With_Movement
2021-11-01 21:21:38.462500,Sitting_With_Movement
2021-11-01 21:21:44.612500,Sitting_With_Movement
2021-11-01 21:21:50.775000,Sitting_With_Movement
2021-11-01 21:21:56.925000,Sitting_With_Movement
2021-11-01 21:22:03.075000,Sitting_With_Movement
2021-11-01 21:22:09.237500,Sitting_With_Movement
2021-11-01 21:22:15.387500,Sitting_With_Movement
2021-11-01 21:22:21.537500,Walking
2021-11-01 21:22:27.700000,Walking
2021-11-01 21:22:33.850000,Walking
2021-11-01 21:22:40.000000,Walking
2021-11-01 21:22:46.162500,Walking
2021-11-01 21:22:52.312500,Walking
2021-11-01 21:22:58.462500,Walking
2021-11-01 21:23:04.612500,Walking
2021-11-01 21:23:10.775000,Standing_With_Movement
2021-11-01 21:23:16.925000,Standing_With_Movement
2021-11-01 21:23:23.075000,Standing_With_Movement
2021-11-01 21:23:29.237500,Walking_Up_Stairs
2021-11-01 21:23:35.387500,
2021-11-01 21:23:41.537500,Standing_With_Movement
2021-11-01 21:23:47.700000,Puttering_Around
2021-11-01 21:23:53.850000,
2021-11-01 21:24:00.000000,Standing_With_Movement
2021-11-01 21:24:06.162500,Standing_With_Movement
2021-11-01 21:24:12.312500,Standing_With_Movement
2021-11-01 21:24:18.462500,Standing_With_Movement
2021-11-01 21:24:24.612500,Puttering_Around
2021-11-01 21:24:30.775000,
2021-11-01 21:24:36.925000,Standing_With_Movement
2021-11-01 21:24:43.075000,Standing_With_Movement
2021-11-01 21:24:49.237500,
2021-11-01 21:24:55.387500,
2021-11-01 21:25:01.537500,
2021-11-01 21:25:07.700000,
2021-11-01 21:25:13.850000,
2021-11-01 21:25:20.000000,Puttering_Around
2021-11-01 21:25:26.162500,Puttering_Around
2021-11-01 21:25:32.312500,Puttering_Around
2021-11-01 21:25:38.462500,
2021-11-01 21:25:44.612500,Puttering_Around
2021-11-01 21:25:50.775000,
2021-11-01 21:25:56.925000,Standing_With_Movement
2021-11-01 21:26:03.075000,Standing_With_Movement
2021-11-01 21:26:09.237500,Standing_With_Movement
2021-11-01 21:26:15.387500,Standing_With_Movement
2021-11-01 21:26:21.537500,Standing_With_Movement
2021-11-01 21:26:27.700000,Standing_With_Movement
2021-11-01 21:26:33.850000,Standing_With_Movement
2021-11-01 21:26:40.000000,Standing_With_Movement
2021-11-01 21:26:46.162500,Standing_With_Movement
2021-11-01 21:26:52.312500,Standing_With_Movement
2021-11-01 21:26:58.462500,Standing_With_Movement
2021-11-01 21:27:04.612500,Standing_With_Movement
2021-11-01 21:27:10.775000,
2021-11-01 21:27:16.925000,Standing_With_Movement
2021-11-01 21:27:23.075000,Standing_With_Movement
2021-11-01 21:27:29.237500,Standing_With_Movement
2021-11-01 21:27:35.387500,
2021-11-01 21:27:41.537500,Standing_With_Movement
2021-11-01 21:27:47.700000,Standing_With_Movement
2021-11-01 21:27:53.850000,Standing_With_Movement
2021-11-01 21:28:00.000000,Standing_With_Movement
2021-11-01 21:28:06.162500,Standing_With_Movement
2021-11-01 21:28:12.312500,Standing_With_Movement
2021-11-01 21:28:18.462500,Standing_With_Movement
2021-11-01 21:28:24.612500,Standing_With_Movement
2021-11-01 21:28:30.775000,Puttering_Around
2021-11-01 21:28:36.925000,
2021-11-01 21:28:43.075000,Standing_With_Movement
2021-11-01 21:28:49.237500,Standing_With_Movement
2021-11-01 21:28:55.387500,Standing_With_Movement
2021-11-01 21:29:01.537500,Standing_With_Movement
2021-11-01 21:29:07.700000,Standing_With_Movement
2021-11-01 21:29:13.850000,Standing_With_Movement
2021-11-01 21:29:20.000000,
2021-11-01 21:29:26.162500,Standing_With_Movement
2021-11-01 21:29:32.312500,Standing_With_Movement
2021-11-01 21:29:38.462500,Standing_With_Movement
2021-11-01 21:29:44.612500,Standing_With_Movement
2021-11-01 21:29:50.775000,Standing_With_Movement
2021-11-01 21:29:56.925000,Standing_With_Movement
2021-11-01 21:30:03.075000,Standing_With_Movement
2021-11-01 21:30:09.237500,Standing_With_Movement
2021-11-01 21:30:15.387500,Standing_With_Movement
2021-11-01 21:30:21.537500,Standing_With_Movement
2021-11-01 21:30:27.700000,Standing_With_Movement
2021-11-01 21:30:33.850000,Standing_With_Movement
2021-11-01 21:30:40.000000,Standing_With_Movement
2021-11-01 21:30:46.162500,Standing_With_Movement
2021-11-01 21:30:52.312500,Standing_With_Movement
2021-11-01 21:30:58.462500,Standing_With_Movement
2021-11-01 21:31:04.612500,Standing_With_Movement
2021-11-01 21:31:10.775000,Standing_With_Movement
2021-11-01 21:31:16.925000,Standing_With_Movement
2021-11-01 21:31:23.075000,Standing_With_Movement
2021-11-01 21:31:29.237500,Standing_With_Movement
2021-11-01 21:31:35.387500,Standing_With_Movement
2021-11-01 21:31:41.537500,Standing_With_Movement
2021-11-01 21:31:47.700000,Standing_With_Movement
2021-11-01 21:31:53.850000,Standing_With_Movement
2021-11-01 21:32:00.000000,Standing_With_Movement
2021-11-01 21:32:06.162500,Standing_With_Movement
2021-11-01 21:32:12.312500,Standing_With_Movement
2021-11-01 21:32:18.462500,Standing_With_Movement
2021-11-01 21:32:24.612500,Standing_With_Movement
2021-11-01 21:32:30.775000,Standing_With_Movement
2021-11-01 21:32:36.925000,Standing_With_Movement
2021-11-01 21:32:43.075000,Puttering_Around
2021-11-01 21:32:49.237500,Puttering_Around
2021-11-01 21:32:55.387500,Puttering_Around
2021-11-01 21:33:01.537500,Puttering_Around
2021-11-01 21:33:07.700000,Puttering_Around
2021-11-01 21:33:13.850000,Puttering_Around
2021-11-01 21:33:20.000000,Puttering_Around
2021-11-01 21:33:26.162500,Puttering_Around
2021-11-01 21:33:32.312500,Puttering_Around
2021-11-01 21:33:38.462500,Puttering_Around
2021-11-01 21:33:44.612500,Puttering_Around
2021-11-01 21:33:50.775000,Standing_With_Movement
2021-11-01 21:33:56.925000,Standing_With_Movement
2021-11-01 21:34:03.075000,Standing_With_Movement
2021-11-01 21:34:09.237500,
2021-11-01 21:34:15.387500,Puttering_Around
2021-11-01 21:34:21.537500,Puttering_Around
2021-11-01 21:34:27.700000,Standing_With_Movement
2021-11-01 21:34:33.850000,Standing_With_Movement
2021-11-01 21:34:40.000000,Standing_With_Movement
2021-11-01 21:34:46.162500,Standing_With_Movement
2021-11-01 21:34:52.312500,Standing_With_Movement
2021-11-01 21:34:58.462500,Standing_With_Movement
2021-11-01 21:35:04.612500,Standing_With_Movement
2021-11-01 21:35:10.775000,Standing_With_Movement
2021-11-01 21:35:16.925000,Puttering_Around
2021-11-01 21:35:23.075000,Puttering_Around
2021-11-01 21:35:29.237500,Puttering_Around
2021-11-01 21:35:35.387500,Puttering_Around
2021-11-01 21:35:41.537500,Puttering_Around
2021-11-01 21:35:47.700000,Puttering_Around
2021-11-01 21:35:53.850000,Standing_With_Movement
2021-11-01 21:36:00.000000,Standing_With_Movement
2021-11-01 21:36:06.162500,Standing_With_Movement
2021-11-01 21:36:12.312500,Standing_With_Movement
2021-11-01 21:36:18.462500,Standing_With_Movement
2021-11-01 21:36:24.612500,Standing_With_Movement
2021-11-01 21:36:30.775000,Standing_With_Movement
2021-11-01 21:36:36.925000,Standing_With_Movement
2021-11-01 21:36:43.075000,Standing_With_Movement
2021-11-01 21:36:49.237500,Standing_With_Movement
2021-11-01 21:36:55.387500,Standing_With_Movement
2021-11-01 21:37:01.537500,Standing_With_Movement
2021-11-01 21:37:07.700000,Standing_With_Movement
2021-11-01 21:37:13.850000,Puttering_Around
2021-11-01 21:37:20.000000,Puttering_Around
2021-11-01 21:37:26.162500,Puttering_Around
2021-11-01 21:37:32.312500,Puttering_Around
2021-11-01 21:37:38.462500,Puttering_Around
2021-11-01 21:37:44.612500,Puttering_Around
2021-11-01 21:37:50.775000,Puttering_Around
2021-11-01 21:37:56.925000,Puttering_Around
2021-11-01 21:38:03.075000,Puttering_Around
2021-11-01 21:38:09.237500,Puttering_Around
2021-11-01 21:38:15.387500,
2021-11-01 21:38:21.537500,Puttering_Around
2021-11-01 21:38:27.700000,Puttering_Around
2021-11-01 21:38:33.850000,Puttering_Around
2021-11-01 21:38:40.000000,Puttering_Around
2021-11-01 21:38:46.162500,Puttering_Around
2021-11-01 21:38:52.312500,Puttering_Around
2021-11-01 21:38:58.462500,Puttering_Around
2021-11-01 21:39:04.612500,Standing_With_Movement
2021-11-01 21:39:10.775000,Standing_With_Movement
2021-11-01 21:39:16.925000,Standing_With_Movement
2021-11-01 21:39:23.075000,Standing_With_Movement
2021-11-01 21:39:29.237500,
2021-11-01 21:39:35.387500,Puttering_Around
2021-11-01 21:39:41.537500,Puttering_Around
2021-11-01 21:39:47.700000,Puttering_Around
2021-11-01 21:39:53.850000,Puttering_Around
2021-11-01 21:40:00.000000,Puttering_Around
2021-11-01 21:40:06.162500,
2021-11-01 21:40:12.312500,
2021-11-01 21:40:18.462500,
2021-11-01 21:40:24.612500,
2021-11-01 21:40:30.775000,
2021-11-01 21:40:36.925000,
2021-11-01 21:40:43.075000,
2021-11-01 21:40:49.237500,
2021-11-01 21:40:55.387500,
2021-11-01 21:41:01.537500,
2021-11-01 21:41:07.700000,
2021-11-01 21:41:13.850000,Standing_With_Movement
2021-11-01 21:41:20.000000,Sitting_With_Movement
2021-11-01 21:41:26.162500,Sitting_With_Movement
2021-11-01 21:41:32.312500,Walking
2021-11-01 21:41:38.462500,Walking
2021-11-01 21:41:44.612500,Standing_With_Movement
2021-11-01 21:41:50.775000,Standing_With_Movement
2021-11-01 21:41:56.925000,Standing_With_Movement
2021-11-01 21:42:03.075000,Walking
2021-11-01 21:42:09.237500,Walking
2021-11-01 21:42:15.387500,Sitting_With_Movement
2021-11-01 21:42:21.537500,Sitting_With_Movement
2021-11-01 21:42:27.700000,Sitting_With_Movement
2021-11-01 21:42:33.850000,Sitting_With_Movement
2021-11-01 21:42:40.000000,Sitting_With_Movement
2021-11-01 21:42:46.162500,Sitting_With_Movement
2021-11-01 21:42:52.312500,Sitting_With_Movement
2021-11-01 21:42:58.462500,Sitting_With_Movement
2021-11-01 21:43:04.612500,Sitting_With_Movement
2021-11-01 21:43:10.775000,Sitting_With_Movement
2021-11-01 21:43:16.925000,Sitting_With_Movement
2021-11-01 21:43:23.075000,Sitting_With_Movement
2021-11-01 21:43:29.237500,Sitting_With_Movement
2021-11-01 21:43:35.387500,Sitting_With_Movement
2021-11-01 21:43:41.537500,Sitting_With_Movement
2021-11-01 21:43:47.700000,Sitting_With_Movement
2021-11-01 21:43:53.850000,Sitting_With_Movement
2021-11-01 21:44:00.000000,Sitting_With_Movement
2021-11-01 21:44:06.162500,Sitting_With_Movement
2021-11-01 21:44:12.312500,Sitting_With_Movement
2021-11-01 21:44:18.462500,Sitting_With_Movement
2021-11-01 21:44:24.612500,Sitting_With_Movement
2021-11-01 21:44:30.775000,Sitting_With_Movement
2021-11-01 21:44:36.925000,Sitting_With_Movement
2021-11-01 21:44:43.075000,Sitting_With_Movement
2021-11-01 21:44:49.237500,Sitting_With_Movement
2021-11-01 21:44:55.387500,Sitting_With_Movement
2021-11-01 21:45:01.537500,Sitting_With_Movement
2021-11-01 21:45:07.700000,Sitting_With_Movement
2021-11-01 21:45:13.850000,Sitting_With_Movement
2021-11-01 21:45:20.000000,Sitting_With_Movement
2021-11-01 21:45:26.162500,Sitting_With_Movement
2021-11-01 21:45:32.312500,Sitting_With_Movement
2021-11-01 21:45:38.462500,Sitting_With_Movement
2021-11-01 21:45:44.612500,Sitting_With_Movement
2021-11-01 21:45:50.775000,Sitting_With_Movement
2021-11-01 21:45:56.925000,Sitting_With_Movement
2021-11-01 21:46:03.075000,Sitting_With_Movement
2021-11-01 21:46:09.237500,Sitting_With_Movement
2021-11-01 21:46:15.387500,Sitting_With_Movement
2021-11-01 21:46:21.537500,Sitting_With_Movement
2021-11-01 21:46:27.700000,Sitting_With_Movement
2021-11-01 21:46:33.850000,Sitting_With_Movement
2021-11-01 21:46:40.000000,Sitting_With_Movement
2021-11-01 21:46:46.162500,Sitting_With_Movement
2021-11-01 21:46:52.312500,Sitting_With_Movement
2021-11-01 21:46:58.462500,Sitting_With_Movement
2021-11-01 21:47:04.612500,Sitting_With_Movement
2021-11-01 21:47:10.775000,Sitting_With_Movement
2021-11-01 21:47:16.925000,Sitting_With_Movement
2021-11-01 21:47:23.075000,Sitting_With_Movement
2021-11-01 21:47:29.237500,Sitting_With_Movement
2021-11-01 21:47:35.387500,Sitting_With_Movement
2021-11-01 21:47:41.537500,Sitting_With_Movement
2021-11-01 21:47:47.700000,Sitting_With_Movement
2021-11-01 21:47:53.850000,Sitting_With_Movement
2021-11-01 21:48:00.000000,Sitting_With_Movement
2021-11-01 21:48:06.162500,Sitting_With_Movement
2021-11-01 21:48:12.312500,Sitting_With_Movement
2021-11-01 21:48:18.462500,Sitting_With_Movement
2021-11-01 21:48:24.612500,Sitting_With_Movement
2021-11-01 21:48:30.775000,Sitting_With_Movement
2021-11-01 21:48:36.925000,Sitting_With_Movement
2021-11-01 21:48:43.075000,Sitting_With_Movement
2021-11-01 21:48:49.237500,Sitting_With_Movement
2021-11-01 21:48:55.387500,Sitting_With_Movement
2021-11-01 21:49:01.537500,Sitting_With_Movement
2021-11-01 21:49:07.700000,Sitting_With_Movement
2021-11-01 21:49:13.850000,Sitting_With_Movement
2021-11-01 21:49:20.000000,Sitting_With_Movement
2021-11-01 21:49:26.162500,Sitting_With_Movement
2021-11-01 21:49:32.312500,Sitting_With_Movement
2021-11-01 21:49:38.462500,Sitting_With_Movement
2021-11-01 21:49:44.612500,Sitting_With_Movement
2021-11-01 21:49:50.775000,Sitting_With_Movement
2021-11-01 21:49:56.925000,Sitting_With_Movement
2021-11-01 21:50:03.075000,Sitting_With_Movement
2021-11-01 21:50:09.237500,Sitting_With_Movement
2021-11-01 21:50:15.387500,Sitting_With_Movement
2021-11-01 21:50:21.537500,Sitting_With_Movement
2021-11-01 21:50:27.700000,Sitting_With_Movement
2021-11-01 21:50:33.850000,Sitting_With_Movement
2021-11-01 21:50:40.000000,Sitting_With_Movement
2021-11-01 21:50:46.162500,Sitting_With_Movement
2021-11-01 21:50:52.312500,Sitting_With_Movement
2021-11-01 21:50:58.462500,Sitting_With_Movement
2021-11-01 21:51:04.612500,Sitting_With_Movement
2021-11-01 21:51:10.775000,Sitting_With_Movement
2021-11-01 21:51:16.925000,Sitting_With_Movement
2021-11-01 21:51:23.075000,Sitting_With_Movement
2021-11-01 21:51:29.237500,Sitting_With_Movement
2021-11-01 21:51:35.387500,Sitting_With_Movement
2021-11-01 21:51:41.537500,Sitting_With_Movement
2021-11-01 21:51:47.700000,Sitting_With_Movement
2021-11-01 21:51:53.850000,Sitting_With_Movement
2021-11-01 21:52:00.000000,Sitting_With_Movement
2021-11-01 21:52:06.162500,Sitting_With_Movement
2021-11-01 21:52:12.312500,Sitting_With_Movement
2021-11-01 21:52:18.462500,Sitting_With_Movement
2021-11-01 21:52:24.612500,Sitting_With_Movement
2021-11-01 21:52:30.775000,Sitting_With_Movement
2021-11-01 21:52:36.925000,Sitting_With_Movement
2021-11-01 21:52:43.075000,Sitting_With_Movement
2021-11-01 21:52:49.237500,Sitting_With_Movement
2021-11-01 21:52:55.387500,Sitting_With_Movement
2021-11-01 21:53:01.537500,Sitting_With_Movement
2021-11-01 21:53:07.700000,Sitting_With_Movement
2021-11-01 21:53:13.850000,Sitting_With_Movement
2021-11-01 21:53:20.000000,Sitting_With_Movement
2021-11-01 21:53:26.162500,Sitting_With_Movement
2021-11-01 21:53:32.312500,Sitting_With_Movement
2021-11-01 21:53:38.462500,Sitting_With_Movement
2021-11-01 21:53:44.612500,Sitting_With_Movement
2021-11-01 21:53:50.775000,Sitting_With_Movement
2021-11-01 21:53:56.925000,Sitting_With_Movement
2021-11-01 21:54:03.075000,Sitting_With_Movement
2021-11-01 21:54:09.237500,Sitting_With_Movement
2021-11-01 21:54:15.387500,Sitting_With_Movement
2021-11-01 21:54:21.537500,Sitting_With_Movement
2021-11-01 21:54:27.700000,Sitting_With_Movement
2021-11-01 21:54:33.850000,Sitting_With_Movement
2021-11-01 21:54:40.000000,Sitting_With_Movement
2021-11-01 21:54:46.162500,Sitting_With_Movement
2021-11-01 21:54:52.312500,Sitting_With_Movement
2021-11-01 21:54:58.462500,Sitting_With_Movement
2021-11-01 21:55:04.612500,Sitting_With_Movement
2021-11-01 21:55:10.775000,Sitting_With_Movement
2021-11-01 21:55:16.925000,Sitting_With_Movement
2021-11-01 21:55:23.075000,Sitting_With_Movement
2021-11-01 21:55:29.237500,Sitting_With_Movement
2021-11-01 21:55:35.387500,Sitting_With_Movement
2021-11-01 21:55:41.537500,Sitting_With_Movement
2021-11-01 21:55:47.700000,Sitting_With_Movement
2021-11-01 21:55:53.850000,Sitting_With_Movement
2021-11-01 21:56:00.000000,Sitting_With_Movement
2021-11-01 21:56:06.162500,Sitting_With_Movement
2021-11-01 21:56:12.312500,Sitting_With_Movement
2021-11-01 21:56:18.462500,Sitting_With_Movement
2021-11-01 21:56:24.612500,Sitting_With_Movement
2021-11-01 21:56:30.775000,Sitting_With_Movement
2021-11-01 21:56:36.925000,Sitting_With_Movement
2021-11-01 21:56:43.075000,Sitting_With_Movement
2021-11-01 21:56:49.237500,Sitting_With_Movement
2021-11-01 21:56:55.387500,Sitting_With_Movement
2021-11-01 21:57:01.537500,Sitting_With_Movement
2021-11-01 21:57:07.700000,Sitting_With_Movement
2021-11-01 21:57:13.850000,Sitting_With_Movement
2021-11-01 21:57:20.000000,Sitting_With_Movement
2021-11-01 21:57:26.162500,Sitting_With_Movement
2021-11-01 21:57:32.312500,Sitting_With_Movement
2021-11-01 21:57:38.462500,Sitting_With_Movement
2021-11-01 21:57:44.612500,Sitting_With_Movement
2021-11-01 21:57:50.775000,Sitting_With_Movement
2021-11-01 21:57:56.925000,Sitting_With_Movement
2021-11-01 21:58:03.075000,Sitting_With_Movement
2021-11-01 21:58:09.237500,Sitting_With_Movement
2021-11-01 21:58:15.387500,Sitting_With_Movement
2021-11-01 21:58:21.537500,Sitting_With_Movement
2021-11-01 21:58:27.700000,Sitting_With_Movement
2021-11-01 21:58:33.850000,Sitting_With_Movement
2021-11-01 21:58:40.000000,Sitting_With_Movement
2021-11-01 21:58:46.162500,Sitting_With_Movement
2021-11-01 21:58:52.312500,Sitting_With_Movement
2021-11-01 21:58:58.462500,Sitting_With_Movement
2021-11-01 21:59:04.612500,Sitting_With_Movement
2021-11-01 21:59:10.775000,Sitting_With_Movement
2021-11-01 21:59:16.925000,Sitting_With_Movement
2021-11-01 21:59:23.075000,Sitting_With_Movement
2021-11-01 21:59:29.237500,
2021-11-01 21:59:35.387500,Sitting_With_Movement
2021-11-01 21:59:41.537500,Sitting_With_Movement
2021-11-01 21:59:47.700000,Sitting_With_Movement
2021-11-01 21:59:53.850000,Sitting_With_Movement
2021-11-01 22:00:00.000000,Sitting_With_Movement
2021-11-01 22:00:06.162500,Sitting_With_Movement
2021-11-01 22:00:12.312500,Sitting_With_Movement
2021-11-01 22:00:18.462500,Sitting_With_Movement
2021-11-01 22:00:24.612500,Sitting_With_Movement
2021-11-01 22:00:30.775000,Sitting_With_Movement
2021-11-01 22:00:36.925000,Sitting_With_Movement
2021-11-01 22:00:43.075000,Sitting_With_Movement
2021-11-01 22:00:49.237500,Sitting_With_Movement
2021-11-01 22:00:55.387500,Sitting_With_Movement
2021-11-01 22:01:01.537500,Sitting_With_Movement
2021-11-01 22:01:07.700000,Sitting_With_Movement
2021-11-01 22:01:13.850000,Sitting_With_Movement
2021-11-01 22:01:20.000000,Sitting_With_Movement
2021-11-01 22:01:26.162500,Sitting_With_Movement
2021-11-01 22:01:32.312500,Sitting_With_Movement
2021-11-01 22:01:38.462500,Sitting_With_Movement
2021-11-01 22:01:44.612500,Sitting_With_Movement
2021-11-01 22:01:50.775000,Sitting_With_Movement
2021-11-01 22:01:56.925000,Sitting_With_Movement
2021-11-01 22:02:03.075000,Sitting_With_Movement
2021-11-01 22:02:09.237500,Sitting_With_Movement
2021-11-01 22:02:15.387500,Sitting_With_Movement
2021-11-01 22:02:21.537500,Sitting_With_Movement
2021-11-01 22:02:27.700000,Sitting_With_Movement
2021-11-01 22:02:33.850000,Sitting_With_Movement
2021-11-01 22:02:40.000000,Sitting_With_Movement
2021-11-01 22:02:46.162500,Sitting_With_Movement
2021-11-01 22:02:52.312500,Sitting_With_Movement
2021-11-01 22:02:58.462500,Sitting_With_Movement
2021-11-01 22:03:04.612500,Sitting_With_Movement
2021-11-01 22:03:10.775000,Sitting_With_Movement
2021-11-01 22:03:16.925000,Sitting_With_Movement
2021-11-01 22:03:23.075000,Sitting_With_Movement
2021-11-01 22:03:29.237500,Sitting_With_Movement
2021-11-01 22:03:35.387500,Sitting_With_Movement
2021-11-01 22:03:41.537500,Sitting_With_Movement
2021-11-01 22:03:47.700000,Sitting_With_Movement
2021-11-01 22:03:53.850000,Sitting_With_Movement
2021-11-01 22:04:00.000000,Sitting_With_Movement
2021-11-01 22:04:06.162500,Sitting_With_Movement
2021-11-01 22:04:12.312500,Sitting_With_Movement
2021-11-01 22:04:18.462500,Sitting_With_Movement
2021-11-01 22:04:24.612500,Sitting_With_Movement
2021-11-01 22:04:30.775000,Sitting_With_Movement
2021-11-01 22:04:36.925000,Sitting_With_Movement
2021-11-01 22:04:43.075000,Sitting_With_Movement
2021-11-01 22:04:49.237500,Sitting_With_Movement
2021-11-01 22:04:55.387500,Sitting_With_Movement
2021-11-01 22:05:01.537500,Sitting_With_Movement
2021-11-01 22:05:07.700000,Sitting_With_Movement
2021-11-01 22:05:13.850000,Sitting_With_Movement
2021-11-01 22:05:20.000000,Sitting_With_Movement
2021-11-01 22:05:26.162500,Sitting_With_Movement
2021-11-01 22:05:32.312500,Sitting_With_Movement
2021-11-01 22:05:38.462500,Sitting_With_Movement
2021-11-01 22:05:44.612500,Sitting_With_Movement
2021-11-01 22:05:50.775000,Sitting_With_Movement
2021-11-01 22:05:56.925000,Sitting_With_Movement
2021-11-01 22:06:03.075000,Sitting_With_Movement
2021-11-01 22:06:09.237500,Sitting_With_Movement
2021-11-01 22:06:15.387500,Sitting_With_Movement
2021-11-01 22:06:21.537500,Sitting_With_Movement
2021-11-01 22:06:27.700000,Sitting_With_Movement
2021-11-01 22:06:33.850000,Sitting_With_Movement
2021-11-01 22:06:40.000000,Sitting_With_Movement
2021-11-01 22:06:46.162500,PA_Type_Video_Unavailable/Indecipherable
2021-11-01 22:06:52.312500,Sitting_With_Movement
2021-11-01 22:06:58.462500,Sitting_With_Movement
2021-11-01 22:07:04.612500,Sitting_With_Movement
2021-11-01 22:07:10.775000,Sitting_With_Movement
2021-11-01 22:07:16.925000,Sitting_With_Movement
2021-11-01 22:07:23.075000,Sitting_With_Movement
2021-11-01 22:07:29.237500,Sitting_With_Movement
2021-11-01 22:07:35.387500,Sitting_With_Movement
2021-11-01 22:07:41.537500,Sitting_With_Movement
2021-11-01 22:07:47.700000,Sitting_With_Movement
2021-11-01 22:07:53.850000,Sitting_With_Movement
2021-11-01 22:08:00.000000,Sitting_With_Movement
2021-11-01 22:08:06.162500,Sitting_With_Movement
2021-11-01 22:08:12.312500,Sitting_With_Movement
2021-11-01 22:08:18.462500,Sitting_With_Movement
2021-11-01 22:08:24.612500,Sitting_With_Movement
2021-11-01 22:08:30.775000,Sitting_With_Movement
2021-11-01 22:08:36.925000,Sitting_With_Movement
2021-11-01 22:08:43.075000,Sitting_With_Movement
2021-11-01 22:08:49.237500,Sitting_With_Movement
2021-11-01 22:08:55.387500,Sitting_With_Movement
2021-11-01 22:09:01.537500,Sitting_With_Movement
2021-11-01 22:09:07.700000,Sitting_With_Movement
2021-11-01 22:09:13.850000,Sitting_With_Movement
2021-11-01 22:09:20.000000,Sitting_With_Movement
2021-11-01 22:09:26.162500,Sitting_With_Movement
2021-11-01 22:09:32.312500,Sitting_With_Movement
2021-11-01 22:09:38.462500,Sitting_With_Movement
2021-11-01 22:09:44.612500,Sitting_With_Movement
2021-11-01 22:09:50.775000,Sitting_With_Movement
2021-11-01 22:09:56.925000,Sitting_With_Movement
2021-11-01 22:10:03.075000,Sitting_With_Movement
2021-11-01 22:10:09.237500,Sitting_With_Movement
2021-11-01 22:10:15.387500,Sitting_With_Movement
2021-11-01 22:10:21.537500,Sitting_With_Movement
2021-11-01 22:10:27.700000,Sitting_With_Movement
2021-11-01 22:10:33.850000,Sitting_With_Movement
2021-11-01 22:10:40.000000,Sitting_With_Movement
2021-11-01 22:10:46.162500,Sitting_With_Movement
2021-11-01 22:10:52.312500,Sitting_With_Movement
2021-11-01 22:10:58.462500,Sitting_With_Movement
2021-11-01 22:11:04.612500,Sitting_With_Movement
2021-11-01 22:11:10.775000,Sitting_With_Movement
2021-11-01 22:11:16.925000,Sitting_With_Movement
2021-11-01 22:11:23.075000,Sitting_With_Movement
2021-11-01 22:11:29.237500,Sitting_With_Movement
2021-11-01 22:11:35.387500,Sitting_With_Movement
2021-11-01 22:11:41.537500,Sitting_With_Movement
2021-11-01 22:11:47.700000,Sitting_With_Movement
2021-11-01 22:11:53.850000,Sitting_With_Movement
2021-11-01 22:12:00.000000,Sitting_With_Movement
2021-11-01 22:12:06.162500,Sitting_With_Movement
2021-11-01 22:12:12.312500,Sitting_With_Movement
2021-11-01 22:12:18.462500,Sitting_With_Movement
2021-11-01 22:12:24.612500,Sitting_With_Movement
2021-11-01 22:12:30.775000,Sitting_With_Movement
2021-11-01 22:12:36.925000,Sitting_With_Movement
2021-11-01 22:12:43.075000,Sitting_With_Movement
2021-11-01 22:12:49.237500,Sitting_With_Movement
2021-11-01 22:12:55.387500,Sitting_With_Movement
2021-11-01 22:13:01.537500,Sitting_With_Movement
2021-11-01 22:13:07.700000,Sitting_With_Movement
2021-11-01 22:13:13.850000,Sitting_With_Movement
2021-11-01 22:13:20.000000,Sitting_With_Movement
2021-11-01 22:13:26.162500,Sitting_With_Movement
2021-11-01 22:13:32.312500,Sitting_With_Movement
2021-11-01 22:13:38.462500,Sitting_With_Movement
2021-11-01 22:13:44.612500,Sitting_With_Movement
2021-11-01 22:13:50.775000,Sitting_With_Movement
2021-11-01 22:13:56.925000,Sitting_With_Movement
2021-11-01 22:14:03.075000,Sitting_With_Movement
2021-11-01 22:14:09.237500,Sitting_With_Movement
2021-11-01 22:14:15.387500,Sitting_With_Movement
2021-11-01 22:14:21.537500,Sitting_With_Movement
2021-11-01 22:14:27.700000,Sitting_With_Movement
2021-11-01 22:14:33.850000,Sitting_With_Movement
2021-11-01 22:14:40.000000,Sitting_With_Movement
2021-11-01 22:14:46.162500,Sitting_With_Movement
2021-11-01 22:14:52.312500,Sitting_With_Movement
2021-11-01 22:14:58.462500,Sitting_With_Movement
2021-11-01 22:15:04.612500,Sitting_With_Movement
2021-11-01 22:15:10.775000,Sitting_With_Movement
2021-11-01 22:15:16.925000,Sitting_With_Movement
2021-11-01 22:15:23.075000,Sitting_With_Movement
2021-11-01 22:15:29.237500,Sitting_With_Movement
2021-11-01 22:15:35.387500,Sitting_With_Movement
2021-11-01 22:15:41.537500,Sitting_With_Movement
2021-11-01 22:15:47.700000,Sitting_With_Movement
2021-11-01 22:15:53.850000,Sitting_With_Movement
2021-11-01 22:16:00.000000,Sitting_With_Movement
2021-11-01 22:16:06.162500,Sitting_With_Movement
2021-11-01 22:16:12.312500,Sitting_With_Movement
2021-11-01 22:16:18.462500,Sitting_With_Movement
2021-11-01 22:16:24.625000,Sitting_With_Movement
2021-11-01 22:16:30.775000,Sitting_With_Movement
2021-11-01 22:16:36.925000,Sitting_With_Movement
2021-11-01 22:16:43.075000,Sitting_With_Movement
2021-11-01 22:16:49.237500,Sitting_With_Movement
2021-11-01 22:16:55.387500,Sitting_With_Movement
2021-11-01 22:17:01.537500,Sitting_With_Movement
2021-11-01 22:17:07.700000,Sitting_With_Movement
2021-11-01 22:17:13.850000,Sitting_With_Movement
2021-11-01 22:17:20.000000,Sitting_With_Movement
2021-11-01 22:17:26.162500,Sitting_With_Movement
2021-11-01 22:17:32.312500,Sitting_With_Movement
2021-11-01 22:17:38.462500,Sitting_With_Movement
2021-11-01 22:17:44.625000,Sitting_With_Movement
2021-11-01 22:17:50.775000,Sitting_With_Movement
2021-11-01 22:17:56.925000,Sitting_With_Movement
2021-11-01 22:18:03.075000,Sitting_With_Movement
2021-11-01 22:18:09.237500,Sitting_With_Movement
2021-11-01 22:18:15.387500,Sitting_With_Movement
2021-11-01 22:18:21.537500,Sitting_With_Movement
2021-11-01 22:18:27.700000,Sitting_With_Movement
2021-11-01 22:18:33.850000,Sitting_With_Movement
2021-11-01 22:18:40.000000,Sitting_With_Movement
2021-11-01 22:18:46.162500,Sitting_With_Movement
2021-11-01 22:18:52.312500,Sitting_With_Movement
2021-11-01 22:18:58.462500,Sitting_With_Movement
2021-11-01 22:19:04.625000,Sitting_With_Movement
2021-11-01 22:19:10.775000,Sitting_With_Movement
2021-11-01 22:19:16.925000,Sitting_With_Movement
2021-11-01 22:19:23.075000,Sitting_With_Movement
2021-11-01 22:19:29.237500,Sitting_With_Movement
2021-11-01 22:19:35.387500,Sitting_With_Movement
2021-11-01 22:19:41.537500,Sitting_With_Movement
2021-11-01 22:19:47.700000,Sitting_With_Movement
2021-11-01 22:19:53.850000,Sitting_With_Movement
2021-11-01 22:20:00.000000,Sitting_With_Movement
2021-11-01 22:20:06.162500,Sitting_With_Movement
2021-11-01 22:20:12.312500,Sitting_With_Movement
2021-11-01 22:20:18.462500,Sitting_With_Movement
2021-11-01 22:20:24.625000,Sitting_With_Movement
2021-11-01 22:20:30.775000,Sitting_With_Movement
2021-11-01 22:20:36.925000,Sitting_With_Movement
2021-11-01 22:20:43.075000,Sitting_With_Movement
2021-11-01 22:20:49.237500,Sitting_With_Movement
2021-11-01 22:20:55.387500,Sitting_With_Movement
2021-11-01 22:21:01.537500,Sitting_With_Movement
2021-11-01 22:21:07.700000,Sitting_With_Movement
2021-11-01 22:21:13.850000,Sitting_With_Movement
2021-11-01 22:21:20.000000,Sitting_With_Movement
2021-11-01 22:21:26.162500,Sitting_With_Movement
2021-11-01 22:21:32.312500,Sitting_With_Movement
2021-11-01 22:21:38.462500,Sitting_With_Movement
2021-11-01 22:21:44.625000,Sitting_With_Movement
2021-11-01 22:21:50.775000,Sitting_With_Movement
2021-11-01 22:21:56.925000,Sitting_With_Movement
2021-11-01 22:22:03.075000,Sitting_With_Movement
2021-11-01 22:22:09.237500,Sitting_With_Movement
2021-11-01 22:22:15.387500,Sitting_With_Movement
2021-11-01 22:22:21.537500,Sitting_With_Movement
2021-11-01 22:22:27.700000,Sitting_With_Movement
2021-11-01 22:22:33.850000,Sitting_With_Movement
2021-11-01 22:22:40.000000,Sitting_With_Movement
2021-11-01 22:22:46.162500,Sitting_With_Movement
2021-11-01 22:22:52.312500,Sitting_With_Movement
2021-11-01 22:22:58.462500,Sitting_With_Movement
2021-11-01 22:23:04.625000,Sitting_With_Movement
2021-11-01 22:23:10.775000,Sitting_With_Movement
2021-11-01 22:23:16.925000,Sitting_With_Movement
2021-11-01 22:23:23.075000,Sitting_With_Movement
2021-11-01 22:23:29.237500,Sitting_With_Movement
2021-11-01 22:23:35.387500,Sitting_With_Movement
2021-11-01 22:23:41.537500,Sitting_With_Movement
2021-11-01 22:23:47.700000,Sitting_With_Movement
2021-11-01 22:23:53.850000,Sitting_With_Movement
2021-11-01 22:24:00.000000,Sitting_With_Movement
2021-11-01 22:24:06.162500,Sitting_With_Movement
2021-11-01 22:24:12.312500,Sitting_With_Movement
2021-11-01 22:24:18.462500,Sitting_With_Movement
2021-11-01 22:24:24.625000,Sitting_With_Movement
2021-11-01 22:24:30.775000,Sitting_With_Movement
2021-11-01 22:24:36.925000,Sitting_With_Movement
2021-11-01 22:24:43.075000,Sitting_With_Movement
2021-11-01 22:24:49.237500,Sitting_With_Movement
2021-11-01 22:24:55.387500,Sitting_With_Movement
2021-11-01 22:25:01.537500,Sitting_With_Movement
2021-11-01 22:25:07.700000,Sitting_With_Movement
2021-11-01 22:25:13.850000,Sitting_With_Movement
2021-11-01 22:25:20.000000,Sitting_With_Movement
2021-11-01 22:25:26.162500,Sitting_With_Movement
2021-11-01 22:25:32.312500,Sitting_With_Movement
2021-11-01 22:25:38.462500,Sitting_With_Movement
2021-11-01 22:25:44.625000,Sitting_With_Movement
2021-11-01 22:25:50.775000,Sitting_With_Movement
2021-11-01 22:25:56.925000,Sitting_With_Movement
2021-11-01 22:26:03.075000,Sitting_With_Movement
2021-11-01 22:26:09.237500,Sitting_With_Movement
2021-11-01 22:26:15.387500,Sitting_With_Movement
2021-11-01 22:26:21.537500,Sitting_With_Movement
2021-11-01 22:26:27.700000,Sitting_With_Movement
2021-11-01 22:26:33.850000,Sitting_With_Movement
2021-11-01 22:26:40.000000,Sitting_With_Movement
2021-11-01 22:26:46.162500,Sitting_With_Movement
2021-11-01 22:26:52.312500,Sitting_With_Movement
2021-11-01 22:26:58.462500,Sitting_With_Movement
2021-11-01 22:27:04.625000,Sitting_With_Movement
2021-11-01 22:27:10.775000,Sitting_With_Movement
2021-11-01 22:27:16.925000,Sitting_With_Movement
2021-11-01 22:27:23.075000,Sitting_With_Movement
2021-11-01 22:27:29.237500,Sitting_With_Movement
2021-11-01 22:27:35.387500,Sitting_With_Movement
2021-11-01 22:27:41.537500,Sitting_With_Movement
2021-11-01 22:27:47.700000,Sitting_With_Movement
2021-11-01 22:27:53.850000,Sitting_With_Movement
2021-11-01 22:28:00.000000,Sitting_With_Movement
2021-11-01 22:28:06.162500,Sitting_With_Movement
2021-11-01 22:28:12.312500,Sitting_With_Movement
2021-11-01 22:28:18.462500,Sitting_With_Movement
2021-11-01 22:28:24.625000,Sitting_With_Movement
2021-11-01 22:28:30.775000,Sitting_With_Movement
2021-11-01 22:28:36.925000,Sitting_With_Movement
2021-11-01 22:28:43.075000,Sitting_With_Movement
2021-11-01 22:28:49.237500,Sitting_With_Movement
2021-11-01 22:28:55.387500,Sitting_With_Movement
2021-11-01 22:29:01.537500,PA_Type_Video_Unavailable/Indecipherable
2021-11-01 22:29:07.700000,PA_Type_Video_Unavailable/Indecipherable
2021-11-01 22:29:13.850000,PA_Type_Video_Unavailable/Indecipherable
2021-11-01 22:29:20.000000,PA_Type_Video_Unavailable/Indecipherable
2021-11-01 22:29:26.162500,PA_Type_Video_Unavailable/Indecipherable
2021-11-01 22:29:32.312500,PA_Type_Video_Unavailable/Indecipherable
2021-11-01 22:29:38.462500,PA_Type_Video_Unavailable/Indecipherable
2021-11-01 22:29:44.625000,PA_Type_Video_Unavailable/Indecipherable
2021-11-01 22:29:50.775000,PA_Type_Video_Unavailable/Indecipherable
2021-11-01 22:29:56.925000,PA_Type_Video_Unavailable/Indecipherable
2021-11-01 22:30:03.075000,PA_Type_Video_Unavailable/Indecipherable
2021-11-01 22:30:09.237500,PA_Type_Video_Unavailable/Indecipherable
2021-11-01 22:30:15.387500,Sitting_With_Movement
2021-11-01 22:30:21.537500,Sitting_With_Movement
2021-11-01 22:30:27.700000,Sitting_With_Movement
2021-11-01 22:30:33.850000,Sitting_With_Movement
2021-11-01 22:30:40.000000,Sitting_With_Movement
2021-11-01 22:30:46.162500,Sitting_With_Movement
2021-11-01 22:30:52.312500,Sitting_With_Movement
2021-11-01 22:30:58.462500,Sitting_With_Movement
2021-11-01 22:31:04.625000,Sitting_With_Movement
2021-11-01 22:31:10.775000,Sitting_With_Movement
2021-11-01 22:31:16.925000,Sitting_With_Movement
2021-11-01 22:31:23.075000,Sitting_With_Movement
2021-11-01 22:31:29.237500,Sitting_With_Movement
2021-11-01 22:31:35.387500,Sitting_With_Movement
2021-11-01 22:31:41.537500,Sitting_With_Movement
2021-11-01 22:31:47.700000,Sitting_With_Movement
2021-11-01 22:31:53.850000,Sitting_With_Movement
2021-11-01 22:32:00.000000,Sitting_With_Movement
2021-11-01 22:32:06.162500,Sitting_With_Movement
2021-11-01 22:32:12.312500,Sitting_With_Movement
2021-11-01 22:32:18.462500,Sitting_With_Movement
2021-11-01 22:32:24.625000,Sitting_With_Movement
2021-11-01 22:32:30.775000,Sitting_With_Movement
2021-11-01 22:32:36.925000,Sitting_With_Movement
2021-11-01 22:32:43.075000,Sitting_With_Movement
2021-11-01 22:32:49.237500,Sitting_With_Movement
2021-11-01 22:32:55.387500,Sitting_With_Movement
2021-11-01 22:33:01.537500,Sitting_With_Movement
2021-11-01 22:33:07.700000,Sitting_With_Movement
2021-11-01 22:33:13.850000,Sitting_With_Movement
2021-11-01 22:33:20.000000,Sitting_With_Movement
2021-11-01 22:33:26.162500,Sitting_With_Movement
2021-11-01 22:33:32.312500,Sitting_With_Movement
2021-11-01 22:33:38.462500,Sitting_With_Movement
2021-11-01 22:33:44.625000,Sitting_With_Movement
2021-11-01 22:33:50.775000,Sitting_With_Movement
2021-11-01 22:33:56.925000,Sitting_With_Movement
2021-11-01 22:34:03.075000,Sitting_With_Movement
2021-11-01 22:34:09.237500,Sitting_With_Movement
2021-11-01 22:34:15.387500,Sitting_With_Movement
2021-11-01 22:34:21.537500,Sitting_With_Movement
2021-11-01 22:34:27.700000,Sitting_With_Movement
2021-11-01 22:34:33.850000,Sitting_With_Movement
2021-11-01 22:34:40.000000,Sitting_With_Movement
2021-11-01 22:34:46.162500,Sitting_With_Movement
2021-11-01 22:34:52.312500,Sitting_With_Movement
2021-11-01 22:34:58.462500,Sitting_With_Movement
2021-11-01 22:35:04.625000,Sitting_With_Movement
2021-11-01 22:35:10.775000,Sitting_With_Movement
2021-11-01 22:35:16.925000,Sitting_With_Movement
2021-11-01 22:35:23.075000,Sitting_With_Movement
2021-11-01 22:35:29.237500,Sitting_With_Movement
2021-11-01 22:35:35.387500,Sitting_With_Movement
2021-11-01 22:35:41.537500,Sitting_With_Movement
2021-11-01 22:35:47.700000,Sitting_With_Movement
2021-11-01 22:35:53.850000,Sitting_With_Movement
2021-11-01 22:36:00.000000,Sitting_With_Movement
2021-11-01 22:36:06.162500,Sitting_With_Movement
2021-11-01 22:36:12.312500,Sitting_With_Movement
2021-11-01 22:36:18.462500,Sitting_With_Movement
2021-11-01 22:36:24.625000,Sitting_With_Movement
2021-11-01 22:36:30.775000,Sitting_With_Movement
2021-11-01 22:36:36.925000,Sitting_With_Movement
2021-11-01 22:36:43.075000,Sitting_With_Movement
2021-11-01 22:36:49.237500,Sitting_With_Movement
2021-11-01 22:36:55.387500,Sitting_With_Movement
2021-11-01 22:37:01.537500,Sitting_With_Movement
2021-11-01 22:37:07.700000,Sitting_With_Movement
2021-11-01 22:37:13.850000,Sitting_With_Movement
2021-11-01 22:37:20.000000,Sitting_With_Movement
2021-11-01 22:37:26.162500,Sitting_With_Movement
2021-11-01 22:37:32.312500,Sitting_With_Movement
2021-11-01 22:37:38.462500,Sitting_With_Movement
2021-11-01 22:37:44.625000,Sitting_With_Movement
2021-11-01 22:37:50.775000,Sitting_With_Movement
2021-11-01 22:37:56.925000,Sitting_With_Movement
2021-11-01 22:38:03.075000,Sitting_With_Movement
2021-11-01 22:38:09.237500,Sitting_With_Movement
2021-11-01 22:38:15.387500,Sitting_With_Movement
2021-11-01 22:38:21.537500,Sitting_With_Movement
2021-11-01 22:38:27.700000,Sitting_With_Movement
2021-11-01 22:38:33.850000,Sitting_With_Movement
2021-11-01 22:38:40.000000,Sitting_With_Movement
2021-11-01 22:38:46.162500,Sitting_With_Movement
2021-11-01 22:38:52.312500,Sitting_With_Movement
2021-11-01 22:38:58.462500,Sitting_With_Movement
2021-11-01 22:39:04.625000,Sitting_With_Movement
2021-11-01 22:39:10.775000,Sitting_With_Movement
2021-11-01 22:39:16.925000,Sitting_With_Movement
2021-11-01 22:39:23.075000,Sitting_With_Movement
2021-11-01 22:39:29.237500,Sitting_With_Movement
2021-11-01 22:39:35.387500,Sitting_With_Movement
2021-11-01 22:39:41.537500,Sitting_With_Movement
2021-11-01 22:39:47.700000,PA_Type_Video_Unavailable/Indecipherable
2021-11-01 22:39:53.850000,Sitting_With_Movement
2021-11-01 22:40:00.000000,Sitting_With_Movement
2021-11-01 22:40:06.162500,Sitting_With_Movement
2021-11-01 22:40:12.312500,Sitting_With_Movement
2021-11-01 22:40:18.462500,Sitting_With_Movement
2021-11-01 22:40:24.625000,Sitting_With_Movement
2021-11-01 22:40:30.775000,Sitting_With_Movement
2021-11-01 22:40:36.925000,Sitting_With_Movement
2021-11-01 22:40:43.075000,Sitting_With_Movement
2021-11-01 22:40:49.237500,PA_Type_Video_Unavailable/Indecipherable
2021-11-01 22:40:55.387500,PA_Type_Video_Unavailable/Indecipherable
2021-11-01 22:41:01.537500,PA_Type_Video_Unavailable/Indecipherable
2021-11-01 22:41:07.700000,PA_Type_Video_Unavailable/Indecipherable
2021-11-01 22:41:13.850000,PA_Type_Video_Unavailable/Indecipherable
2021-11-01 22:41:20.000000,PA_Type_Video_Unavailable/Indecipherable
2021-11-01 22:41:26.162500,PA_Type_Video_Unavailable/Indecipherable
2021-11-01 22:41:32.312500,PA_Type_Video_Unavailable/Indecipherable
2021-11-01 22:41:38.462500,PA_Type_Video_Unavailable/Indecipherable
2021-11-01 22:41:44.625000,PA_Type_Video_Unavailable/Indecipherable
2021-11-01 22:41:50.775000,PA_Type_Video_Unavailable/Indecipherable
2021-11-01 22:41:56.925000,PA_Type_Video_Unavailable/Indecipherable
2021-11-01 22:42:03.075000,PA_Type_Video_Unavailable/Indecipherable
2021-11-01 22:42:09.237500,PA_Type_Video_Unavailable/Indecipherable
2021-11-01 22:42:15.387500,PA_Type_Video_Unavailable/Indecipherable
2021-11-01 22:42:21.537500,PA_Type_Video_Unavailable/Indecipherable
2021-11-01 22:42:27.700000,PA_Type_Video_Unavailable/Indecipherable
2021-11-01 22:42:33.850000,PA_Type_Video_Unavailable/Indecipherable
2021-11-01 22:42:40.000000,PA_Type_Video_Unavailable/Indecipherable
2021-11-01 22:42:46.162500,PA_Type_Video_Unavailable/Indecipherable
2021-11-01 22:42:52.312500,PA_Type_Video_Unavailable/Indecipherable
2021-11-01 22:42:58.462500,PA_Type_Video_Unavailable/Indecipherable
2021-11-01 22:43:04.625000,PA_Type_Video_Unavailable/Indecipherable
2021-11-01 22:43:10.775000,PA_Type_Video_Unavailable/Indecipherable
2021-11-01 22:43:16.925000,PA_Type_Video_Unavailable/Indecipherable
2021-11-01 22:43:23.075000,PA_Type_Video_Unavailable/Indecipherable
2021-11-01 22:43:29.237500,PA_Type_Video_Unavailable/Indecipherable
2021-11-01 22:43:35.387500,PA_Type_Video_Unavailable/Indecipherable
2021-11-01 22:43:41.537500,PA_Type_Video_Unavailable/Indecipherable
2021-11-01 22:43:47.700000,PA_Type_Video_Unavailable/Indecipherable
2021-11-01 22:43:53.850000,PA_Type_Video_Unavailable/Indecipherable
2021-11-01 22:44:00.000000,PA_Type_Video_Unavailable/Indecipherable
2021-11-01 22:44:06.162500,PA_Type_Video_Unavailable/Indecipherable
2021-11-01 22:44:12.312500,PA_Type_Video_Unavailable/Indecipherable
2021-11-01 22:44:18.462500,PA_Type_Video_Unavailable/Indecipherable
2021-11-01 22:44:24.625000,PA_Type_Video_Unavailable/Indecipherable
2021-11-01 22:44:30.775000,PA_Type_Video_Unavailable/Indecipherable
2021-11-01 22:44:36.925000,PA_Type_Video_Unavailable/Indecipherable
2021-11-01 22:44:43.075000,PA_Type_Video_Unavailable/Indecipherable
2021-11-01 22:44:49.237500,PA_Type_Video_Unavailable/Indecipherable
2021-11-01 22:44:55.387500,PA_Type_Video_Unavailable/Indecipherable
2021-11-01 22:45:01.537500,PA_Type_Video_Unavailable/Indecipherable
2021-11-01 22:45:07.700000,PA_Type_Video_Unavailable/Indecipherable
2021-11-01 22:45:13.850000,PA_Type_Video_Unavailable/Indecipherable
2021-11-01 22:45:20.000000,Sitting_With_Movement
2021-11-01 22:45:26.162500,Sitting_With_Movement
2021-11-01 22:45:32.312500,Sitting_With_Movement
2021-11-01 22:45:38.462500,Sitting_With_Movement
2021-11-01 22:45:44.625000,Sitting_With_Movement
2021-11-01 22:45:50.775000,Sitting_With_Movement
2021-11-01 22:45:56.925000,Sitting_With_Movement
2021-11-01 22:46:03.075000,Sitting_With_Movement
2021-11-01 22:46:09.237500,Sitting_With_Movement
2021-11-01 22:46:15.387500,Sitting_With_Movement
2021-11-01 22:46:21.537500,Sitting_With_Movement
2021-11-01 22:46:27.700000,Sitting_With_Movement
2021-11-01 22:46:33.850000,Sitting_With_Movement
2021-11-01 22:46:40.000000,Sitting_With_Movement
2021-11-01 22:46:46.162500,Sitting_With_Movement
2021-11-01 22:46:52.312500,Sitting_With_Movement
2021-11-01 22:46:58.462500,Sitting_With_Movement
2021-11-01 22:47:04.625000,Sitting_With_Movement
2021-11-01 22:47:10.775000,Sitting_With_Movement
2021-11-01 22:47:16.925000,Sitting_With_Movement
2021-11-01 22:47:23.075000,Sitting_With_Movement
2021-11-01 22:47:29.237500,Sitting_With_Movement
2021-11-01 22:47:35.387500,Sitting_With_Movement
2021-11-01 22:47:41.537500,Sitting_With_Movement
2021-11-01 22:47:47.700000,Sitting_With_Movement
2021-11-01 22:47:53.850000,Sitting_With_Movement
2021-11-01 22:48:00.000000,Sitting_With_Movement
2021-11-01 22:48:06.162500,Sitting_With_Movement
2021-11-01 22:48:12.312500,Sitting_With_Movement
2021-11-01 22:48:18.462500,Sitting_With_Movement
2021-11-01 22:48:24.625000,Sitting_With_Movement
2021-11-01 22:48:30.775000,Sitting_With_Movement
2021-11-01 22:48:36.925000,Sitting_With_Movement
2021-11-01 22:48:43.075000,Sitting_With_Movement
2021-11-01 22:48:49.237500,Sitting_With_Movement
2021-11-01 22:48:55.387500,Sitting_With_Movement
2021-11-01 22:49:01.537500,Sitting_With_Movement
2021-11-01 22:49:07.700000,Sitting_With_Movement
2021-11-01 22:49:13.850000,Sitting_With_Movement
2021-11-01 22:49:20.000000,Sitting_With_Movement
2021-11-01 22:49:26.162500,Sitting_With_Movement
2021-11-01 22:49:32.312500,Sitting_With_Movement
2021-11-01 22:49:38.462500,Sitting_With_Movement
2021-11-01 22:49:44.625000,Sitting_With_Movement
2021-11-01 22:49:50.775000,Sitting_With_Movement
2021-11-01 22:49:56.925000,Sitting_With_Movement
2021-11-01 22:50:03.075000,Sitting_With_Movement
2021-11-01 22:50:09.237500,Sitting_With_Movement
2021-11-01 22:50:15.387500,Sitting_With_Movement
2021-11-01 22:50:21.537500,Sitting_With_Movement
2021-11-01 22:50:27.700000,Sitting_With_Movement
2021-11-01 22:50:33.850000,Sitting_With_Movement
2021-11-01 22:50:40.000000,Sitting_With_Movement
2021-11-01 22:50:46.162500,Sitting_With_Movement
2021-11-01 22:50:52.312500,Sitting_With_Movement
2021-11-01 22:50:58.462500,Sitting_With_Movement
2021-11-01 22:51:04.625000,Sitting_With_Movement
2021-11-01 22:51:10.775000,Sitting_With_Movement
2021-11-01 22:51:16.925000,Sitting_With_Movement
2021-11-01 22:51:23.075000,Sitting_With_Movement
2021-11-01 22:51:29.237500,Sitting_With_Movement
2021-11-01 22:51:35.387500,Sitting_With_Movement
2021-11-01 22:51:41.537500,Sitting_With_Movement
2021-11-01 22:51:47.700000,Sitting_With_Movement
2021-11-01 22:51:53.850000,Sitting_With_Movement
2021-11-01 22:52:00.000000,Sitting_With_Movement
2021-11-01 22:52:06.162500,Sitting_With_Movement
2021-11-01 22:52:12.312500,Sitting_With_Movement
2021-11-01 22:52:18.462500,Sitting_With_Movement
2021-11-01 22:52:24.625000,Sitting_With_Movement
2021-11-01 22:52:30.775000,Sitting_With_Movement
2021-11-01 22:52:36.925000,Sitting_With_Movement
2021-11-01 22:52:43.075000,Sitting_With_Movement
2021-11-01 22:52:49.237500,Sitting_With_Movement
2021-11-01 22:52:55.387500,Sitting_With_Movement
2021-11-01 22:53:01.537500,Sitting_With_Movement
2021-11-01 22:53:07.700000,Sitting_With_Movement
2021-11-01 22:53:13.850000,Sitting_With_Movement
2021-11-01 22:53:20.000000,Sitting_With_Movement
2021-11-01 22:53:26.162500,Sitting_With_Movement
2021-11-01 22:53:32.312500,Sitting_With_Movement
2021-11-01 22:53:38.462500,Sitting_With_Movement
2021-11-01 22:53:44.625000,Sitting_With_Movement
2021-11-01 22:53:50.775000,Sitting_With_Movement
2021-11-01 22:53:56.925000,Sitting_With_Movement
2021-11-01 22:54:03.075000,Sitting_With_Movement
2021-11-01 22:54:09.237500,Sitting_With_Movement
2021-11-01 22:54:15.387500,Sitting_With_Movement
2021-11-01 22:54:21.537500,Sitting_With_Movement
2021-11-01 22:54:27.700000,Sitting_With_Movement
2021-11-01 22:54:33.850000,Sitting_With_Movement
2021-11-01 22:54:40.000000,Sitting_With_Movement
2021-11-01 22:54:46.162500,Sitting_With_Movement
2021-11-01 22:54:52.312500,Sitting_With_Movement
2021-11-01 22:54:58.462500,Sitting_With_Movement
2021-11-01 22:55:04.625000,Sitting_With_Movement
2021-11-01 22:55:10.775000,Sitting_With_Movement
2021-11-01 22:55:16.925000,Sitting_With_Movement
2021-11-01 22:55:23.075000,Sitting_With_Movement
2021-11-01 22:55:29.237500,Sitting_With_Movement
2021-11-01 22:55:35.387500,Sitting_With_Movement
2021-11-01 22:55:41.537500,Sitting_With_Movement
2021-11-01 22:55:47.700000,Sitting_With_Movement
2021-11-01 22:55:53.850000,Sitting_With_Movement
2021-11-01 22:56:00.000000,Sitting_With_Movement
2021-11-01 22:56:06.162500,Sitting_With_Movement
2021-11-01 22:56:12.312500,Sitting_With_Movement
2021-11-01 22:56:18.462500,Sitting_With_Movement
2021-11-01 22:56:24.625000,Sitting_With_Movement
2021-11-01 22:56:30.775000,Sitting_With_Movement
2021-11-01 22:56:36.925000,Sitting_With_Movement
2021-11-01 22:56:43.075000,Sitting_With_Movement
2021-11-01 22:56:49.237500,Sitting_With_Movement
2021-11-01 22:56:55.387500,Sitting_With_Movement
2021-11-01 22:57:01.537500,Sitting_With_Movement
2021-11-01 22:57:07.700000,Sitting_With_Movement
2021-11-01 22:57:13.850000,Sitting_With_Movement
2021-11-01 22:57:20.000000,Sitting_With_Movement
2021-11-01 22:57:26.162500,Sitting_With_Movement
2021-11-01 22:57:32.312500,Sitting_With_Movement
2021-11-01 22:57:38.462500,Sitting_With_Movement
2021-11-01 22:57:44.625000,Sitting_With_Movement
2021-11-01 22:57:50.775000,Sitting_With_Movement
2021-11-01 22:57:56.925000,Sitting_With_Movement
2021-11-01 22:58:03.075000,Sitting_With_Movement
2021-11-01 22:58:09.237500,Sitting_With_Movement
2021-11-01 22:58:15.387500,Sitting_With_Movement
2021-11-01 22:58:21.537500,Standing_With_Movement
2021-11-01 22:58:27.700000,Standing_With_Movement
2021-11-01 22:58:33.850000,PA_Type_Video_Unavailable/Indecipherable
2021-11-01 22:58:40.000000,PA_Type_Video_Unavailable/Indecipherable
2021-11-01 22:58:46.162500,PA_Type_Video_Unavailable/Indecipherable
2021-11-01 22:58:52.312500,PA_Type_Video_Unavailable/Indecipherable
2021-11-01 22:58:58.462500,PA_Type_Video_Unavailable/Indecipherable
2021-11-01 22:59:04.625000,PA_Type_Video_Unavailable/Indecipherable
2021-11-01 22:59:10.775000,PA_Type_Video_Unavailable/Indecipherable
2021-11-01 22:59:16.925000,PA_Type_Video_Unavailable/Indecipherable
2021-11-01 22:59:23.075000,PA_Type_Video_Unavailable/Indecipherable
2021-11-01 22:59:29.237500,PA_Type_Video_Unavailable/Indecipherable
2021-11-01 22:59:35.387500,PA_Type_Video_Unavailable/Indecipherable
2021-11-01 22:59:41.537500,PA_Type_Video_Unavailable/Indecipherable
2021-11-01 22:59:47.700000,PA_Type_Video_Unavailable/Indecipherable
2021-11-01 22:59:53.850000,PA_Type_Video_Unavailable/Indecipherable
2021-11-01 23:00:00.000000,PA_Type_Video_Unavailable/Indecipherable
2021-11-01 23:00:06.162500,PA_Type_Video_Unavailable/Indecipherable
2021-11-01 23:00:12.312500,PA_Type_Video_Unavailable/Indecipherable
2021-11-01 23:00:18.462500,PA_Type_Video_Unavailable/Indecipherable
2021-11-01 23:00:24.625000,PA_Type_Video_Unavailable/Indecipherable
2021-11-01 23:00:30.775000,PA_Type_Video_Unavailable/Indecipherable
2021-11-01 23:00:36.925000,Walking
2021-11-01 23:00:43.075000,Walking
2021-11-01 23:00:49.237500,Standing_With_Movement
2021-11-01 23:00:55.387500,Standing_With_Movement
2021-11-01 23:01:01.537500,Walking
2021-11-01 23:01:07.700000,Walking
2021-11-01 23:01:13.850000,Sitting_With_Movement
2021-11-01 23:01:20.000000,Sitting_With_Movement
2021-11-01 23:01:26.162500,Sitting_With_Movement
2021-11-01 23:01:32.312500,Sitting_With_Movement
2021-11-01 23:01:38.462500,Sitting_With_Movement
2021-11-01 23:01:44.625000,Sitting_With_Movement
2021-11-01 23:01:50.775000,Sitting_With_Movement
2021-11-01 23:01:56.925000,Sitting_With_Movement
2021-11-01 23:02:03.075000,Sitting_With_Movement
2021-11-01 23:02:09.237500,Sitting_With_Movement
2021-11-01 23:02:15.387500,Sitting_With_Movement
2021-11-01 23:02:21.537500,Sitting_With_Movement
2021-11-01 23:02:27.700000,Sitting_With_Movement
2021-11-01 23:02:33.850000,Sitting_With_Movement
2021-11-01 23:02:40.000000,Sitting_With_Movement
2021-11-01 23:02:46.162500,Sitting_With_Movement
2021-11-01 23:02:52.312500,Sitting_With_Movement
2021-11-01 23:02:58.462500,Sitting_With_Movement
2021-11-01 23:03:04.625000,Sitting_With_Movement
2021-11-01 23:03:10.775000,Sitting_With_Movement
2021-11-01 23:03:16.925000,Sitting_With_Movement
2021-11-01 23:03:23.075000,Sitting_With_Movement
2021-11-01 23:03:29.237500,Sitting_With_Movement
2021-11-01 23:03:35.387500,Sitting_With_Movement
2021-11-01 23:03:41.537500,Sitting_With_Movement
2021-11-01 23:03:47.700000,Sitting_With_Movement
2021-11-01 23:03:53.850000,Sitting_With_Movement
2021-11-01 23:04:00.000000,Sitting_With_Movement
2021-11-01 23:04:06.162500,Sitting_With_Movement
2021-11-01 23:04:12.312500,Sitting_With_Movement
2021-11-01 23:04:18.462500,Sitting_With_Movement
2021-11-01 23:04:24.625000,Sitting_With_Movement
2021-11-01 23:04:30.775000,Sitting_With_Movement
2021-11-01 23:04:36.925000,Sitting_With_Movement
2021-11-01 23:04:43.075000,Sitting_With_Movement
2021-11-01 23:04:49.237500,Sitting_With_Movement
2021-11-01 23:04:55.387500,Sitting_With_Movement
2021-11-01 23:05:01.537500,Sitting_With_Movement
2021-11-01 23:05:07.700000,Sitting_With_Movement
2021-11-01 23:05:13.850000,Sitting_With_Movement
2021-11-01 23:05:20.000000,Sitting_With_Movement
2021-11-01 23:05:26.162500,Sitting_With_Movement
2021-11-01 23:05:32.312500,Sitting_With_Movement
2021-11-01 23:05:38.462500,Sitting_With_Movement
2021-11-01 23:05:44.625000,Sitting_With_Movement
2021-11-01 23:05:50.775000,Sitting_With_Movement
2021-11-01 23:05:56.925000,Sitting_With_Movement
2021-11-01 23:06:03.075000,Sitting_With_Movement
2021-11-01 23:06:09.237500,Sitting_With_Movement
2021-11-01 23:06:15.387500,Sitting_With_Movement
2021-11-01 23:06:21.537500,Sitting_With_Movement
2021-11-01 23:06:27.700000,Sitting_With_Movement
2021-11-01 23:06:33.850000,Sitting_With_Movement
2021-11-01 23:06:40.000000,Sitting_With_Movement
2021-11-01 23:06:46.162500,Sitting_With_Movement
2021-11-01 23:06:52.312500,Sitting_With_Movement
2021-11-01 23:06:58.462500,Sitting_With_Movement
2021-11-01 23:07:04.625000,Sitting_With_Movement
2021-11-01 23:07:10.775000,Sitting_With_Movement
2021-11-01 23:07:16.925000,Sitting_With_Movement
2021-11-01 23:07:23.075000,Sitting_With_Movement
2021-11-01 23:07:29.237500,Sitting_With_Movement
2021-11-01 23:07:35.387500,Sitting_With_Movement
2021-11-01 23:07:41.537500,Sitting_With_Movement
2021-11-01 23:07:47.700000,Sitting_With_Movement
2021-11-01 23:07:53.850000,Sitting_With_Movement
2021-11-01 23:08:00.000000,Sitting_With_Movement
2021-11-01 23:08:06.162500,Sitting_With_Movement
2021-11-01 23:08:12.312500,Sitting_With_Movement
2021-11-01 23:08:18.462500,Sitting_With_Movement
2021-11-01 23:08:24.625000,Sitting_With_Movement
2021-11-01 23:08:30.775000,Sitting_With_Movement
2021-11-01 23:08:36.925000,Sitting_With_Movement
2021-11-01 23:08:43.075000,Sitting_With_Movement
2021-11-01 23:08:49.237500,Sitting_With_Movement
2021-11-01 23:08:55.387500,Sitting_With_Movement
2021-11-01 23:09:01.537500,Sitting_With_Movement
2021-11-01 23:09:07.700000,Sitting_With_Movement
2021-11-01 23:09:13.850000,Sitting_With_Movement
2021-11-01 23:09:20.000000,Sitting_With_Movement
2021-11-01 23:09:26.162500,Sitting_With_Movement
2021-11-01 23:09:32.312500,Sitting_With_Movement
2021-11-01 23:09:38.462500,Sitting_With_Movement
2021-11-01 23:09:44.625000,Sitting_With_Movement
2021-11-01 23:09:50.775000,Sitting_With_Movement
2021-11-01 23:09:56.925000,Sitting_With_Movement
2021-11-01 23:10:03.075000,Sitting_With_Movement
2021-11-01 23:10:09.237500,Sitting_With_Movement
2021-11-01 23:10:15.387500,Sitting_With_Movement
2021-11-01 23:10:21.537500,Sitting_With_Movement
2021-11-01 23:10:27.700000,Sitting_With_Movement
2021-11-01 23:10:33.850000,Sitting_With_Movement
2021-11-01 23:10:40.000000,Sitting_With_Movement
2021-11-01 23:10:46.162500,Sitting_With_Movement
2021-11-01 23:10:52.312500,Sitting_With_Movement
2021-11-01 23:10:58.462500,Sitting_With_Movement
2021-11-01 23:11:04.625000,Sitting_With_Movement
2021-11-01 23:11:10.775000,Sitting_With_Movement
2021-11-01 23:11:16.925000,Sitting_With_Movement
2021-11-01 23:11:23.075000,Sitting_With_Movement
2021-11-01 23:11:29.237500,Sitting_With_Movement
2021-11-01 23:11:35.387500,Sitting_With_Movement
2021-11-01 23:11:41.537500,Sitting_With_Movement
2021-11-01 23:11:47.700000,Sitting_With_Movement
2021-11-01 23:11:53.850000,Sitting_With_Movement
2021-11-01 23:12:00.000000,Sitting_With_Movement
2021-11-01 23:12:06.162500,Sitting_With_Movement
2021-11-01 23:12:12.312500,Sitting_With_Movement
2021-11-01 23:12:18.462500,Standing_With_Movement
2021-11-01 23:12:24.625000,Standing_With_Movement
2021-11-01 23:12:30.775000,Standing_With_Movement
2021-11-01 23:12:36.925000,Standing_With_Movement
2021-11-01 23:12:43.075000,Standing_With_Movement
2021-11-01 23:12:49.237500,Standing_With_Movement
2021-11-01 23:12:55.387500,Standing_With_Movement
2021-11-01 23:13:01.537500,Standing_With_Movement
2021-11-01 23:13:07.700000,Sitting_With_Movement
2021-11-01 23:13:13.850000,Sitting_With_Movement
2021-11-01 23:13:20.000000,PA_Type_Video_Unavailable/Indecipherable
2021-11-01 23:13:26.162500,PA_Type_Video_Unavailable/Indecipherable
2021-11-01 23:13:32.312500,PA_Type_Video_Unavailable/Indecipherable
2021-11-01 23:13:38.462500,PA_Type_Video_Unavailable/Indecipherable
2021-11-01 23:13:44.625000,PA_Type_Video_Unavailable/Indecipherable
2021-11-01 23:13:50.775000,PA_Type_Video_Unavailable/Indecipherable
2021-11-01 23:13:56.925000,PA_Type_Video_Unavailable/Indecipherable
2021-11-01 23:14:03.075000,PA_Type_Video_Unavailable/Indecipherable
2021-11-01 23:14:09.237500,PA_Type_Video_Unavailable/Indecipherable
2021-11-01 23:14:15.387500,PA_Type_Video_Unavailable/Indecipherable
2021-11-01 23:14:21.537500,PA_Type_Video_Unavailable/Indecipherable
2021-11-01 23:14:27.700000,PA_Type_Video_Unavailable/Indecipherable
2021-11-01 23:14:33.850000,PA_Type_Video_Unavailable/Indecipherable
2021-11-01 23:14:40.000000,PA_Type_Video_Unavailable/Indecipherable
2021-11-01 23:14:46.162500,PA_Type_Video_Unavailable/Indecipherable
2021-11-01 23:14:52.312500,PA_Type_Video_Unavailable/Indecipherable
2021-11-01 23:14:58.462500,
2021-11-01 23:15:04.625000,
2021-11-01 23:15:10.775000,
2021-11-01 23:15:16.925000,
2021-11-01 23:15:23.075000,
2021-11-01 23:15:29.237500,
2021-11-01 23:15:35.387500,
2021-11-01 23:15:41.537500,
2021-11-01 23:15:47.700000,
2021-11-01 23:15:53.850000,
2021-11-01 23:16:00.000000,
2021-11-01 23:16:06.162500,
2021-11-01 23:16:12.312500,
2021-11-01 23:16:18.462500,
2021-11-01 23:16:24.625000,
2021-11-01 23:16:30.775000,
2021-11-01 23:16:36.925000,
2021-11-01 23:16:43.075000,
2021-11-01 23:16:49.237500,
2021-11-01 23:16:55.387500,
2021-11-01 23:17:01.537500,
2021-11-01 23:17:07.700000,
2021-11-01 23:17:13.850000,
2021-11-01 23:17:20.000000,
2021-11-01 23:17:26.162500,
2021-11-01 23:17:32.312500,
2021-11-01 23:17:38.462500,
2021-11-01 23:17:44.625000,
2021-11-01 23:17:50.775000,
2021-11-01 23:17:56.925000,
2021-11-01 23:18:03.075000,
2021-11-01 23:18:09.237500,
2021-11-01 23:18:15.387500,
2021-11-01 23:18:21.537500,
2021-11-01 23:18:27.700000,
2021-11-01 23:18:33.850000,
2021-11-01 23:18:40.000000,
2021-11-01 23:18:46.162500,
2021-11-01 23:18:52.312500,
2021-11-01 23:18:58.462500,
2021-11-01 23:19:04.625000,
2021-11-01 23:19:10.775000,
2021-11-01 23:19:16.925000,
2021-11-01 23:19:23.075000,
2021-11-01 23:19:29.237500,
2021-11-01 23:19:35.387500,
2021-11-01 23:19:41.537500,
2021-11-01 23:19:47.700000,
2021-11-01 23:19:53.850000,
2021-11-01 23:20:00.000000,
2021-11-01 23:20:06.162500,
2021-11-01 23:20:12.312500,
2021-11-01 23:20:18.462500,
2021-11-01 23:20:24.625000,
2021-11-01 23:20:30.775000,
2021-11-01 23:20:36.925000,
2021-11-01 23:20:43.075000,
2021-11-01 23:20:49.237500,
2021-11-01 23:20:55.387500,
2021-11-01 23:21:01.537500,
2021-11-01 23:21:07.700000,
2021-11-01 23:21:13.850000,
2021-11-01 23:21:20.000000,
2021-11-01 23:21:26.162500,
2021-11-01 23:21:32.312500,
2021-11-01 23:21:38.462500,
2021-11-01 23:21:44.625000,
2021-11-01 23:21:50.775000,
2021-11-01 23:21:56.925000,
2021-11-01 23:22:03.075000,
2021-11-01 23:22:09.237500,
2021-11-01 23:22:15.387500,
2021-11-01 23:22:21.537500,
2021-11-01 23:22:27.700000,
2021-11-01 23:22:33.850000,
2021-11-01 23:22:40.000000,
2021-11-01 23:22:46.162500,
2021-11-01 23:22:52.312500,
2021-11-01 23:22:58.462500,
2021-11-01 23:23:04.625000,
2021-11-01 23:23:10.775000,
2021-11-01 23:23:16.925000,
2021-11-01 23:23:23.075000,
2021-11-01 23:23:29.237500,
2021-11-01 23:23:35.387500,
2021-11-01 23:23:41.537500,
2021-11-01 23:23:47.700000,
2021-11-01 23:23:53.850000,
2021-11-01 23:24:00.000000,
2021-11-01 23:24:06.162500,
2021-11-01 23:24:12.312500,
2021-11-01 23:24:18.462500,
2021-11-01 23:24:24.625000,
2021-11-01 23:24:30.775000,
2021-11-01 23:24:36.925000,
2021-11-01 23:24:43.075000,
2021-11-01 23:24:49.237500,
2021-11-01 23:24:55.387500,
2021-11-01 23:25:01.537500,
2021-11-01 23:25:07.700000,
2021-11-01 23:25:13.850000,
2021-11-01 23:25:20.000000,
2021-11-01 23:25:26.162500,
2021-11-01 23:25:32.312500,
2021-11-01 23:25:38.462500,
2021-11-01 23:25:44.625000,
2021-11-01 23:25:50.775000,
2021-11-01 23:25:56.925000,
2021-11-01 23:26:03.075000,
2021-11-01 23:26:09.237500,
2021-11-01 23:26:15.387500,
2021-11-01 23:26:21.537500,
2021-11-01 23:26:27.700000,
2021-11-01 23:26:33.850000,
2021-11-01 23:26:40.000000,
2021-11-01 23:26:46.162500,
2021-11-01 23:26:52.312500,
2021-11-01 23:26:58.462500,
2021-11-01 23:27:04.625000,
2021-11-01 23:27:10.775000,
2021-11-01 23:27:16.925000,
2021-11-01 23:27:23.075000,
2021-11-01 23:27:29.237500,
2021-11-01 23:27:35.387500,
2021-11-01 23:27:41.537500,
2021-11-01 23:27:47.700000,
2021-11-01 23:27:53.850000,
2021-11-01 23:28:00.000000,
2021-11-01 23:28:06.162500,
2021-11-01 23:28:12.312500,
2021-11-01 23:28:18.462500,
2021-11-01 23:28:24.625000,
2021-11-01 23:28:30.775000,
2021-11-01 23:28:36.925000,
2021-11-01 23:28:43.087500,
2021-11-01 23:28:49.237500,
2021-11-01 23:28:55.387500,
2021-11-01 23:29:01.537500,
2021-11-01 23:29:07.700000,
2021-11-01 23:29:13.850000,
2021-11-01 23:29:20.000000,
2021-11-01 23:29:26.162500,
2021-11-01 23:29:32.312500,
2021-11-01 23:29:38.462500,
2021-11-01 23:29:44.625000,
2021-11-01 23:29:50.775000,
2021-11-01 23:29:56.925000,
2021-11-01 23:30:03.087500,
2021-11-01 23:30:09.237500,
2021-11-01 23:30:15.387500,
2021-11-01 23:30:21.537500,
2021-11-01 23:30:27.700000,
2021-11-01 23:30:33.850000,
2021-11-01 23:30:40.000000,
2021-11-01 23:30:46.162500,
2021-11-01 23:30:52.312500,
2021-11-01 23:30:58.462500,
2021-11-01 23:31:04.625000,
2021-11-01 23:31:10.775000,
2021-11-01 23:31:16.925000,
2021-11-01 23:31:23.087500,
2021-11-01 23:31:29.237500,
2021-11-01 23:31:35.387500,
2021-11-01 23:31:41.537500,
2021-11-01 23:31:47.700000,
2021-11-01 23:31:53.850000,
2021-11-01 23:32:00.000000,
2021-11-01 23:32:06.162500,
2021-11-01 23:32:12.312500,
2021-11-01 23:32:18.462500,
2021-11-01 23:32:24.625000,
2021-11-01 23:32:30.775000,
2021-11-01 23:32:36.925000,
2021-11-01 23:32:43.087500,
2021-11-01 23:32:49.237500,
2021-11-01 23:32:55.387500,
2021-11-01 23:33:01.537500,
2021-11-01 23:33:07.700000,
2021-11-01 23:33:13.850000,
2021-11-01 23:33:20.000000,
2021-11-01 23:33:26.162500,
2021-11-01 23:33:32.312500,
2021-11-01 23:33:38.462500,
2021-11-01 23:33:44.625000,
2021-11-01 23:33:50.775000,
2021-11-01 23:33:56.925000,
2021-11-01 23:34:03.087500,
2021-11-01 23:34:09.237500,
2021-11-01 23:34:15.387500,
2021-11-01 23:34:21.537500,
2021-11-01 23:34:27.700000,
2021-11-01 23:34:33.850000,
2021-11-01 23:34:40.000000,
2021-11-01 23:34:46.162500,
2021-11-01 23:34:52.312500,
2021-11-01 23:34:58.462500,
2021-11-01 23:35:04.625000,
2021-11-01 23:35:10.775000,
2021-11-01 23:35:16.925000,
2021-11-01 23:35:23.087500,
2021-11-01 23:35:29.237500,
2021-11-01 23:35:35.387500,
2021-11-01 23:35:41.537500,
2021-11-01 23:35:47.700000,
2021-11-01 23:35:53.850000,
2021-11-01 23:36:00.000000,
2021-11-01 23:36:06.162500,
2021-11-01 23:36:12.312500,
2021-11-01 23:36:18.462500,
2021-11-01 23:36:24.625000,
2021-11-01 23:36:30.775000,
2021-11-01 23:36:36.925000,
2021-11-01 23:36:43.087500,
2021-11-01 23:36:49.237500,
2021-11-01 23:36:55.387500,
2021-11-01 23:37:01.537500,
2021-11-01 23:37:07.700000,
2021-11-01 23:37:13.850000,
2021-11-01 23:37:20.000000,
2021-11-01 23:37:26.162500,
2021-11-01 23:37:32.312500,
2021-11-01 23:37:38.462500,
2021-11-01 23:37:44.625000,
2021-11-01 23:37:50.775000,
2021-11-01 23:37:56.925000,
2021-11-01 23:38:03.087500,
2021-11-01 23:38:09.237500,
2021-11-01 23:38:15.387500,
2021-11-01 23:38:21.537500,
2021-11-01 23:38:27.700000,
2021-11-01 23:38:33.850000,
2021-11-01 23:38:40.000000,
2021-11-01 23:38:46.162500,
2021-11-01 23:38:52.312500,
2021-11-01 23:38:58.462500,
2021-11-01 23:39:04.625000,
2021-11-01 23:39:10.775000,
2021-11-01 23:39:16.925000,
2021-11-01 23:39:23.087500,
2021-11-01 23:39:29.237500,
2021-11-01 23:39:35.387500,
2021-11-01 23:39:41.537500,
2021-11-01 23:39:47.700000,
2021-11-01 23:39:53.850000,
2021-11-01 23:40:00.000000,
2021-11-01 23:40:06.162500,
2021-11-01 23:40:12.312500,
2021-11-01 23:40:18.462500,
2021-11-01 23:40:24.625000,
2021-11-01 23:40:30.775000,
2021-11-01 23:40:36.925000,
2021-11-01 23:40:43.087500,
2021-11-01 23:40:49.237500,
2021-11-01 23:40:55.387500,
2021-11-01 23:41:01.537500,
2021-11-01 23:41:07.700000,
2021-11-01 23:41:13.850000,
2021-11-01 23:41:20.000000,
2021-11-01 23:41:26.162500,
2021-11-01 23:41:32.312500,
2021-11-01 23:41:38.462500,
2021-11-01 23:41:44.625000,
2021-11-01 23:41:50.775000,
2021-11-01 23:41:56.925000,
2021-11-01 23:42:03.087500,
2021-11-01 23:42:09.237500,
2021-11-01 23:42:15.387500,
2021-11-01 23:42:21.537500,
2021-11-01 23:42:27.700000,
2021-11-01 23:42:33.850000,
2021-11-01 23:42:40.000000,
2021-11-01 23:42:46.162500,
2021-11-01 23:42:52.312500,
2021-11-01 23:42:58.462500,
2021-11-01 23:43:04.625000,
2021-11-01 23:43:10.775000,
2021-11-01 23:43:16.925000,
2021-11-01 23:43:23.087500,
2021-11-01 23:43:29.237500,
2021-11-01 23:43:35.387500,
2021-11-01 23:43:41.537500,
2021-11-01 23:43:47.700000,
2021-11-01 23:43:53.850000,
2021-11-01 23:44:00.000000,
2021-11-01 23:44:06.162500,
2021-11-01 23:44:12.312500,
2021-11-01 23:44:18.462500,
2021-11-01 23:44:24.625000,
2021-11-01 23:44:30.775000,
2021-11-01 23:44:36.925000,
2021-11-01 23:44:43.087500,
2021-11-01 23:44:49.237500,
2021-11-01 23:44:55.387500,
2021-11-01 23:45:01.537500,
2021-11-01 23:45:07.700000,
2021-11-01 23:45:13.850000,
2021-11-01 23:45:20.000000,
2021-11-01 23:45:26.162500,
2021-11-01 23:45:32.312500,
2021-11-01 23:45:38.462500,
2021-11-01 23:45:44.625000,
2021-11-01 23:45:50.775000,
2021-11-01 23:45:56.925000,
2021-11-01 23:46:03.087500,
2021-11-01 23:46:09.237500,
2021-11-01 23:46:15.387500,
2021-11-01 23:46:21.537500,
2021-11-01 23:46:27.700000,
2021-11-01 23:46:33.850000,
2021-11-01 23:46:40.000000,
2021-11-01 23:46:46.162500,
2021-11-01 23:46:52.312500,
2021-11-01 23:46:58.462500,
2021-11-01 23:47:04.625000,
2021-11-01 23:47:10.775000,
2021-11-01 23:47:16.925000,
2021-11-01 23:47:23.087500,
2021-11-01 23:47:29.237500,
2021-11-01 23:47:35.387500,
2021-11-01 23:47:41.537500,
2021-11-01 23:47:47.700000,
2021-11-01 23:47:53.850000,
2021-11-01 23:48:00.000000,
2021-11-01 23:48:06.162500,
2021-11-01 23:48:12.312500,
2021-11-01 23:48:18.462500,
2021-11-01 23:48:24.625000,
2021-11-01 23:48:30.775000,
2021-11-01 23:48:36.925000,
2021-11-01 23:48:43.087500,
2021-11-01 23:48:49.237500,
2021-11-01 23:48:55.387500,
2021-11-01 23:49:01.537500,
2021-11-01 23:49:07.700000,
2021-11-01 23:49:13.850000,
2021-11-01 23:49:20.000000,
2021-11-01 23:49:26.162500,
2021-11-01 23:49:32.312500,
2021-11-01 23:49:38.462500,
2021-11-01 23:49:44.625000,
2021-11-01 23:49:50.775000,
2021-11-01 23:49:56.925000,
2021-11-01 23:50:03.087500,
2021-11-01 23:50:09.237500,
2021-11-01 23:50:15.387500,
2021-11-01 23:50:21.537500,
2021-11-01 23:50:27.700000,
2021-11-01 23:50:33.850000,
2021-11-01 23:50:40.000000,
2021-11-01 23:50:46.162500,
2021-11-01 23:50:52.312500,
2021-11-01 23:50:58.462500,
2021-11-01 23:51:04.625000,
2021-11-01 23:51:10.775000,
2021-11-01 23:51:16.925000,
2021-11-01 23:51:23.087500,
2021-11-01 23:51:29.237500,
2021-11-01 23:51:35.387500,
2021-11-01 23:51:41.537500,
2021-11-01 23:51:47.700000,
2021-11-01 23:51:53.850000,
2021-11-01 23:52:00.000000,
2021-11-01 23:52:06.162500,
2021-11-01 23:52:12.312500,
2021-11-01 23:52:18.462500,
2021-11-01 23:52:24.625000,
2021-11-01 23:52:30.775000,
2021-11-01 23:52:36.925000,
2021-11-01 23:52:43.087500,
2021-11-01 23:52:49.237500,
2021-11-01 23:52:55.387500,
2021-11-01 23:53:01.537500,
2021-11-01 23:53:07.700000,
2021-11-01 23:53:13.850000,
2021-11-01 23:53:20.000000,
2021-11-01 23:53:26.162500,
2021-11-01 23:53:32.312500,
2021-11-01 23:53:38.462500,
2021-11-01 23:53:44.625000,
2021-11-01 23:53:50.775000,
2021-11-01 23:53:56.925000,
2021-11-01 23:54:03.087500,
2021-11-01 23:54:09.237500,
2021-11-01 23:54:15.387500,
2021-11-01 23:54:21.537500,
2021-11-01 23:54:27.700000,
2021-11-01 23:54:33.850000,
2021-11-01 23:54:40.000000,
2021-11-01 23:54:46.162500,
2021-11-01 23:54:52.312500,
2021-11-01 23:54:58.462500,
2021-11-01 23:55:04.625000,
2021-11-01 23:55:10.775000,
2021-11-01 23:55:16.925000,
2021-11-01 23:55:23.087500,
2021-11-01 23:55:29.237500,
2021-11-01 23:55:35.387500,
2021-11-01 23:55:41.537500,
2021-11-01 23:55:47.700000,
2021-11-01 23:55:53.850000,
2021-11-01 23:56:00.000000,
2021-11-01 23:56:06.162500,
2021-11-01 23:56:12.312500,
2021-11-01 23:56:18.462500,
2021-11-01 23:56:24.625000,
2021-11-01 23:56:30.775000,
2021-11-01 23:56:36.925000,
2021-11-01 23:56:43.087500,
2021-11-01 23:56:49.237500,
2021-11-01 23:56:55.387500,
2021-11-01 23:57:01.537500,
2021-11-01 23:57:07.700000,
2021-11-01 23:57:13.850000,
2021-11-01 23:57:20.000000,
2021-11-01 23:57:26.162500,
2021-11-01 23:57:32.312500,
2021-11-01 23:57:38.462500,
2021-11-01 23:57:44.625000,
2021-11-01 23:57:50.775000,
2021-11-01 23:57:56.925000,
2021-11-01 23:58:03.087500,
2021-11-01 23:58:09.237500,
2021-11-01 23:58:15.387500,
2021-11-01 23:58:21.537500,
2021-11-01 23:58:27.700000,
2021-11-01 23:58:33.850000,
2021-11-01 23:58:40.000000,
2021-11-01 23:58:46.162500,
2021-11-01 23:58:52.312500,
2021-11-01 23:58:58.462500,
2021-11-01 23:59:04.625000,
2021-11-01 23:59:10.775000,
2021-11-01 23:59:16.925000,
2021-11-01 23:59:23.087500,
2021-11-01 23:59:29.237500,
2021-11-01 23:59:35.387500,
2021-11-01 23:59:41.537500,
2021-11-01 23:59:47.700000,
2021-11-01 23:59:53.850000,
2021-11-02 00:00:00.000000,
2021-11-02 00:00:06.162500,
2021-11-02 00:00:12.312500,
2021-11-02 00:00:18.462500,
2021-11-02 00:00:24.625000,
2021-11-02 00:00:30.775000,
2021-11-02 00:00:36.925000,
2021-11-02 00:00:43.087500,
2021-11-02 00:00:49.237500,
2021-11-02 00:00:55.387500,
2021-11-02 00:01:01.537500,
2021-11-02 00:01:07.700000,
2021-11-02 00:01:13.850000,
2021-11-02 00:01:20.000000,
2021-11-02 00:01:26.162500,
2021-11-02 00:01:32.312500,
2021-11-02 00:01:38.462500,
2021-11-02 00:01:44.625000,
2021-11-02 00:01:50.775000,
2021-11-02 00:01:56.925000,
2021-11-02 00:02:03.087500,
2021-11-02 00:02:09.237500,
2021-11-02 00:02:15.387500,
2021-11-02 00:02:21.537500,
2021-11-02 00:02:27.700000,
2021-11-02 00:02:33.850000,
2021-11-02 00:02:40.000000,
2021-11-02 00:02:46.162500,
2021-11-02 00:02:52.312500,
2021-11-02 00:02:58.462500,
2021-11-02 00:03:04.625000,
2021-11-02 00:03:10.775000,
2021-11-02 00:03:16.925000,
2021-11-02 00:03:23.087500,
2021-11-02 00:03:29.237500,
2021-11-02 00:03:35.387500,
2021-11-02 00:03:41.537500,
2021-11-02 00:03:47.700000,
2021-11-02 00:03:53.850000,
2021-11-02 00:04:00.000000,
2021-11-02 00:04:06.162500,
2021-11-02 00:04:12.312500,
2021-11-02 00:04:18.462500,
2021-11-02 00:04:24.625000,
2021-11-02 00:04:30.775000,
2021-11-02 00:04:36.925000,
2021-11-02 00:04:43.087500,
2021-11-02 00:04:49.237500,
2021-11-02 00:04:55.387500,
2021-11-02 00:05:01.537500,
2021-11-02 00:05:07.700000,
2021-11-02 00:05:13.850000,
2021-11-02 00:05:20.000000,
2021-11-02 00:05:26.162500,
2021-11-02 00:05:32.312500,
2021-11-02 00:05:38.462500,
2021-11-02 00:05:44.625000,
2021-11-02 00:05:50.775000,
2021-11-02 00:05:56.925000,
2021-11-02 00:06:03.087500,
2021-11-02 00:06:09.237500,
2021-11-02 00:06:15.387500,
2021-11-02 00:06:21.537500,
2021-11-02 00:06:27.700000,
2021-11-02 00:06:33.850000,
2021-11-02 00:06:40.000000,
2021-11-02 00:06:46.162500,
2021-11-02 00:06:52.312500,
2021-11-02 00:06:58.462500,
2021-11-02 00:07:04.625000,
2021-11-02 00:07:10.775000,
2021-11-02 00:07:16.925000,
2021-11-02 00:07:23.087500,
2021-11-02 00:07:29.237500,
2021-11-02 00:07:35.387500,
2021-11-02 00:07:41.537500,
2021-11-02 00:07:47.700000,
2021-11-02 00:07:53.850000,
2021-11-02 00:08:00.000000,
2021-11-02 00:08:06.162500,
2021-11-02 00:08:12.312500,
2021-11-02 00:08:18.462500,
2021-11-02 00:08:24.625000,
2021-11-02 00:08:30.775000,
2021-11-02 00:08:36.925000,
2021-11-02 00:08:43.087500,
2021-11-02 00:08:49.237500,
2021-11-02 00:08:55.387500,
2021-11-02 00:09:01.537500,
2021-11-02 00:09:07.700000,
2021-11-02 00:09:13.850000,
2021-11-02 00:09:20.000000,
2021-11-02 00:09:26.162500,
2021-11-02 00:09:32.312500,
2021-11-02 00:09:38.462500,
2021-11-02 00:09:44.625000,
2021-11-02 00:09:50.775000,
2021-11-02 00:09:56.925000,
2021-11-02 00:10:03.087500,
2021-11-02 00:10:09.237500,
2021-11-02 00:10:15.387500,
2021-11-02 00:10:21.537500,
2021-11-02 00:10:27.700000,
2021-11-02 00:10:33.850000,
2021-11-02 00:10:40.000000,
2021-11-02 00:10:46.162500,
2021-11-02 00:10:52.312500,
2021-11-02 00:10:58.462500,
2021-11-02 00:11:04.625000,
2021-11-02 00:11:10.775000,
2021-11-02 00:11:16.925000,
2021-11-02 00:11:23.087500,
2021-11-02 00:11:29.237500,
2021-11-02 00:11:35.387500,
2021-11-02 00:11:41.537500,
2021-11-02 00:11:47.700000,
2021-11-02 00:11:53.850000,
2021-11-02 00:12:00.000000,
2021-11-02 00:12:06.162500,
2021-11-02 00:12:12.312500,
2021-11-02 00:12:18.462500,
2021-11-02 00:12:24.625000,
2021-11-02 00:12:30.775000,
2021-11-02 00:12:36.925000,
2021-11-02 00:12:43.087500,
2021-11-02 00:12:49.237500,
2021-11-02 00:12:55.387500,
2021-11-02 00:13:01.537500,
2021-11-02 00:13:07.700000,
2021-11-02 00:13:13.850000,
2021-11-02 00:13:20.000000,
2021-11-02 00:13:26.162500,
2021-11-02 00:13:32.312500,
2021-11-02 00:13:38.462500,
2021-11-02 00:13:44.625000,
2021-11-02 00:13:50.775000,
2021-11-02 00:13:56.925000,
2021-11-02 00:14:03.087500,
2021-11-02 00:14:09.237500,
2021-11-02 00:14:15.387500,
2021-11-02 00:14:21.537500,
2021-11-02 00:14:27.700000,
2021-11-02 00:14:33.850000,
2021-11-02 00:14:40.000000,
2021-11-02 00:14:46.162500,
2021-11-02 00:14:52.312500,
2021-11-02 00:14:58.462500,
2021-11-02 00:15:04.625000,
2021-11-02 00:15:10.775000,
2021-11-02 00:15:16.925000,
2021-11-02 00:15:23.087500,
2021-11-02 00:15:29.237500,
2021-11-02 00:15:35.387500,
2021-11-02 00:15:41.537500,
2021-11-02 00:15:47.700000,
2021-11-02 00:15:53.850000,
2021-11-02 00:16:00.000000,
2021-11-02 00:16:06.162500,
2021-11-02 00:16:12.312500,
2021-11-02 00:16:18.462500,
2021-11-02 00:16:24.625000,
2021-11-02 00:16:30.775000,
2021-11-02 00:16:36.925000,
2021-11-02 00:16:43.087500,
2021-11-02 00:16:49.237500,
2021-11-02 00:16:55.387500,
2021-11-02 00:17:01.537500,
2021-11-02 00:17:07.700000,
2021-11-02 00:17:13.850000,
2021-11-02 00:17:20.000000,
2021-11-02 00:17:26.162500,
2021-11-02 00:17:32.312500,
2021-11-02 00:17:38.462500,
2021-11-02 00:17:44.625000,
2021-11-02 00:17:50.775000,
2021-11-02 00:17:56.925000,
2021-11-02 00:18:03.087500,
2021-11-02 00:18:09.237500,
2021-11-02 00:18:15.387500,
2021-11-02 00:18:21.537500,
2021-11-02 00:18:27.700000,
2021-11-02 00:18:33.850000,
2021-11-02 00:18:40.000000,
2021-11-02 00:18:46.162500,
2021-11-02 00:18:52.312500,
2021-11-02 00:18:58.462500,
2021-11-02 00:19:04.625000,
2021-11-02 00:19:10.775000,
2021-11-02 00:19:16.925000,
2021-11-02 00:19:23.087500,
2021-11-02 00:19:29.237500,
2021-11-02 00:19:35.387500,
2021-11-02 00:19:41.537500,
2021-11-02 00:19:47.700000,
2021-11-02 00:19:53.850000,
2021-11-02 00:20:00.000000,
2021-11-02 00:20:06.162500,
2021-11-02 00:20:12.312500,
2021-11-02 00:20:18.462500,
2021-11-02 00:20:24.625000,
2021-11-02 00:20:30.775000,
2021-11-02 00:20:36.925000,
2021-11-02 00:20:43.087500,
2021-11-02 00:20:49.237500,
2021-11-02 00:20:55.387500,
2021-11-02 00:21:01.537500,
2021-11-02 00:21:07.700000,
2021-11-02 00:21:13.850000,
2021-11-02 00:21:20.000000,
2021-11-02 00:21:26.162500,
2021-11-02 00:21:32.312500,
2021-11-02 00:21:38.462500,
2021-11-02 00:21:44.625000,
2021-11-02 00:21:50.775000,
2021-11-02 00:21:56.925000,
2021-11-02 00:22:03.087500,
2021-11-02 00:22:09.237500,
2021-11-02 00:22:15.387500,
2021-11-02 00:22:21.537500,
2021-11-02 00:22:27.700000,
2021-11-02 00:22:33.850000,
2021-11-02 00:22:40.000000,
2021-11-02 00:22:46.162500,
2021-11-02 00:22:52.312500,
2021-11-02 00:22:58.462500,
2021-11-02 00:23:04.625000,
2021-11-02 00:23:10.775000,
2021-11-02 00:23:16.925000,
2021-11-02 00:23:23.087500,
2021-11-02 00:23:29.237500,
2021-11-02 00:23:35.387500,
2021-11-02 00:23:41.537500,
2021-11-02 00:23:47.700000,
2021-11-02 00:23:53.850000,
2021-11-02 00:24:00.000000,
2021-11-02 00:24:06.162500,
2021-11-02 00:24:12.312500,
2021-11-02 00:24:18.462500,
2021-11-02 00:24:24.625000,
2021-11-02 00:24:30.775000,
2021-11-02 00:24:36.925000,
2021-11-02 00:24:43.087500,
2021-11-02 00:24:49.237500,
2021-11-02 00:24:55.387500,
2021-11-02 00:25:01.537500,
2021-11-02 00:25:07.700000,
2021-11-02 00:25:13.850000,
2021-11-02 00:25:20.000000,
2021-11-02 00:25:26.162500,
2021-11-02 00:25:32.312500,
2021-11-02 00:25:38.462500,
2021-11-02 00:25:44.625000,
2021-11-02 00:25:50.775000,
2021-11-02 00:25:56.925000,
2021-11-02 00:26:03.087500,
2021-11-02 00:26:09.237500,
2021-11-02 00:26:15.387500,
2021-11-02 00:26:21.537500,
2021-11-02 00:26:27.700000,
2021-11-02 00:26:33.850000,
2021-11-02 00:26:40.000000,
2021-11-02 00:26:46.162500,
2021-11-02 00:26:52.312500,
2021-11-02 00:26:58.462500,
2021-11-02 00:27:04.625000,
2021-11-02 00:27:10.775000,
2021-11-02 00:27:16.925000,
2021-11-02 00:27:23.087500,
2021-11-02 00:27:29.237500,
2021-11-02 00:27:35.387500,
2021-11-02 00:27:41.537500,
2021-11-02 00:27:47.700000,
2021-11-02 00:27:53.850000,
2021-11-02 00:28:00.000000,
2021-11-02 00:28:06.162500,
2021-11-02 00:28:12.312500,
2021-11-02 00:28:18.462500,
2021-11-02 00:28:24.625000,
2021-11-02 00:28:30.775000,
2021-11-02 00:28:36.925000,
2021-11-02 00:28:43.087500,
2021-11-02 00:28:49.237500,
2021-11-02 00:28:55.387500,
2021-11-02 00:29:01.537500,
2021-11-02 00:29:07.700000,
2021-11-02 00:29:13.850000,
2021-11-02 00:29:20.000000,
2021-11-02 00:29:26.162500,
2021-11-02 00:29:32.312500,
2021-11-02 00:29:38.462500,
2021-11-02 00:29:44.625000,
2021-11-02 00:29:50.775000,
2021-11-02 00:29:56.925000,
2021-11-02 00:30:03.087500,
2021-11-02 00:30:09.237500,
2021-11-02 00:30:15.387500,
2021-11-02 00:30:21.537500,
2021-11-02 00:30:27.700000,
2021-11-02 00:30:33.850000,
2021-11-02 00:30:40.000000,
2021-11-02 00:30:46.162500,
2021-11-02 00:30:52.312500,
2021-11-02 00:30:58.462500,
2021-11-02 00:31:04.625000,
2021-11-02 00:31:10.775000,
2021-11-02 00:31:16.925000,
2021-11-02 00:31:23.087500,
2021-11-02 00:31:29.237500,
2021-11-02 00:31:35.387500,
2021-11-02 00:31:41.537500,
2021-11-02 00:31:47.700000,
2021-11-02 00:31:53.850000,
2021-11-02 00:32:00.000000,
2021-11-02 00:32:06.162500,
2021-11-02 00:32:12.312500,
2021-11-02 00:32:18.462500,
2021-11-02 00:32:24.625000,
2021-11-02 00:32:30.775000,
2021-11-02 00:32:36.925000,
2021-11-02 00:32:43.087500,
2021-11-02 00:32:49.237500,
2021-11-02 00:32:55.387500,
2021-11-02 00:33:01.537500,
2021-11-02 00:33:07.700000,
2021-11-02 00:33:13.850000,
2021-11-02 00:33:20.000000,
2021-11-02 00:33:26.162500,
2021-11-02 00:33:32.312500,
2021-11-02 00:33:38.462500,
2021-11-02 00:33:44.625000,
2021-11-02 00:33:50.775000,
2021-11-02 00:33:56.925000,
2021-11-02 00:34:03.087500,
2021-11-02 00:34:09.237500,
2021-11-02 00:34:15.387500,
2021-11-02 00:34:21.537500,
2021-11-02 00:34:27.700000,
2021-11-02 00:34:33.850000,
2021-11-02 00:34:40.000000,
2021-11-02 00:34:46.162500,
2021-11-02 00:34:52.312500,
2021-11-02 00:34:58.462500,
2021-11-02 00:35:04.625000,
2021-11-02 00:35:10.775000,
2021-11-02 00:35:16.925000,
2021-11-02 00:35:23.087500,
2021-11-02 00:35:29.237500,
2021-11-02 00:35:35.387500,
2021-11-02 00:35:41.537500,
2021-11-02 00:35:47.700000,
2021-11-02 00:35:53.850000,
2021-11-02 00:36:00.000000,
2021-11-02 00:36:06.162500,
2021-11-02 00:36:12.312500,
2021-11-02 00:36:18.462500,
2021-11-02 00:36:24.625000,
2021-11-02 00:36:30.775000,
2021-11-02 00:36:36.925000,
2021-11-02 00:36:43.087500,
2021-11-02 00:36:49.237500,
2021-11-02 00:36:55.387500,
2021-11-02 00:37:01.537500,
2021-11-02 00:37:07.700000,
2021-11-02 00:37:13.850000,
2021-11-02 00:37:20.000000,
2021-11-02 00:37:26.162500,
2021-11-02 00:37:32.312500,
2021-11-02 00:37:38.462500,
2021-11-02 00:37:44.625000,
2021-11-02 00:37:50.775000,
2021-11-02 00:37:56.925000,
2021-11-02 00:38:03.087500,
2021-11-02 00:38:09.237500,
2021-11-02 00:38:15.387500,
2021-11-02 00:38:21.537500,
2021-11-02 00:38:27.700000,
2021-11-02 00:38:33.850000,
2021-11-02 00:38:40.000000,
2021-11-02 00:38:46.162500,
2021-11-02 00:38:52.312500,
2021-11-02 00:38:58.462500,
2021-11-02 00:39:04.625000,
2021-11-02 00:39:10.775000,
2021-11-02 00:39:16.925000,
2021-11-02 00:39:23.087500,
2021-11-02 00:39:29.237500,
2021-11-02 00:39:35.387500,
2021-11-02 00:39:41.537500,
2021-11-02 00:39:47.700000,
2021-11-02 00:39:53.850000,
2021-11-02 00:40:00.000000,
2021-11-02 00:40:06.162500,
2021-11-02 00:40:12.312500,
2021-11-02 00:40:18.462500,
2021-11-02 00:40:24.625000,
2021-11-02 00:40:30.775000,
2021-11-02 00:40:36.925000,
2021-11-02 00:40:43.087500,
2021-11-02 00:40:49.237500,
2021-11-02 00:40:55.387500,
2021-11-02 00:41:01.537500,
2021-11-02 00:41:07.700000,
2021-11-02 00:41:13.850000,
2021-11-02 00:41:20.000000,
2021-11-02 00:41:26.162500,
2021-11-02 00:41:32.312500,
2021-11-02 00:41:38.462500,
2021-11-02 00:41:44.625000,
2021-11-02 00:41:50.775000,
2021-11-02 00:41:56.925000,
2021-11-02 00:42:03.087500,
2021-11-02 00:42:09.237500,
2021-11-02 00:42:15.387500,
2021-11-02 00:42:21.550000,
2021-11-02 00:42:27.700000,
2021-11-02 00:42:33.850000,
2021-11-02 00:42:40.000000,
2021-11-02 00:42:46.162500,
2021-11-02 00:42:52.312500,
2021-11-02 00:42:58.462500,
2021-11-02 00:43:04.625000,
2021-11-02 00:43:10.775000,
2021-11-02 00:43:16.925000,
2021-11-02 00:43:23.087500,
2021-11-02 00:43:29.237500,
2021-11-02 00:43:35.387500,
2021-11-02 00:43:41.550000,
2021-11-02 00:43:47.700000,
2021-11-02 00:43:53.850000,
2021-11-02 00:44:00.000000,
2021-11-02 00:44:06.162500,
2021-11-02 00:44:12.312500,
2021-11-02 00:44:18.462500,
2021-11-02 00:44:24.625000,
2021-11-02 00:44:30.775000,
2021-11-02 00:44:36.925000,
2021-11-02 00:44:43.087500,
2021-11-02 00:44:49.237500,
2021-11-02 00:44:55.387500,
2021-11-02 00:45:01.550000,
2021-11-02 00:45:07.700000,
2021-11-02 00:45:13.850000,
2021-11-02 00:45:20.000000,
2021-11-02 00:45:26.162500,
2021-11-02 00:45:32.312500,
2021-11-02 00:45:38.462500,
2021-11-02 00:45:44.625000,
2021-11-02 00:45:50.775000,
2021-11-02 00:45:56.925000,
2021-11-02 00:46:03.087500,
2021-11-02 00:46:09.237500,
2021-11-02 00:46:15.387500,
2021-11-02 00:46:21.550000,
2021-11-02 00:46:27.700000,
2021-11-02 00:46:33.850000,
2021-11-02 00:46:40.000000,
2021-11-02 00:46:46.162500,
2021-11-02 00:46:52.312500,
2021-11-02 00:46:58.462500,
2021-11-02 00:47:04.625000,
2021-11-02 00:47:10.775000,
2021-11-02 00:47:16.925000,
2021-11-02 00:47:23.087500,
2021-11-02 00:47:29.237500,
2021-11-02 00:47:35.387500,
2021-11-02 00:47:41.550000,
2021-11-02 00:47:47.700000,
2021-11-02 00:47:53.850000,
2021-11-02 00:48:00.000000,
2021-11-02 00:48:06.162500,
2021-11-02 00:48:12.312500,
2021-11-02 00:48:18.462500,
2021-11-02 00:48:24.625000,
2021-11-02 00:48:30.775000,
2021-11-02 00:48:36.925000,
2021-11-02 00:48:43.087500,
2021-11-02 00:48:49.237500,
2021-11-02 00:48:55.387500,
2021-11-02 00:49:01.550000,
2021-11-02 00:49:07.700000,
2021-11-02 00:49:13.850000,
2021-11-02 00:49:20.000000,
2021-11-02 00:49:26.162500,
2021-11-02 00:49:32.312500,
2021-11-02 00:49:38.462500,
2021-11-02 00:49:44.625000,
2021-11-02 00:49:50.775000,
2021-11-02 00:49:56.925000,
2021-11-02 00:50:03.087500,
2021-11-02 00:50:09.237500,
2021-11-02 00:50:15.387500,
2021-11-02 00:50:21.550000,
2021-11-02 00:50:27.700000,
2021-11-02 00:50:33.850000,
2021-11-02 00:50:40.000000,
2021-11-02 00:50:46.162500,
2021-11-02 00:50:52.312500,
2021-11-02 00:50:58.462500,
2021-11-02 00:51:04.625000,
2021-11-02 00:51:10.775000,
2021-11-02 00:51:16.925000,
2021-11-02 00:51:23.087500,
2021-11-02 00:51:29.237500,
2021-11-02 00:51:35.387500,
2021-11-02 00:51:41.550000,
2021-11-02 00:51:47.700000,
2021-11-02 00:51:53.850000,
2021-11-02 00:52:00.000000,
2021-11-02 00:52:06.162500,
2021-11-02 00:52:12.312500,
2021-11-02 00:52:18.462500,
2021-11-02 00:52:24.625000,
2021-11-02 00:52:30.775000,
2021-11-02 00:52:36.925000,
2021-11-02 00:52:43.087500,
2021-11-02 00:52:49.237500,
2021-11-02 00:52:55.387500,
2021-11-02 00:53:01.550000,
2021-11-02 00:53:07.700000,
2021-11-02 00:53:13.850000,
2021-11-02 00:53:20.000000,
2021-11-02 00:53:26.162500,
2021-11-02 00:53:32.312500,
2021-11-02 00:53:38.462500,
2021-11-02 00:53:44.625000,
2021-11-02 00:53:50.775000,
2021-11-02 00:53:56.925000,
2021-11-02 00:54:03.087500,
2021-11-02 00:54:09.237500,
2021-11-02 00:54:15.387500,
2021-11-02 00:54:21.550000,
2021-11-02 00:54:27.700000,
2021-11-02 00:54:33.850000,
2021-11-02 00:54:40.000000,
2021-11-02 00:54:46.162500,
2021-11-02 00:54:52.312500,
2021-11-02 00:54:58.462500,
2021-11-02 00:55:04.625000,
2021-11-02 00:55:10.775000,
2021-11-02 00:55:16.925000,
2021-11-02 00:55:23.087500,
2021-11-02 00:55:29.237500,
2021-11-02 00:55:35.387500,
2021-11-02 00:55:41.550000,
2021-11-02 00:55:47.700000,
2021-11-02 00:55:53.850000,
2021-11-02 00:56:00.000000,
2021-11-02 00:56:06.162500,
2021-11-02 00:56:12.312500,
2021-11-02 00:56:18.462500,
2021-11-02 00:56:24.625000,
2021-11-02 00:56:30.775000,
2021-11-02 00:56:36.925000,
2021-11-02 00:56:43.087500,
2021-11-02 00:56:49.237500,
2021-11-02 00:56:55.387500,
2021-11-02 00:57:01.550000,
2021-11-02 00:57:07.700000,
2021-11-02 00:57:13.850000,
2021-11-02 00:57:20.000000,
2021-11-02 00:57:26.162500,
2021-11-02 00:57:32.312500,
2021-11-02 00:57:38.462500,
2021-11-02 00:57:44.625000,
2021-11-02 00:57:50.775000,
2021-11-02 00:57:56.925000,
2021-11-02 00:58:03.087500,
2021-11-02 00:58:09.237500,
2021-11-02 00:58:15.387500,
2021-11-02 00:58:21.550000,
2021-11-02 00:58:27.700000,
2021-11-02 00:58:33.850000,
2021-11-02 00:58:40.000000,
2021-11-02 00:58:46.162500,
2021-11-02 00:58:52.312500,
2021-11-02 00:58:58.462500,
2021-11-02 00:59:04.625000,
2021-11-02 00:59:10.775000,
2021-11-02 00:59:16.925000,
2021-11-02 00:59:23.087500,
2021-11-02 00:59:29.237500,
2021-11-02 00:59:35.387500,
2021-11-02 00:59:41.550000,
2021-11-02 00:59:47.700000,
2021-11-02 00:59:53.850000,
2021-11-02 01:00:00.000000,
2021-11-02 01:00:06.162500,
2021-11-02 01:00:12.312500,
2021-11-02 01:00:18.462500,
2021-11-02 01:00:24.625000,
2021-11-02 01:00:30.775000,
2021-11-02 01:00:36.925000,
2021-11-02 01:00:43.087500,
2021-11-02 01:00:49.237500,
2021-11-02 01:00:55.387500,
2021-11-02 01:01:01.550000,
2021-11-02 01:01:07.700000,
2021-11-02 01:01:13.850000,
2021-11-02 01:01:20.000000,
2021-11-02 01:01:26.162500,
2021-11-02 01:01:32.312500,
2021-11-02 01:01:38.462500,
2021-11-02 01:01:44.625000,
2021-11-02 01:01:50.775000,
2021-11-02 01:01:56.925000,
2021-11-02 01:02:03.087500,
2021-11-02 01:02:09.237500,
2021-11-02 01:02:15.387500,
2021-11-02 01:02:21.550000,
2021-11-02 01:02:27.700000,
2021-11-02 01:02:33.850000,
2021-11-02 01:02:40.000000,
2021-11-02 01:02:46.162500,
2021-11-02 01:02:52.312500,
2021-11-02 01:02:58.462500,
2021-11-02 01:03:04.625000,
2021-11-02 01:03:10.775000,
2021-11-02 01:03:16.925000,
2021-11-02 01:03:23.087500,
2021-11-02 01:03:29.237500,
2021-11-02 01:03:35.387500,
2021-11-02 01:03:41.550000,
2021-11-02 01:03:47.700000,
2021-11-02 01:03:53.850000,
2021-11-02 01:04:00.000000,
2021-11-02 01:04:06.162500,
2021-11-02 01:04:12.312500,
2021-11-02 01:04:18.462500,
2021-11-02 01:04:24.625000,
2021-11-02 01:04:30.775000,
2021-11-02 01:04:36.925000,
2021-11-02 01:04:43.087500,
2021-11-02 01:04:49.237500,
2021-11-02 01:04:55.387500,
2021-11-02 01:05:01.550000,
2021-11-02 01:05:07.700000,
2021-11-02 01:05:13.850000,
2021-11-02 01:05:20.000000,
2021-11-02 01:05:26.162500,
2021-11-02 01:05:32.312500,
2021-11-02 01:05:38.462500,
2021-11-02 01:05:44.625000,
2021-11-02 01:05:50.775000,
2021-11-02 01:05:56.925000,
2021-11-02 01:06:03.087500,
2021-11-02 01:06:09.237500,
2021-11-02 01:06:15.387500,
2021-11-02 01:06:21.550000,
2021-11-02 01:06:27.700000,
2021-11-02 01:06:33.850000,
2021-11-02 01:06:40.000000,
2021-11-02 01:06:46.162500,
2021-11-02 01:06:52.312500,
2021-11-02 01:06:58.462500,
2021-11-02 01:07:04.625000,
2021-11-02 01:07:10.775000,
2021-11-02 01:07:16.925000,
2021-11-02 01:07:23.087500,
2021-11-02 01:07:29.237500,
2021-11-02 01:07:35.387500,
2021-11-02 01:07:41.550000,
2021-11-02 01:07:47.700000,
2021-11-02 01:07:53.850000,
2021-11-02 01:08:00.000000,
2021-11-02 01:08:06.162500,
2021-11-02 01:08:12.312500,
2021-11-02 01:08:18.462500,
2021-11-02 01:08:24.625000,
2021-11-02 01:08:30.775000,
2021-11-02 01:08:36.925000,
2021-11-02 01:08:43.087500,
2021-11-02 01:08:49.237500,
2021-11-02 01:08:55.387500,
2021-11-02 01:09:01.550000,
2021-11-02 01:09:07.700000,
2021-11-02 01:09:13.850000,
2021-11-02 01:09:20.000000,
2021-11-02 01:09:26.162500,
2021-11-02 01:09:32.312500,
2021-11-02 01:09:38.462500,
2021-11-02 01:09:44.625000,
2021-11-02 01:09:50.775000,
2021-11-02 01:09:56.925000,
2021-11-02 01:10:03.087500,
2021-11-02 01:10:09.237500,
2021-11-02 01:10:15.387500,
2021-11-02 01:10:21.550000,
2021-11-02 01:10:27.700000,
2021-11-02 01:10:33.850000,
2021-11-02 01:10:40.000000,
2021-11-02 01:10:46.162500,
2021-11-02 01:10:52.312500,
2021-11-02 01:10:58.462500,
2021-11-02 01:11:04.625000,
2021-11-02 01:11:10.775000,
2021-11-02 01:11:16.925000,
2021-11-02 01:11:23.087500,
2021-11-02 01:11:29.237500,
2021-11-02 01:11:35.387500,
2021-11-02 01:11:41.550000,
2021-11-02 01:11:47.700000,
2021-11-02 01:11:53.850000,
2021-11-02 01:12:00.000000,
2021-11-02 01:12:06.162500,
2021-11-02 01:12:12.312500,
2021-11-02 01:12:18.462500,
2021-11-02 01:12:24.625000,
2021-11-02 01:12:30.775000,
2021-11-02 01:12:36.925000,
2021-11-02 01:12:43.087500,
2021-11-02 01:12:49.237500,
2021-11-02 01:12:55.387500,
2021-11-02 01:13:01.550000,
2021-11-02 01:13:07.700000,
2021-11-02 01:13:13.850000,
2021-11-02 01:13:20.000000,
2021-11-02 01:13:26.162500,
2021-11-02 01:13:32.312500,
2021-11-02 01:13:38.462500,
2021-11-02 01:13:44.625000,
2021-11-02 01:13:50.775000,
2021-11-02 01:13:56.925000,
2021-11-02 01:14:03.087500,
2021-11-02 01:14:09.237500,
2021-11-02 01:14:15.387500,
2021-11-02 01:14:21.550000,
2021-11-02 01:14:27.700000,
2021-11-02 01:14:33.850000,
2021-11-02 01:14:40.000000,
2021-11-02 01:14:46.162500,
2021-11-02 01:14:52.312500,
2021-11-02 01:14:58.462500,
2021-11-02 01:15:04.625000,
2021-11-02 01:15:10.775000,
2021-11-02 01:15:16.925000,
2021-11-02 01:15:23.087500,
2021-11-02 01:15:29.237500,
2021-11-02 01:15:35.387500,
2021-11-02 01:15:41.550000,
2021-11-02 01:15:47.700000,
2021-11-02 01:15:53.850000,
2021-11-02 01:16:00.000000,
2021-11-02 01:16:06.162500,
2021-11-02 01:16:12.312500,
2021-11-02 01:16:18.462500,
2021-11-02 01:16:24.625000,
2021-11-02 01:16:30.775000,
2021-11-02 01:16:36.925000,
2021-11-02 01:16:43.087500,
2021-11-02 01:16:49.237500,
2021-11-02 01:16:55.387500,
2021-11-02 01:17:01.550000,
2021-11-02 01:17:07.700000,
2021-11-02 01:17:13.850000,
2021-11-02 01:17:20.000000,
2021-11-02 01:17:26.162500,
2021-11-02 01:17:32.312500,
2021-11-02 01:17:38.462500,
2021-11-02 01:17:44.625000,
2021-11-02 01:17:50.775000,
2021-11-02 01:17:56.925000,
2021-11-02 01:18:03.087500,
2021-11-02 01:18:09.237500,
2021-11-02 01:18:15.387500,
2021-11-02 01:18:21.550000,
2021-11-02 01:18:27.700000,
2021-11-02 01:18:33.850000,
2021-11-02 01:18:40.000000,
2021-11-02 01:18:46.162500,
2021-11-02 01:18:52.312500,
2021-11-02 01:18:58.462500,
2021-11-02 01:19:04.625000,
2021-11-02 01:19:10.775000,
2021-11-02 01:19:16.925000,
2021-11-02 01:19:23.087500,
2021-11-02 01:19:29.237500,
2021-11-02 01:19:35.387500,
2021-11-02 01:19:41.550000,
2021-11-02 01:19:47.700000,
2021-11-02 01:19:53.850000,
2021-11-02 01:20:00.000000,
2021-11-02 01:20:06.162500,
2021-11-02 01:20:12.312500,
2021-11-02 01:20:18.462500,
2021-11-02 01:20:24.625000,
2021-11-02 01:20:30.775000,
2021-11-02 01:20:36.925000,
2021-11-02 01:20:43.087500,
2021-11-02 01:20:49.237500,
2021-11-02 01:20:55.387500,
2021-11-02 01:21:01.550000,
2021-11-02 01:21:07.700000,
2021-11-02 01:21:13.850000,
2021-11-02 01:21:20.000000,
2021-11-02 01:21:26.162500,
2021-11-02 01:21:32.312500,
2021-11-02 01:21:38.462500,
2021-11-02 01:21:44.625000,
2021-11-02 01:21:50.775000,
2021-11-02 01:21:56.925000,
2021-11-02 01:22:03.087500,
2021-11-02 01:22:09.237500,
2021-11-02 01:22:15.387500,
2021-11-02 01:22:21.550000,
2021-11-02 01:22:27.700000,
2021-11-02 01:22:33.850000,
2021-11-02 01:22:40.000000,
2021-11-02 01:22:46.162500,
2021-11-02 01:22:52.312500,
2021-11-02 01:22:58.462500,
2021-11-02 01:23:04.625000,
2021-11-02 01:23:10.775000,
2021-11-02 01:23:16.925000,
2021-11-02 01:23:23.087500,
2021-11-02 01:23:29.237500,
2021-11-02 01:23:35.387500,
2021-11-02 01:23:41.550000,
2021-11-02 01:23:47.700000,
2021-11-02 01:23:53.850000,
2021-11-02 01:24:00.000000,
2021-11-02 01:24:06.162500,
2021-11-02 01:24:12.312500,
2021-11-02 01:24:18.462500,
2021-11-02 01:24:24.625000,
2021-11-02 01:24:30.775000,
2021-11-02 01:24:36.925000,
2021-11-02 01:24:43.087500,
2021-11-02 01:24:49.237500,
2021-11-02 01:24:55.387500,
2021-11-02 01:25:01.550000,
2021-11-02 01:25:07.700000,
2021-11-02 01:25:13.850000,
2021-11-02 01:25:20.000000,
2021-11-02 01:25:26.162500,
2021-11-02 01:25:32.312500,
2021-11-02 01:25:38.462500,
2021-11-02 01:25:44.625000,
2021-11-02 01:25:50.775000,
2021-11-02 01:25:56.925000,
2021-11-02 01:26:03.087500,
2021-11-02 01:26:09.237500,
2021-11-02 01:26:15.387500,
2021-11-02 01:26:21.550000,
2021-11-02 01:26:27.700000,
2021-11-02 01:26:33.850000,
2021-11-02 01:26:40.000000,
2021-11-02 01:26:46.162500,
2021-11-02 01:26:52.312500,
2021-11-02 01:26:58.462500,
2021-11-02 01:27:04.625000,
2021-11-02 01:27:10.775000,
2021-11-02 01:27:16.925000,
2021-11-02 01:27:23.087500,
2021-11-02 01:27:29.237500,
2021-11-02 01:27:35.387500,
2021-11-02 01:27:41.550000,
2021-11-02 01:27:47.700000,
2021-11-02 01:27:53.850000,
2021-11-02 01:28:00.000000,
2021-11-02 01:28:06.162500,
2021-11-02 01:28:12.312500,
2021-11-02 01:28:18.462500,
2021-11-02 01:28:24.625000,
2021-11-02 01:28:30.775000,
2021-11-02 01:28:36.925000,
2021-11-02 01:28:43.087500,
2021-11-02 01:28:49.237500,
2021-11-02 01:28:55.387500,
2021-11-02 01:29:01.550000,
2021-11-02 01:29:07.700000,
2021-11-02 01:29:13.850000,
2021-11-02 01:29:20.000000,
2021-11-02 01:29:26.162500,
2021-11-02 01:29:32.312500,
2021-11-02 01:29:38.462500,
2021-11-02 01:29:44.625000,
2021-11-02 01:29:50.775000,
2021-11-02 01:29:56.925000,
2021-11-02 01:30:03.087500,
2021-11-02 01:30:09.237500,
2021-11-02 01:30:15.387500,
2021-11-02 01:30:21.550000,
2021-11-02 01:30:27.700000,
2021-11-02 01:30:33.850000,
2021-11-02 01:30:40.000000,
2021-11-02 01:30:46.162500,
2021-11-02 01:30:52.312500,
2021-11-02 01:30:58.462500,
2021-11-02 01:31:04.625000,
2021-11-02 01:31:10.775000,
2021-11-02 01:31:16.925000,
2021-11-02 01:31:23.087500,
2021-11-02 01:31:29.237500,
2021-11-02 01:31:35.387500,
2021-11-02 01:31:41.550000,
2021-11-02 01:31:47.700000,
2021-11-02 01:31:53.850000,
2021-11-02 01:32:00.000000,
2021-11-02 01:32:06.162500,
2021-11-02 01:32:12.312500,
2021-11-02 01:32:18.462500,
2021-11-02 01:32:24.625000,
2021-11-02 01:32:30.775000,
2021-11-02 01:32:36.925000,
2021-11-02 01:32:43.087500,
2021-11-02 01:32:49.237500,
2021-11-02 01:32:55.387500,
2021-11-02 01:33:01.550000,
2021-11-02 01:33:07.700000,
2021-11-02 01:33:13.850000,
2021-11-02 01:33:20.000000,
2021-11-02 01:33:26.162500,
2021-11-02 01:33:32.312500,
2021-11-02 01:33:38.462500,
2021-11-02 01:33:44.625000,
2021-11-02 01:33:50.775000,
2021-11-02 01:33:56.925000,
2021-11-02 01:34:03.087500,
2021-11-02 01:34:09.237500,
2021-11-02 01:34:15.387500,
2021-11-02 01:34:21.550000,
2021-11-02 01:34:27.700000,
2021-11-02 01:34:33.850000,
2021-11-02 01:34:40.000000,
2021-11-02 01:34:46.162500,
2021-11-02 01:34:52.312500,
2021-11-02 01:34:58.462500,
2021-11-02 01:35:04.625000,
2021-11-02 01:35:10.775000,
2021-11-02 01:35:16.925000,
2021-11-02 01:35:23.087500,
2021-11-02 01:35:29.237500,
2021-11-02 01:35:35.387500,
2021-11-02 01:35:41.550000,
2021-11-02 01:35:47.700000,
2021-11-02 01:35:53.850000,
2021-11-02 01:36:00.000000,
2021-11-02 01:36:06.162500,
2021-11-02 01:36:12.312500,
2021-11-02 01:36:18.462500,
2021-11-02 01:36:24.625000,
2021-11-02 01:36:30.775000,
2021-11-02 01:36:36.925000,
2021-11-02 01:36:43.087500,
2021-11-02 01:36:49.237500,
2021-11-02 01:36:55.387500,
2021-11-02 01:37:01.550000,
2021-11-02 01:37:07.700000,
2021-11-02 01:37:13.850000,
2021-11-02 01:37:20.000000,
2021-11-02 01:37:26.162500,
2021-11-02 01:37:32.312500,
2021-11-02 01:37:38.462500,
2021-11-02 01:37:44.625000,
2021-11-02 01:37:50.775000,
2021-11-02 01:37:56.925000,
2021-11-02 01:38:03.087500,
2021-11-02 01:38:09.237500,
2021-11-02 01:38:15.387500,
2021-11-02 01:38:21.550000,
2021-11-02 01:38:27.700000,
2021-11-02 01:38:33.850000,
2021-11-02 01:38:40.000000,
2021-11-02 01:38:46.162500,
2021-11-02 01:38:52.312500,
2021-11-02 01:38:58.462500,
2021-11-02 01:39:04.625000,
2021-11-02 01:39:10.775000,
2021-11-02 01:39:16.925000,
2021-11-02 01:39:23.087500,
2021-11-02 01:39:29.237500,
2021-11-02 01:39:35.387500,
2021-11-02 01:39:41.550000,
2021-11-02 01:39:47.700000,
2021-11-02 01:39:53.850000,
2021-11-02 01:40:00.000000,
2021-11-02 01:40:06.162500,
2021-11-02 01:40:12.312500,
2021-11-02 01:40:18.462500,
2021-11-02 01:40:24.625000,
2021-11-02 01:40:30.775000,
2021-11-02 01:40:36.925000,
2021-11-02 01:40:43.087500,
2021-11-02 01:40:49.237500,
2021-11-02 01:40:55.387500,
2021-11-02 01:41:01.550000,
2021-11-02 01:41:07.700000,
2021-11-02 01:41:13.850000,
2021-11-02 01:41:20.000000,
2021-11-02 01:41:26.162500,
2021-11-02 01:41:32.312500,
2021-11-02 01:41:38.462500,
2021-11-02 01:41:44.625000,
2021-11-02 01:41:50.775000,
2021-11-02 01:41:56.925000,
2021-11-02 01:42:03.087500,
2021-11-02 01:42:09.237500,
2021-11-02 01:42:15.387500,
2021-11-02 01:42:21.550000,
2021-11-02 01:42:27.700000,
2021-11-02 01:42:33.850000,
2021-11-02 01:42:40.000000,
2021-11-02 01:42:46.162500,
2021-11-02 01:42:52.312500,
2021-11-02 01:42:58.462500,
2021-11-02 01:43:04.625000,
2021-11-02 01:43:10.775000,
2021-11-02 01:43:16.925000,
2021-11-02 01:43:23.087500,
2021-11-02 01:43:29.237500,
2021-11-02 01:43:35.387500,
2021-11-02 01:43:41.550000,
2021-11-02 01:43:47.700000,
2021-11-02 01:43:53.850000,
2021-11-02 01:44:00.000000,
2021-11-02 01:44:06.162500,
2021-11-02 01:44:12.312500,
2021-11-02 01:44:18.462500,
2021-11-02 01:44:24.625000,
2021-11-02 01:44:30.775000,
2021-11-02 01:44:36.925000,
2021-11-02 01:44:43.087500,
2021-11-02 01:44:49.237500,
2021-11-02 01:44:55.387500,
2021-11-02 01:45:01.550000,
2021-11-02 01:45:07.700000,
2021-11-02 01:45:13.850000,
2021-11-02 01:45:20.000000,
2021-11-02 01:45:26.162500,
2021-11-02 01:45:32.312500,
2021-11-02 01:45:38.462500,
2021-11-02 01:45:44.625000,
2021-11-02 01:45:50.775000,
2021-11-02 01:45:56.925000,
2021-11-02 01:46:03.087500,
2021-11-02 01:46:09.237500,
2021-11-02 01:46:15.387500,
2021-11-02 01:46:21.550000,
2021-11-02 01:46:27.700000,
2021-11-02 01:46:33.850000,
2021-11-02 01:46:40.000000,
2021-11-02 01:46:46.162500,
2021-11-02 01:46:52.312500,
2021-11-02 01:46:58.462500,
2021-11-02 01:47:04.625000,
2021-11-02 01:47:10.775000,
2021-11-02 01:47:16.925000,
2021-11-02 01:47:23.087500,
2021-11-02 01:47:29.237500,
2021-11-02 01:47:35.387500,
2021-11-02 01:47:41.550000,
2021-11-02 01:47:47.700000,
2021-11-02 01:47:53.850000,
2021-11-02 01:48:00.000000,
2021-11-02 01:48:06.162500,
2021-11-02 01:48:12.312500,
2021-11-02 01:48:18.462500,
2021-11-02 01:48:24.625000,
2021-11-02 01:48:30.775000,
2021-11-02 01:48:36.925000,
2021-11-02 01:48:43.087500,
2021-11-02 01:48:49.237500,
2021-11-02 01:48:55.387500,
2021-11-02 01:49:01.550000,
2021-11-02 01:49:07.700000,
2021-11-02 01:49:13.850000,
2021-11-02 01:49:20.000000,
2021-11-02 01:49:26.162500,
2021-11-02 01:49:32.312500,
2021-11-02 01:49:38.462500,
2021-11-02 01:49:44.625000,
2021-11-02 01:49:50.775000,
2021-11-02 01:49:56.925000,
2021-11-02 01:50:03.087500,
2021-11-02 01:50:09.237500,
2021-11-02 01:50:15.387500,
2021-11-02 01:50:21.550000,
2021-11-02 01:50:27.700000,
2021-11-02 01:50:33.850000,
2021-11-02 01:50:40.000000,
2021-11-02 01:50:46.162500,
2021-11-02 01:50:52.312500,
2021-11-02 01:50:58.462500,
2021-11-02 01:51:04.625000,
2021-11-02 01:51:10.775000,
2021-11-02 01:51:16.925000,
2021-11-02 01:51:23.087500,
2021-11-02 01:51:29.237500,
2021-11-02 01:51:35.387500,
2021-11-02 01:51:41.550000,
2021-11-02 01:51:47.700000,
2021-11-02 01:51:53.850000,
2021-11-02 01:52:00.000000,
2021-11-02 01:52:06.162500,
2021-11-02 01:52:12.312500,
2021-11-02 01:52:18.462500,
2021-11-02 01:52:24.625000,
2021-11-02 01:52:30.775000,
2021-11-02 01:52:36.925000,
2021-11-02 01:52:43.087500,
2021-11-02 01:52:49.237500,
2021-11-02 01:52:55.387500,
2021-11-02 01:53:01.550000,
2021-11-02 01:53:07.700000,
2021-11-02 01:53:13.850000,
2021-11-02 01:53:20.000000,
2021-11-02 01:53:26.162500,
2021-11-02 01:53:32.312500,
2021-11-02 01:53:38.462500,
2021-11-02 01:53:44.625000,
2021-11-02 01:53:50.775000,
2021-11-02 01:53:56.925000,
2021-11-02 01:54:03.087500,
2021-11-02 01:54:09.237500,
2021-11-02 01:54:15.387500,
2021-11-02 01:54:21.550000,
2021-11-02 01:54:27.700000,
2021-11-02 01:54:33.850000,
2021-11-02 01:54:40.000000,
2021-11-02 01:54:46.162500,
2021-11-02 01:54:52.312500,
2021-11-02 01:54:58.462500,
2021-11-02 01:55:04.625000,
2021-11-02 01:55:10.775000,
2021-11-02 01:55:16.925000,
2021-11-02 01:55:23.087500,
2021-11-02 01:55:29.237500,
2021-11-02 01:55:35.387500,
2021-11-02 01:55:41.550000,
2021-11-02 01:55:47.700000,
2021-11-02 01:55:53.850000,
2021-11-02 01:56:00.012500,
2021-11-02 01:56:06.162500,
2021-11-02 01:56:12.312500,
2021-11-02 01:56:18.462500,
2021-11-02 01:56:24.625000,
2021-11-02 01:56:30.775000,
2021-11-02 01:56:36.925000,
2021-11-02 01:56:43.087500,
2021-11-02 01:56:49.237500,
2021-11-02 01:56:55.387500,
2021-11-02 01:57:01.550000,
2021-11-02 01:57:07.700000,
2021-11-02 01:57:13.850000,
2021-11-02 01:57:20.012500,
2021-11-02 01:57:26.162500,
2021-11-02 01:57:32.312500,
2021-11-02 01:57:38.462500,
2021-11-02 01:57:44.625000,
2021-11-02 01:57:50.775000,
2021-11-02 01:57:56.925000,
2021-11-02 01:58:03.087500,
2021-11-02 01:58:09.237500,
2021-11-02 01:58:15.387500,
2021-11-02 01:58:21.550000,
2021-11-02 01:58:27.700000,
2021-11-02 01:58:33.850000,
2021-11-02 01:58:40.012500,
2021-11-02 01:58:46.162500,
2021-11-02 01:58:52.312500,
2021-11-02 01:58:58.462500,
2021-11-02 01:59:04.625000,
2021-11-02 01:59:10.775000,
2021-11-02 01:59:16.925000,
2021-11-02 01:59:23.087500,
2021-11-02 01:59:29.237500,
2021-11-02 01:59:35.387500,
2021-11-02 01:59:41.550000,
2021-11-02 01:59:47.700000,
2021-11-02 01:59:53.850000,
2021-11-02 02:00:00.012500,
2021-11-02 02:00:06.162500,
2021-11-02 02:00:12.312500,
2021-11-02 02:00:18.462500,
2021-11-02 02:00:24.625000,
2021-11-02 02:00:30.775000,
2021-11-02 02:00:36.925000,
2021-11-02 02:00:43.087500,
2021-11-02 02:00:49.237500,
2021-11-02 02:00:55.387500,
2021-11-02 02:01:01.550000,
2021-11-02 02:01:07.700000,
2021-11-02 02:01:13.850000,
2021-11-02 02:01:20.012500,
2021-11-02 02:01:26.162500,
2021-11-02 02:01:32.312500,
2021-11-02 02:01:38.462500,
2021-11-02 02:01:44.625000,
2021-11-02 02:01:50.775000,
2021-11-02 02:01:56.925000,
2021-11-02 02:02:03.087500,
2021-11-02 02:02:09.237500,
2021-11-02 02:02:15.387500,
2021-11-02 02:02:21.550000,
2021-11-02 02:02:27.700000,
2021-11-02 02:02:33.850000,
2021-11-02 02:02:40.012500,
2021-11-02 02:02:46.162500,
2021-11-02 02:02:52.312500,
2021-11-02 02:02:58.462500,
2021-11-02 02:03:04.625000,
2021-11-02 02:03:10.775000,
2021-11-02 02:03:16.925000,
2021-11-02 02:03:23.087500,
2021-11-02 02:03:29.237500,
2021-11-02 02:03:35.387500,
2021-11-02 02:03:41.550000,
2021-11-02 02:03:47.700000,
2021-11-02 02:03:53.850000,
2021-11-02 02:04:00.012500,
2021-11-02 02:04:06.162500,
2021-11-02 02:04:12.312500,
2021-11-02 02:04:18.462500,
2021-11-02 02:04:24.625000,
2021-11-02 02:04:30.775000,
2021-11-02 02:04:36.925000,
2021-11-02 02:04:43.087500,
2021-11-02 02:04:49.237500,
2021-11-02 02:04:55.387500,
2021-11-02 02:05:01.550000,
2021-11-02 02:05:07.700000,
2021-11-02 02:05:13.850000,
2021-11-02 02:05:20.012500,
2021-11-02 02:05:26.162500,
2021-11-02 02:05:32.312500,
2021-11-02 02:05:38.462500,
2021-11-02 02:05:44.625000,
2021-11-02 02:05:50.775000,
2021-11-02 02:05:56.925000,
2021-11-02 02:06:03.087500,
2021-11-02 02:06:09.237500,
2021-11-02 02:06:15.387500,
2021-11-02 02:06:21.550000,
2021-11-02 02:06:27.700000,
2021-11-02 02:06:33.850000,
2021-11-02 02:06:40.012500,
2021-11-02 02:06:46.162500,
2021-11-02 02:06:52.312500,
2021-11-02 02:06:58.462500,
2021-11-02 02:07:04.625000,
2021-11-02 02:07:10.775000,
2021-11-02 02:07:16.925000,
2021-11-02 02:07:23.087500,
2021-11-02 02:07:29.237500,
2021-11-02 02:07:35.387500,
2021-11-02 02:07:41.550000,
2021-11-02 02:07:47.700000,
2021-11-02 02:07:53.850000,
2021-11-02 02:08:00.012500,
2021-11-02 02:08:06.162500,
2021-11-02 02:08:12.312500,
2021-11-02 02:08:18.462500,
2021-11-02 02:08:24.625000,
2021-11-02 02:08:30.775000,
2021-11-02 02:08:36.925000,
2021-11-02 02:08:43.087500,
2021-11-02 02:08:49.237500,
2021-11-02 02:08:55.387500,
2021-11-02 02:09:01.550000,
2021-11-02 02:09:07.700000,
2021-11-02 02:09:13.850000,
2021-11-02 02:09:20.012500,
2021-11-02 02:09:26.162500,
2021-11-02 02:09:32.312500,
2021-11-02 02:09:38.462500,
2021-11-02 02:09:44.625000,
2021-11-02 02:09:50.775000,
2021-11-02 02:09:56.925000,
2021-11-02 02:10:03.087500,
2021-11-02 02:10:09.237500,
2021-11-02 02:10:15.387500,
2021-11-02 02:10:21.550000,
2021-11-02 02:10:27.700000,
2021-11-02 02:10:33.850000,
2021-11-02 02:10:40.012500,
2021-11-02 02:10:46.162500,
2021-11-02 02:10:52.312500,
2021-11-02 02:10:58.462500,
2021-11-02 02:11:04.625000,
2021-11-02 02:11:10.775000,
2021-11-02 02:11:16.925000,
2021-11-02 02:11:23.087500,
2021-11-02 02:11:29.237500,
2021-11-02 02:11:35.387500,
2021-11-02 02:11:41.550000,
2021-11-02 02:11:47.700000,
2021-11-02 02:11:53.850000,
2021-11-02 02:12:00.012500,
2021-11-02 02:12:06.162500,
2021-11-02 02:12:12.312500,
2021-11-02 02:12:18.462500,
2021-11-02 02:12:24.625000,
2021-11-02 02:12:30.775000,
2021-11-02 02:12:36.925000,
2021-11-02 02:12:43.087500,
2021-11-02 02:12:49.237500,
2021-11-02 02:12:55.387500,
2021-11-02 02:13:01.550000,
2021-11-02 02:13:07.700000,
2021-11-02 02:13:13.850000,
2021-11-02 02:13:20.012500,
2021-11-02 02:13:26.162500,
2021-11-02 02:13:32.312500,
2021-11-02 02:13:38.462500,
2021-11-02 02:13:44.625000,
2021-11-02 02:13:50.775000,
2021-11-02 02:13:56.925000,
2021-11-02 02:14:03.087500,
2021-11-02 02:14:09.237500,
2021-11-02 02:14:15.387500,
2021-11-02 02:14:21.550000,
2021-11-02 02:14:27.700000,
2021-11-02 02:14:33.850000,
2021-11-02 02:14:40.012500,
2021-11-02 02:14:46.162500,
2021-11-02 02:14:52.312500,
2021-11-02 02:14:58.462500,
2021-11-02 02:15:04.625000,
2021-11-02 02:15:10.775000,
2021-11-02 02:15:16.925000,
2021-11-02 02:15:23.087500,
2021-11-02 02:15:29.237500,
2021-11-02 02:15:35.387500,
2021-11-02 02:15:41.550000,
2021-11-02 02:15:47.700000,
2021-11-02 02:15:53.850000,
2021-11-02 02:16:00.012500,
2021-11-02 02:16:06.162500,
2021-11-02 02:16:12.312500,
2021-11-02 02:16:18.462500,
2021-11-02 02:16:24.625000,
2021-11-02 02:16:30.775000,
2021-11-02 02:16:36.925000,
2021-11-02 02:16:43.087500,
2021-11-02 02:16:49.237500,
2021-11-02 02:16:55.387500,
2021-11-02 02:17:01.550000,
2021-11-02 02:17:07.700000,
2021-11-02 02:17:13.850000,
2021-11-02 02:17:20.012500,
2021-11-02 02:17:26.162500,
2021-11-02 02:17:32.312500,
2021-11-02 02:17:38.462500,
2021-11-02 02:17:44.625000,
2021-11-02 02:17:50.775000,
2021-11-02 02:17:56.925000,
2021-11-02 02:18:03.087500,
2021-11-02 02:18:09.237500,
2021-11-02 02:18:15.387500,
2021-11-02 02:18:21.550000,
2021-11-02 02:18:27.700000,
2021-11-02 02:18:33.850000,
2021-11-02 02:18:40.012500,
2021-11-02 02:18:46.162500,
2021-11-02 02:18:52.312500,
2021-11-02 02:18:58.462500,
2021-11-02 02:19:04.625000,
2021-11-02 02:19:10.775000,
2021-11-02 02:19:16.925000,
2021-11-02 02:19:23.087500,
2021-11-02 02:19:29.237500,
2021-11-02 02:19:35.387500,
2021-11-02 02:19:41.550000,
2021-11-02 02:19:47.700000,
2021-11-02 02:19:53.850000,
2021-11-02 02:20:00.012500,
2021-11-02 02:20:06.162500,
2021-11-02 02:20:12.312500,
2021-11-02 02:20:18.462500,
2021-11-02 02:20:24.625000,
2021-11-02 02:20:30.775000,
2021-11-02 02:20:36.925000,
2021-11-02 02:20:43.087500,
2021-11-02 02:20:49.237500,
2021-11-02 02:20:55.387500,
2021-11-02 02:21:01.550000,
2021-11-02 02:21:07.700000,
2021-11-02 02:21:13.850000,
2021-11-02 02:21:20.012500,
2021-11-02 02:21:26.162500,
2021-11-02 02:21:32.312500,
2021-11-02 02:21:38.462500,
2021-11-02 02:21:44.625000,
2021-11-02 02:21:50.775000,
2021-11-02 02:21:56.925000,
2021-11-02 02:22:03.087500,
2021-11-02 02:22:09.237500,
2021-11-02 02:22:15.387500,
2021-11-02 02:22:21.550000,
2021-11-02 02:22:27.700000,
2021-11-02 02:22:33.850000,
2021-11-02 02:22:40.012500,
2021-11-02 02:22:46.162500,
2021-11-02 02:22:52.312500,
2021-11-02 02:22:58.462500,
2021-11-02 02:23:04.625000,
2021-11-02 02:23:10.775000,
2021-11-02 02:23:16.925000,
2021-11-02 02:23:23.087500,
2021-11-02 02:23:29.237500,
2021-11-02 02:23:35.387500,
2021-11-02 02:23:41.550000,
2021-11-02 02:23:47.700000,
2021-11-02 02:23:53.850000,
2021-11-02 02:24:00.012500,
2021-11-02 02:24:06.162500,
2021-11-02 02:24:12.312500,
2021-11-02 02:24:18.462500,
2021-11-02 02:24:24.625000,
2021-11-02 02:24:30.775000,
2021-11-02 02:24:36.925000,
2021-11-02 02:24:43.087500,
2021-11-02 02:24:49.237500,
2021-11-02 02:24:55.387500,
2021-11-02 02:25:01.550000,
2021-11-02 02:25:07.700000,
2021-11-02 02:25:13.850000,
2021-11-02 02:25:20.012500,
2021-11-02 02:25:26.162500,
2021-11-02 02:25:32.312500,
2021-11-02 02:25:38.462500,
2021-11-02 02:25:44.625000,
2021-11-02 02:25:50.775000,
2021-11-02 02:25:56.925000,
2021-11-02 02:26:03.087500,
2021-11-02 02:26:09.237500,
2021-11-02 02:26:15.387500,
2021-11-02 02:26:21.550000,
2021-11-02 02:26:27.700000,
2021-11-02 02:26:33.850000,
2021-11-02 02:26:40.012500,
2021-11-02 02:26:46.162500,
2021-11-02 02:26:52.312500,
2021-11-02 02:26:58.462500,
2021-11-02 02:27:04.625000,
2021-11-02 02:27:10.775000,
2021-11-02 02:27:16.925000,
2021-11-02 02:27:23.087500,
2021-11-02 02:27:29.237500,
2021-11-02 02:27:35.387500,
2021-11-02 02:27:41.550000,
2021-11-02 02:27:47.700000,
2021-11-02 02:27:53.850000,
2021-11-02 02:28:00.012500,
2021-11-02 02:28:06.162500,
2021-11-02 02:28:12.312500,
2021-11-02 02:28:18.462500,
2021-11-02 02:28:24.625000,
2021-11-02 02:28:30.775000,
2021-11-02 02:28:36.925000,
2021-11-02 02:28:43.087500,
2021-11-02 02:28:49.237500,
2021-11-02 02:28:55.387500,
2021-11-02 02:29:01.550000,
2021-11-02 02:29:07.700000,
2021-11-02 02:29:13.850000,
2021-11-02 02:29:20.012500,
2021-11-02 02:29:26.162500,
2021-11-02 02:29:32.312500,
2021-11-02 02:29:38.462500,
2021-11-02 02:29:44.625000,
2021-11-02 02:29:50.775000,
2021-11-02 02:29:56.925000,
2021-11-02 02:30:03.087500,
2021-11-02 02:30:09.237500,
2021-11-02 02:30:15.387500,
2021-11-02 02:30:21.550000,
2021-11-02 02:30:27.700000,
2021-11-02 02:30:33.850000,
2021-11-02 02:30:40.012500,
2021-11-02 02:30:46.162500,
2021-11-02 02:30:52.312500,
2021-11-02 02:30:58.462500,
2021-11-02 02:31:04.625000,
2021-11-02 02:31:10.775000,
2021-11-02 02:31:16.925000,
2021-11-02 02:31:23.087500,
2021-11-02 02:31:29.237500,
2021-11-02 02:31:35.387500,
2021-11-02 02:31:41.550000,
2021-11-02 02:31:47.700000,
2021-11-02 02:31:53.850000,
2021-11-02 02:32:00.012500,
2021-11-02 02:32:06.162500,
2021-11-02 02:32:12.312500,
2021-11-02 02:32:18.462500,
2021-11-02 02:32:24.625000,
2021-11-02 02:32:30.775000,
2021-11-02 02:32:36.925000,
2021-11-02 02:32:43.087500,
2021-11-02 02:32:49.237500,
2021-11-02 02:32:55.387500,
2021-11-02 02:33:01.550000,
2021-11-02 02:33:07.700000,
2021-11-02 02:33:13.850000,
2021-11-02 02:33:20.012500,
2021-11-02 02:33:26.162500,
2021-11-02 02:33:32.312500,
2021-11-02 02:33:38.462500,
2021-11-02 02:33:44.625000,
2021-11-02 02:33:50.775000,
2021-11-02 02:33:56.925000,
2021-11-02 02:34:03.087500,
2021-11-02 02:34:09.237500,
2021-11-02 02:34:15.387500,
2021-11-02 02:34:21.550000,
2021-11-02 02:34:27.700000,
2021-11-02 02:34:33.850000,
2021-11-02 02:34:40.012500,
2021-11-02 02:34:46.162500,
2021-11-02 02:34:52.312500,
2021-11-02 02:34:58.462500,
2021-11-02 02:35:04.625000,
2021-11-02 02:35:10.775000,
2021-11-02 02:35:16.925000,
2021-11-02 02:35:23.087500,
2021-11-02 02:35:29.237500,
2021-11-02 02:35:35.387500,
2021-11-02 02:35:41.550000,
2021-11-02 02:35:47.700000,
2021-11-02 02:35:53.850000,
2021-11-02 02:36:00.012500,
2021-11-02 02:36:06.162500,
2021-11-02 02:36:12.312500,
2021-11-02 02:36:18.462500,
2021-11-02 02:36:24.625000,
2021-11-02 02:36:30.775000,
2021-11-02 02:36:36.925000,
2021-11-02 02:36:43.087500,
2021-11-02 02:36:49.237500,
2021-11-02 02:36:55.387500,
2021-11-02 02:37:01.550000,
2021-11-02 02:37:07.700000,
2021-11-02 02:37:13.850000,
2021-11-02 02:37:20.012500,
2021-11-02 02:37:26.162500,
2021-11-02 02:37:32.312500,
2021-11-02 02:37:38.462500,
2021-11-02 02:37:44.625000,
2021-11-02 02:37:50.775000,
2021-11-02 02:37:56.925000,
2021-11-02 02:38:03.087500,
2021-11-02 02:38:09.237500,
2021-11-02 02:38:15.387500,
2021-11-02 02:38:21.550000,
2021-11-02 02:38:27.700000,
2021-11-02 02:38:33.850000,
2021-11-02 02:38:40.012500,
2021-11-02 02:38:46.162500,
2021-11-02 02:38:52.312500,
2021-11-02 02:38:58.462500,
2021-11-02 02:39:04.625000,
2021-11-02 02:39:10.775000,
2021-11-02 02:39:16.925000,
2021-11-02 02:39:23.087500,
2021-11-02 02:39:29.237500,
2021-11-02 02:39:35.387500,
2021-11-02 02:39:41.550000,
2021-11-02 02:39:47.700000,
2021-11-02 02:39:53.850000,
2021-11-02 02:40:00.012500,
2021-11-02 02:40:06.162500,
2021-11-02 02:40:12.312500,
2021-11-02 02:40:18.462500,
2021-11-02 02:40:24.625000,
2021-11-02 02:40:30.775000,
2021-11-02 02:40:36.925000,
2021-11-02 02:40:43.087500,
2021-11-02 02:40:49.237500,
2021-11-02 02:40:55.387500,
2021-11-02 02:41:01.550000,
2021-11-02 02:41:07.700000,
2021-11-02 02:41:13.850000,
2021-11-02 02:41:20.012500,
2021-11-02 02:41:26.162500,
2021-11-02 02:41:32.312500,
2021-11-02 02:41:38.462500,
2021-11-02 02:41:44.625000,
2021-11-02 02:41:50.775000,
2021-11-02 02:41:56.925000,
2021-11-02 02:42:03.087500,
2021-11-02 02:42:09.237500,
2021-11-02 02:42:15.387500,
2021-11-02 02:42:21.550000,
2021-11-02 02:42:27.700000,
2021-11-02 02:42:33.850000,
2021-11-02 02:42:40.012500,
2021-11-02 02:42:46.162500,
2021-11-02 02:42:52.312500,
2021-11-02 02:42:58.462500,
2021-11-02 02:43:04.625000,
2021-11-02 02:43:10.775000,
2021-11-02 02:43:16.925000,
2021-11-02 02:43:23.087500,
2021-11-02 02:43:29.237500,
2021-11-02 02:43:35.387500,
2021-11-02 02:43:41.550000,
2021-11-02 02:43:47.700000,
2021-11-02 02:43:53.850000,
2021-11-02 02:44:00.012500,
2021-11-02 02:44:06.162500,
2021-11-02 02:44:12.312500,
2021-11-02 02:44:18.462500,
2021-11-02 02:44:24.625000,
2021-11-02 02:44:30.775000,
2021-11-02 02:44:36.925000,
2021-11-02 02:44:43.087500,
2021-11-02 02:44:49.237500,
2021-11-02 02:44:55.387500,
2021-11-02 02:45:01.550000,
2021-11-02 02:45:07.700000,
2021-11-02 02:45:13.850000,
2021-11-02 02:45:20.012500,
2021-11-02 02:45:26.162500,
2021-11-02 02:45:32.312500,
2021-11-02 02:45:38.462500,
2021-11-02 02:45:44.625000,
2021-11-02 02:45:50.775000,
2021-11-02 02:45:56.925000,
2021-11-02 02:46:03.087500,
2021-11-02 02:46:09.237500,
2021-11-02 02:46:15.387500,
2021-11-02 02:46:21.550000,
2021-11-02 02:46:27.700000,
2021-11-02 02:46:33.850000,
2021-11-02 02:46:40.012500,
2021-11-02 02:46:46.162500,
2021-11-02 02:46:52.312500,
2021-11-02 02:46:58.462500,
2021-11-02 02:47:04.625000,
2021-11-02 02:47:10.775000,
2021-11-02 02:47:16.925000,
2021-11-02 02:47:23.087500,
2021-11-02 02:47:29.237500,
2021-11-02 02:47:35.387500,
2021-11-02 02:47:41.550000,
2021-11-02 02:47:47.700000,
2021-11-02 02:47:53.850000,
2021-11-02 02:48:00.012500,
2021-11-02 02:48:06.162500,
2021-11-02 02:48:12.312500,
2021-11-02 02:48:18.462500,
2021-11-02 02:48:24.625000,
2021-11-02 02:48:30.775000,
2021-11-02 02:48:36.925000,
2021-11-02 02:48:43.087500,
2021-11-02 02:48:49.237500,
2021-11-02 02:48:55.387500,
2021-11-02 02:49:01.550000,
2021-11-02 02:49:07.700000,
2021-11-02 02:49:13.850000,
2021-11-02 02:49:20.012500,
2021-11-02 02:49:26.162500,
2021-11-02 02:49:32.312500,
2021-11-02 02:49:38.462500,
2021-11-02 02:49:44.625000,
2021-11-02 02:49:50.775000,
2021-11-02 02:49:56.925000,
2021-11-02 02:50:03.087500,
2021-11-02 02:50:09.237500,
2021-11-02 02:50:15.387500,
2021-11-02 02:50:21.550000,
2021-11-02 02:50:27.700000,
2021-11-02 02:50:33.850000,
2021-11-02 02:50:40.012500,
2021-11-02 02:50:46.162500,
2021-11-02 02:50:52.312500,
2021-11-02 02:50:58.462500,
2021-11-02 02:51:04.625000,
2021-11-02 02:51:10.775000,
2021-11-02 02:51:16.925000,
2021-11-02 02:51:23.087500,
2021-11-02 02:51:29.237500,
2021-11-02 02:51:35.387500,
2021-11-02 02:51:41.550000,
2021-11-02 02:51:47.700000,
2021-11-02 02:51:53.850000,
2021-11-02 02:52:00.012500,
2021-11-02 02:52:06.162500,
2021-11-02 02:52:12.312500,
2021-11-02 02:52:18.462500,
2021-11-02 02:52:24.625000,
2021-11-02 02:52:30.775000,
2021-11-02 02:52:36.925000,
2021-11-02 02:52:43.087500,
2021-11-02 02:52:49.237500,
2021-11-02 02:52:55.387500,
2021-11-02 02:53:01.550000,
2021-11-02 02:53:07.700000,
2021-11-02 02:53:13.850000,
2021-11-02 02:53:20.012500,
2021-11-02 02:53:26.162500,
2021-11-02 02:53:32.312500,
2021-11-02 02:53:38.462500,
2021-11-02 02:53:44.625000,
2021-11-02 02:53:50.775000,
2021-11-02 02:53:56.925000,
2021-11-02 02:54:03.087500,
2021-11-02 02:54:09.237500,
2021-11-02 02:54:15.387500,
2021-11-02 02:54:21.550000,
2021-11-02 02:54:27.700000,
2021-11-02 02:54:33.850000,
2021-11-02 02:54:40.012500,
2021-11-02 02:54:46.162500,
2021-11-02 02:54:52.312500,
2021-11-02 02:54:58.462500,
2021-11-02 02:55:04.625000,
2021-11-02 02:55:10.775000,
2021-11-02 02:55:16.925000,
2021-11-02 02:55:23.087500,
2021-11-02 02:55:29.237500,
2021-11-02 02:55:35.387500,
2021-11-02 02:55:41.550000,
2021-11-02 02:55:47.700000,
2021-11-02 02:55:53.850000,
2021-11-02 02:56:00.012500,
2021-11-02 02:56:06.162500,
2021-11-02 02:56:12.312500,
2021-11-02 02:56:18.462500,
2021-11-02 02:56:24.625000,
2021-11-02 02:56:30.775000,
2021-11-02 02:56:36.925000,
2021-11-02 02:56:43.087500,
2021-11-02 02:56:49.237500,
2021-11-02 02:56:55.387500,
2021-11-02 02:57:01.550000,
2021-11-02 02:57:07.700000,
2021-11-02 02:57:13.850000,
2021-11-02 02:57:20.012500,
2021-11-02 02:57:26.162500,
2021-11-02 02:57:32.312500,
2021-11-02 02:57:38.462500,
2021-11-02 02:57:44.625000,
2021-11-02 02:57:50.775000,
2021-11-02 02:57:56.925000,
2021-11-02 02:58:03.087500,
2021-11-02 02:58:09.237500,
2021-11-02 02:58:15.387500,
2021-11-02 02:58:21.550000,
2021-11-02 02:58:27.700000,
2021-11-02 02:58:33.850000,
2021-11-02 02:58:40.012500,
2021-11-02 02:58:46.162500,
2021-11-02 02:58:52.312500,
2021-11-02 02:58:58.462500,
2021-11-02 02:59:04.625000,
2021-11-02 02:59:10.775000,
2021-11-02 02:59:16.925000,
2021-11-02 02:59:23.087500,
2021-11-02 02:59:29.237500,
2021-11-02 02:59:35.387500,
2021-11-02 02:59:41.550000,
2021-11-02 02:59:47.700000,
2021-11-02 02:59:53.850000,
2021-11-02 03:00:00.012500,
2021-11-02 03:00:06.162500,
2021-11-02 03:00:12.312500,
2021-11-02 03:00:18.462500,
2021-11-02 03:00:24.625000,
2021-11-02 03:00:30.775000,
2021-11-02 03:00:36.925000,
2021-11-02 03:00:43.087500,
2021-11-02 03:00:49.237500,
2021-11-02 03:00:55.387500,
2021-11-02 03:01:01.550000,
2021-11-02 03:01:07.700000,
2021-11-02 03:01:13.850000,
2021-11-02 03:01:20.012500,
2021-11-02 03:01:26.162500,
2021-11-02 03:01:32.312500,
2021-11-02 03:01:38.462500,
2021-11-02 03:01:44.625000,
2021-11-02 03:01:50.775000,
2021-11-02 03:01:56.925000,
2021-11-02 03:02:03.087500,
2021-11-02 03:02:09.237500,
2021-11-02 03:02:15.387500,
2021-11-02 03:02:21.550000,
2021-11-02 03:02:27.700000,
2021-11-02 03:02:33.850000,
2021-11-02 03:02:40.012500,
2021-11-02 03:02:46.162500,
2021-11-02 03:02:52.312500,
2021-11-02 03:02:58.462500,
2021-11-02 03:03:04.625000,
2021-11-02 03:03:10.775000,
2021-11-02 03:03:16.925000,
2021-11-02 03:03:23.087500,
2021-11-02 03:03:29.237500,
2021-11-02 03:03:35.387500,
2021-11-02 03:03:41.550000,
2021-11-02 03:03:47.700000,
2021-11-02 03:03:53.850000,
2021-11-02 03:04:00.012500,
2021-11-02 03:04:06.162500,
2021-11-02 03:04:12.312500,
2021-11-02 03:04:18.462500,
2021-11-02 03:04:24.625000,
2021-11-02 03:04:30.775000,
2021-11-02 03:04:36.925000,
2021-11-02 03:04:43.087500,
2021-11-02 03:04:49.237500,
2021-11-02 03:04:55.387500,
2021-11-02 03:05:01.550000,
2021-11-02 03:05:07.700000,
2021-11-02 03:05:13.850000,
2021-11-02 03:05:20.012500,
2021-11-02 03:05:26.162500,
2021-11-02 03:05:32.312500,
2021-11-02 03:05:38.462500,
2021-11-02 03:05:44.625000,
2021-11-02 03:05:50.775000,
2021-11-02 03:05:56.925000,
2021-11-02 03:06:03.087500,
2021-11-02 03:06:09.237500,
2021-11-02 03:06:15.387500,
2021-11-02 03:06:21.550000,
2021-11-02 03:06:27.700000,
2021-11-02 03:06:33.850000,
2021-11-02 03:06:40.012500,
2021-11-02 03:06:46.162500,
2021-11-02 03:06:52.312500,
2021-11-02 03:06:58.462500,
2021-11-02 03:07:04.625000,
2021-11-02 03:07:10.775000,
2021-11-02 03:07:16.925000,
2021-11-02 03:07:23.087500,
2021-11-02 03:07:29.237500,
2021-11-02 03:07:35.387500,
2021-11-02 03:07:41.550000,
2021-11-02 03:07:47.700000,
2021-11-02 03:07:53.850000,
2021-11-02 03:08:00.012500,
2021-11-02 03:08:06.162500,
2021-11-02 03:08:12.312500,
2021-11-02 03:08:18.475000,
2021-11-02 03:08:24.625000,
2021-11-02 03:08:30.775000,
2021-11-02 03:08:36.925000,
2021-11-02 03:08:43.087500,
2021-11-02 03:08:49.237500,
2021-11-02 03:08:55.387500,
2021-11-02 03:09:01.550000,
2021-11-02 03:09:07.700000,
2021-11-02 03:09:13.850000,
2021-11-02 03:09:20.012500,
2021-11-02 03:09:26.162500,
2021-11-02 03:09:32.312500,
2021-11-02 03:09:38.475000,
2021-11-02 03:09:44.625000,
2021-11-02 03:09:50.775000,
2021-11-02 03:09:56.925000,
2021-11-02 03:10:03.087500,
2021-11-02 03:10:09.237500,
2021-11-02 03:10:15.387500,
2021-11-02 03:10:21.550000,
2021-11-02 03:10:27.700000,
2021-11-02 03:10:33.850000,
2021-11-02 03:10:40.012500,
2021-11-02 03:10:46.162500,
2021-11-02 03:10:52.312500,
2021-11-02 03:10:58.475000,
2021-11-02 03:11:04.625000,
2021-11-02 03:11:10.775000,
2021-11-02 03:11:16.925000,
2021-11-02 03:11:23.087500,
2021-11-02 03:11:29.237500,
2021-11-02 03:11:35.387500,
2021-11-02 03:11:41.550000,
2021-11-02 03:11:47.700000,
2021-11-02 03:11:53.850000,
2021-11-02 03:12:00.012500,
2021-11-02 03:12:06.162500,
2021-11-02 03:12:12.312500,
2021-11-02 03:12:18.475000,
2021-11-02 03:12:24.625000,
2021-11-02 03:12:30.775000,
2021-11-02 03:12:36.925000,
2021-11-02 03:12:43.087500,
2021-11-02 03:12:49.237500,
2021-11-02 03:12:55.387500,
2021-11-02 03:13:01.550000,
2021-11-02 03:13:07.700000,
2021-11-02 03:13:13.850000,
2021-11-02 03:13:20.012500,
2021-11-02 03:13:26.162500,
2021-11-02 03:13:32.312500,
2021-11-02 03:13:38.475000,
2021-11-02 03:13:44.625000,
2021-11-02 03:13:50.775000,
2021-11-02 03:13:56.925000,
2021-11-02 03:14:03.087500,
2021-11-02 03:14:09.237500,
2021-11-02 03:14:15.387500,
2021-11-02 03:14:21.550000,
2021-11-02 03:14:27.700000,
2021-11-02 03:14:33.850000,
2021-11-02 03:14:40.012500,
2021-11-02 03:14:46.162500,
2021-11-02 03:14:52.312500,
2021-11-02 03:14:58.475000,
2021-11-02 03:15:04.625000,
2021-11-02 03:15:10.775000,
2021-11-02 03:15:16.925000,
2021-11-02 03:15:23.087500,
2021-11-02 03:15:29.237500,
2021-11-02 03:15:35.387500,
2021-11-02 03:15:41.550000,
2021-11-02 03:15:47.700000,
2021-11-02 03:15:53.850000,
2021-11-02 03:16:00.012500,
2021-11-02 03:16:06.162500,
2021-11-02 03:16:12.312500,
2021-11-02 03:16:18.475000,
2021-11-02 03:16:24.625000,
2021-11-02 03:16:30.775000,
2021-11-02 03:16:36.925000,
2021-11-02 03:16:43.087500,
2021-11-02 03:16:49.237500,
2021-11-02 03:16:55.387500,
2021-11-02 03:17:01.550000,
2021-11-02 03:17:07.700000,
2021-11-02 03:17:13.850000,
2021-11-02 03:17:20.012500,
2021-11-02 03:17:26.162500,
2021-11-02 03:17:32.312500,
2021-11-02 03:17:38.475000,
2021-11-02 03:17:44.625000,
2021-11-02 03:17:50.775000,
2021-11-02 03:17:56.925000,
2021-11-02 03:18:03.087500,
2021-11-02 03:18:09.237500,
2021-11-02 03:18:15.387500,
2021-11-02 03:18:21.550000,
2021-11-02 03:18:27.700000,
2021-11-02 03:18:33.850000,
2021-11-02 03:18:40.012500,
2021-11-02 03:18:46.162500,
2021-11-02 03:18:52.312500,
2021-11-02 03:18:58.475000,
2021-11-02 03:19:04.625000,
2021-11-02 03:19:10.775000,
2021-11-02 03:19:16.925000,
2021-11-02 03:19:23.087500,
2021-11-02 03:19:29.237500,
2021-11-02 03:19:35.387500,
2021-11-02 03:19:41.550000,
2021-11-02 03:19:47.700000,
2021-11-02 03:19:53.850000,
2021-11-02 03:20:00.012500,
2021-11-02 03:20:06.162500,
2021-11-02 03:20:12.312500,
2021-11-02 03:20:18.475000,
2021-11-02 03:20:24.625000,
2021-11-02 03:20:30.775000,
2021-11-02 03:20:36.925000,
2021-11-02 03:20:43.087500,
2021-11-02 03:20:49.237500,
2021-11-02 03:20:55.387500,
2021-11-02 03:21:01.550000,
2021-11-02 03:21:07.700000,
2021-11-02 03:21:13.850000,
2021-11-02 03:21:20.012500,
2021-11-02 03:21:26.162500,
2021-11-02 03:21:32.312500,
2021-11-02 03:21:38.475000,
2021-11-02 03:21:44.625000,
2021-11-02 03:21:50.775000,
2021-11-02 03:21:56.925000,
2021-11-02 03:22:03.087500,
2021-11-02 03:22:09.237500,
2021-11-02 03:22:15.387500,
2021-11-02 03:22:21.550000,
2021-11-02 03:22:27.700000,
2021-11-02 03:22:33.850000,
2021-11-02 03:22:40.012500,
2021-11-02 03:22:46.162500,
2021-11-02 03:22:52.312500,
2021-11-02 03:22:58.475000,
2021-11-02 03:23:04.625000,
2021-11-02 03:23:10.775000,
2021-11-02 03:23:16.925000,
2021-11-02 03:23:23.087500,
2021-11-02 03:23:29.237500,
2021-11-02 03:23:35.387500,
2021-11-02 03:23:41.550000,
2021-11-02 03:23:47.700000,
2021-11-02 03:23:53.850000,
2021-11-02 03:24:00.012500,
2021-11-02 03:24:06.162500,
2021-11-02 03:24:12.312500,
2021-11-02 03:24:18.475000,
2021-11-02 03:24:24.625000,
2021-11-02 03:24:30.775000,
2021-11-02 03:24:36.925000,
2021-11-02 03:24:43.087500,
2021-11-02 03:24:49.237500,
2021-11-02 03:24:55.387500,
2021-11-02 03:25:01.550000,
2021-11-02 03:25:07.700000,
2021-11-02 03:25:13.850000,
2021-11-02 03:25:20.012500,
2021-11-02 03:25:26.162500,
2021-11-02 03:25:32.312500,
2021-11-02 03:25:38.475000,
2021-11-02 03:25:44.625000,
2021-11-02 03:25:50.775000,
2021-11-02 03:25:56.925000,
2021-11-02 03:26:03.087500,
2021-11-02 03:26:09.237500,
2021-11-02 03:26:15.387500,
2021-11-02 03:26:21.550000,
2021-11-02 03:26:27.700000,
2021-11-02 03:26:33.850000,
2021-11-02 03:26:40.012500,
2021-11-02 03:26:46.162500,
2021-11-02 03:26:52.312500,
2021-11-02 03:26:58.475000,
2021-11-02 03:27:04.625000,
2021-11-02 03:27:10.775000,
2021-11-02 03:27:16.925000,
2021-11-02 03:27:23.087500,
2021-11-02 03:27:29.237500,
2021-11-02 03:27:35.387500,
2021-11-02 03:27:41.550000,
2021-11-02 03:27:47.700000,
2021-11-02 03:27:53.850000,
2021-11-02 03:28:00.012500,
2021-11-02 03:28:06.162500,
2021-11-02 03:28:12.312500,
2021-11-02 03:28:18.475000,
2021-11-02 03:28:24.625000,
2021-11-02 03:28:30.775000,
2021-11-02 03:28:36.925000,
2021-11-02 03:28:43.087500,
2021-11-02 03:28:49.237500,
2021-11-02 03:28:55.387500,
2021-11-02 03:29:01.550000,
2021-11-02 03:29:07.700000,
2021-11-02 03:29:13.850000,
2021-11-02 03:29:20.012500,
2021-11-02 03:29:26.162500,
2021-11-02 03:29:32.312500,
2021-11-02 03:29:38.475000,
2021-11-02 03:29:44.625000,
2021-11-02 03:29:50.775000,
2021-11-02 03:29:56.925000,
2021-11-02 03:30:03.087500,
2021-11-02 03:30:09.237500,
2021-11-02 03:30:15.387500,
2021-11-02 03:30:21.550000,
2021-11-02 03:30:27.700000,
2021-11-02 03:30:33.850000,
2021-11-02 03:30:40.012500,
2021-11-02 03:30:46.162500,
2021-11-02 03:30:52.312500,
2021-11-02 03:30:58.475000,
2021-11-02 03:31:04.625000,
2021-11-02 03:31:10.775000,
2021-11-02 03:31:16.925000,
2021-11-02 03:31:23.087500,
2021-11-02 03:31:29.237500,
2021-11-02 03:31:35.387500,
2021-11-02 03:31:41.550000,
2021-11-02 03:31:47.700000,
2021-11-02 03:31:53.850000,
2021-11-02 03:32:00.012500,
2021-11-02 03:32:06.162500,
2021-11-02 03:32:12.312500,
2021-11-02 03:32:18.475000,
2021-11-02 03:32:24.625000,
2021-11-02 03:32:30.775000,
2021-11-02 03:32:36.925000,
2021-11-02 03:32:43.087500,
2021-11-02 03:32:49.237500,
2021-11-02 03:32:55.387500,
2021-11-02 03:33:01.550000,
2021-11-02 03:33:07.700000,
2021-11-02 03:33:13.850000,
2021-11-02 03:33:20.012500,
2021-11-02 03:33:26.162500,
2021-11-02 03:33:32.312500,
2021-11-02 03:33:38.475000,
2021-11-02 03:33:44.625000,
2021-11-02 03:33:50.775000,
2021-11-02 03:33:56.925000,
2021-11-02 03:34:03.087500,
2021-11-02 03:34:09.237500,
2021-11-02 03:34:15.387500,
2021-11-02 03:34:21.550000,
2021-11-02 03:34:27.700000,
2021-11-02 03:34:33.850000,
2021-11-02 03:34:40.012500,
2021-11-02 03:34:46.162500,
2021-11-02 03:34:52.312500,
2021-11-02 03:34:58.475000,
2021-11-02 03:35:04.625000,
2021-11-02 03:35:10.775000,
2021-11-02 03:35:16.925000,
2021-11-02 03:35:23.087500,
2021-11-02 03:35:29.237500,
2021-11-02 03:35:35.387500,
2021-11-02 03:35:41.550000,
2021-11-02 03:35:47.700000,
2021-11-02 03:35:53.850000,
2021-11-02 03:36:00.012500,
2021-11-02 03:36:06.162500,
2021-11-02 03:36:12.312500,
2021-11-02 03:36:18.475000,
2021-11-02 03:36:24.625000,
2021-11-02 03:36:30.775000,
2021-11-02 03:36:36.925000,
2021-11-02 03:36:43.087500,
2021-11-02 03:36:49.237500,
2021-11-02 03:36:55.387500,
2021-11-02 03:37:01.550000,
2021-11-02 03:37:07.700000,
2021-11-02 03:37:13.850000,
2021-11-02 03:37:20.012500,
2021-11-02 03:37:26.162500,
2021-11-02 03:37:32.312500,
2021-11-02 03:37:38.475000,
2021-11-02 03:37:44.625000,
2021-11-02 03:37:50.775000,
2021-11-02 03:37:56.925000,
2021-11-02 03:38:03.087500,
2021-11-02 03:38:09.237500,
2021-11-02 03:38:15.387500,
2021-11-02 03:38:21.550000,
2021-11-02 03:38:27.700000,
2021-11-02 03:38:33.850000,
2021-11-02 03:38:40.012500,
2021-11-02 03:38:46.162500,
2021-11-02 03:38:52.312500,
2021-11-02 03:38:58.475000,
2021-11-02 03:39:04.625000,
2021-11-02 03:39:10.775000,
2021-11-02 03:39:16.925000,
2021-11-02 03:39:23.087500,
2021-11-02 03:39:29.237500,
2021-11-02 03:39:35.387500,
2021-11-02 03:39:41.550000,
2021-11-02 03:39:47.700000,
2021-11-02 03:39:53.850000,
2021-11-02 03:40:00.012500,
2021-11-02 03:40:06.162500,
2021-11-02 03:40:12.312500,
2021-11-02 03:40:18.475000,
2021-11-02 03:40:24.625000,
2021-11-02 03:40:30.775000,
2021-11-02 03:40:36.925000,
2021-11-02 03:40:43.087500,
2021-11-02 03:40:49.237500,
2021-11-02 03:40:55.387500,
2021-11-02 03:41:01.550000,
2021-11-02 03:41:07.700000,
2021-11-02 03:41:13.850000,
2021-11-02 03:41:20.012500,
2021-11-02 03:41:26.162500,
2021-11-02 03:41:32.312500,
2021-11-02 03:41:38.475000,
2021-11-02 03:41:44.625000,
2021-11-02 03:41:50.775000,
2021-11-02 03:41:56.925000,
2021-11-02 03:42:03.087500,
2021-11-02 03:42:09.237500,
2021-11-02 03:42:15.387500,
2021-11-02 03:42:21.550000,
2021-11-02 03:42:27.700000,
2021-11-02 03:42:33.850000,
2021-11-02 03:42:40.012500,
2021-11-02 03:42:46.162500,
2021-11-02 03:42:52.312500,
2021-11-02 03:42:58.475000,
2021-11-02 03:43:04.625000,
2021-11-02 03:43:10.775000,
2021-11-02 03:43:16.925000,
2021-11-02 03:43:23.087500,
2021-11-02 03:43:29.237500,
2021-11-02 03:43:35.387500,
2021-11-02 03:43:41.550000,
2021-11-02 03:43:47.700000,
2021-11-02 03:43:53.850000,
2021-11-02 03:44:00.012500,
2021-11-02 03:44:06.162500,
2021-11-02 03:44:12.312500,
2021-11-02 03:44:18.475000,
2021-11-02 03:44:24.625000,
2021-11-02 03:44:30.775000,
2021-11-02 03:44:36.925000,
2021-11-02 03:44:43.087500,
2021-11-02 03:44:49.237500,
2021-11-02 03:44:55.387500,
2021-11-02 03:45:01.550000,
2021-11-02 03:45:07.700000,
2021-11-02 03:45:13.850000,
2021-11-02 03:45:20.012500,
2021-11-02 03:45:26.162500,
2021-11-02 03:45:32.312500,
2021-11-02 03:45:38.475000,
2021-11-02 03:45:44.625000,
2021-11-02 03:45:50.775000,
2021-11-02 03:45:56.925000,
2021-11-02 03:46:03.087500,
2021-11-02 03:46:09.237500,
2021-11-02 03:46:15.387500,
2021-11-02 03:46:21.550000,
2021-11-02 03:46:27.700000,
2021-11-02 03:46:33.850000,
2021-11-02 03:46:40.012500,
2021-11-02 03:46:46.162500,
2021-11-02 03:46:52.312500,
2021-11-02 03:46:58.475000,
2021-11-02 03:47:04.625000,
2021-11-02 03:47:10.775000,
2021-11-02 03:47:16.925000,
2021-11-02 03:47:23.087500,
2021-11-02 03:47:29.237500,
2021-11-02 03:47:35.387500,
2021-11-02 03:47:41.550000,
2021-11-02 03:47:47.700000,
2021-11-02 03:47:53.850000,
2021-11-02 03:48:00.012500,
2021-11-02 03:48:06.162500,
2021-11-02 03:48:12.312500,
2021-11-02 03:48:18.475000,
2021-11-02 03:48:24.625000,
2021-11-02 03:48:30.775000,
2021-11-02 03:48:36.925000,
2021-11-02 03:48:43.087500,
2021-11-02 03:48:49.237500,
2021-11-02 03:48:55.387500,
2021-11-02 03:49:01.550000,
2021-11-02 03:49:07.700000,
2021-11-02 03:49:13.850000,
2021-11-02 03:49:20.012500,
2021-11-02 03:49:26.162500,
2021-11-02 03:49:32.312500,
2021-11-02 03:49:38.475000,
2021-11-02 03:49:44.625000,
2021-11-02 03:49:50.775000,
2021-11-02 03:49:56.925000,
2021-11-02 03:50:03.087500,
2021-11-02 03:50:09.237500,
2021-11-02 03:50:15.387500,
2021-11-02 03:50:21.550000,
2021-11-02 03:50:27.700000,
2021-11-02 03:50:33.850000,
2021-11-02 03:50:40.012500,
2021-11-02 03:50:46.162500,
2021-11-02 03:50:52.312500,
2021-11-02 03:50:58.475000,
2021-11-02 03:51:04.625000,
2021-11-02 03:51:10.775000,
2021-11-02 03:51:16.925000,
2021-11-02 03:51:23.087500,
2021-11-02 03:51:29.237500,
2021-11-02 03:51:35.387500,
2021-11-02 03:51:41.550000,
2021-11-02 03:51:47.700000,
2021-11-02 03:51:53.850000,
2021-11-02 03:52:00.012500,
2021-11-02 03:52:06.162500,
2021-11-02 03:52:12.312500,
2021-11-02 03:52:18.475000,
2021-11-02 03:52:24.625000,
2021-11-02 03:52:30.775000,
2021-11-02 03:52:36.925000,
2021-11-02 03:52:43.087500,
2021-11-02 03:52:49.237500,
2021-11-02 03:52:55.387500,
2021-11-02 03:53:01.550000,
2021-11-02 03:53:07.700000,
2021-11-02 03:53:13.850000,
2021-11-02 03:53:20.012500,
2021-11-02 03:53:26.162500,
2021-11-02 03:53:32.312500,
2021-11-02 03:53:38.475000,
2021-11-02 03:53:44.625000,
2021-11-02 03:53:50.775000,
2021-11-02 03:53:56.925000,
2021-11-02 03:54:03.087500,
2021-11-02 03:54:09.237500,
2021-11-02 03:54:15.387500,
2021-11-02 03:54:21.550000,
2021-11-02 03:54:27.700000,
2021-11-02 03:54:33.850000,
2021-11-02 03:54:40.012500,
2021-11-02 03:54:46.162500,
2021-11-02 03:54:52.312500,
2021-11-02 03:54:58.475000,
2021-11-02 03:55:04.625000,
2021-11-02 03:55:10.775000,
2021-11-02 03:55:16.925000,
2021-11-02 03:55:23.087500,
2021-11-02 03:55:29.237500,
2021-11-02 03:55:35.387500,
2021-11-02 03:55:41.550000,
2021-11-02 03:55:47.700000,
2021-11-02 03:55:53.850000,
2021-11-02 03:56:00.012500,
2021-11-02 03:56:06.162500,
2021-11-02 03:56:12.312500,
2021-11-02 03:56:18.475000,
2021-11-02 03:56:24.625000,
2021-11-02 03:56:30.775000,
2021-11-02 03:56:36.925000,
2021-11-02 03:56:43.087500,
2021-11-02 03:56:49.237500,
2021-11-02 03:56:55.387500,
2021-11-02 03:57:01.550000,
2021-11-02 03:57:07.700000,
2021-11-02 03:57:13.850000,
2021-11-02 03:57:20.012500,
2021-11-02 03:57:26.162500,
2021-11-02 03:57:32.312500,
2021-11-02 03:57:38.475000,
2021-11-02 03:57:44.625000,
2021-11-02 03:57:50.775000,
2021-11-02 03:57:56.925000,
2021-11-02 03:58:03.087500,
2021-11-02 03:58:09.237500,
2021-11-02 03:58:15.387500,
2021-11-02 03:58:21.550000,
2021-11-02 03:58:27.700000,
2021-11-02 03:58:33.850000,
2021-11-02 03:58:40.012500,
2021-11-02 03:58:46.162500,
2021-11-02 03:58:52.312500,
2021-11-02 03:58:58.475000,
2021-11-02 03:59:04.625000,
2021-11-02 03:59:10.775000,
2021-11-02 03:59:16.925000,
2021-11-02 03:59:23.087500,
2021-11-02 03:59:29.237500,
2021-11-02 03:59:35.387500,
2021-11-02 03:59:41.550000,
2021-11-02 03:59:47.700000,
2021-11-02 03:59:53.850000,
2021-11-02 04:00:00.012500,
2021-11-02 04:00:06.162500,
2021-11-02 04:00:12.312500,
2021-11-02 04:00:18.475000,
2021-11-02 04:00:24.625000,
2021-11-02 04:00:30.775000,
2021-11-02 04:00:36.925000,
2021-11-02 04:00:43.087500,
2021-11-02 04:00:49.237500,
2021-11-02 04:00:55.387500,
2021-11-02 04:01:01.550000,
2021-11-02 04:01:07.700000,
2021-11-02 04:01:13.850000,
2021-11-02 04:01:20.012500,
2021-11-02 04:01:26.162500,
2021-11-02 04:01:32.312500,
2021-11-02 04:01:38.475000,
2021-11-02 04:01:44.625000,
2021-11-02 04:01:50.775000,
2021-11-02 04:01:56.925000,
2021-11-02 04:02:03.087500,
2021-11-02 04:02:09.237500,
2021-11-02 04:02:15.387500,
2021-11-02 04:02:21.550000,
2021-11-02 04:02:27.700000,
2021-11-02 04:02:33.850000,
2021-11-02 04:02:40.012500,
2021-11-02 04:02:46.162500,
2021-11-02 04:02:52.312500,
2021-11-02 04:02:58.475000,
2021-11-02 04:03:04.625000,
2021-11-02 04:03:10.775000,
2021-11-02 04:03:16.925000,
2021-11-02 04:03:23.087500,
2021-11-02 04:03:29.237500,
2021-11-02 04:03:35.387500,
2021-11-02 04:03:41.550000,
2021-11-02 04:03:47.700000,
2021-11-02 04:03:53.850000,
2021-11-02 04:04:00.012500,
2021-11-02 04:04:06.162500,
2021-11-02 04:04:12.312500,
2021-11-02 04:04:18.475000,
2021-11-02 04:04:24.625000,
2021-11-02 04:04:30.775000,
2021-11-02 04:04:36.925000,
2021-11-02 04:04:43.087500,
2021-11-02 04:04:49.237500,
2021-11-02 04:04:55.387500,
2021-11-02 04:05:01.550000,
2021-11-02 04:05:07.700000,
2021-11-02 04:05:13.850000,
2021-11-02 04:05:20.012500,
2021-11-02 04:05:26.162500,
2021-11-02 04:05:32.312500,
2021-11-02 04:05:38.475000,
2021-11-02 04:05:44.625000,
2021-11-02 04:05:50.775000,
2021-11-02 04:05:56.925000,
2021-11-02 04:06:03.087500,
2021-11-02 04:06:09.237500,
2021-11-02 04:06:15.387500,
2021-11-02 04:06:21.550000,
2021-11-02 04:06:27.700000,
2021-11-02 04:06:33.850000,
2021-11-02 04:06:40.012500,
2021-11-02 04:06:46.162500,
2021-11-02 04:06:52.312500,
2021-11-02 04:06:58.475000,
2021-11-02 04:07:04.625000,
2021-11-02 04:07:10.775000,
2021-11-02 04:07:16.925000,
2021-11-02 04:07:23.087500,
2021-11-02 04:07:29.237500,
2021-11-02 04:07:35.387500,
2021-11-02 04:07:41.550000,
2021-11-02 04:07:47.700000,
2021-11-02 04:07:53.850000,
2021-11-02 04:08:00.012500,
2021-11-02 04:08:06.162500,
2021-11-02 04:08:12.312500,
2021-11-02 04:08:18.475000,
2021-11-02 04:08:24.625000,
2021-11-02 04:08:30.775000,
2021-11-02 04:08:36.925000,
2021-11-02 04:08:43.087500,
2021-11-02 04:08:49.237500,
2021-11-02 04:08:55.387500,
2021-11-02 04:09:01.550000,
2021-11-02 04:09:07.700000,
2021-11-02 04:09:13.850000,
2021-11-02 04:09:20.012500,
2021-11-02 04:09:26.162500,
2021-11-02 04:09:32.312500,
2021-11-02 04:09:38.475000,
2021-11-02 04:09:44.625000,
2021-11-02 04:09:50.775000,
2021-11-02 04:09:56.925000,
2021-11-02 04:10:03.087500,
2021-11-02 04:10:09.237500,
2021-11-02 04:10:15.387500,
2021-11-02 04:10:21.550000,
2021-11-02 04:10:27.700000,
2021-11-02 04:10:33.850000,
2021-11-02 04:10:40.012500,
2021-11-02 04:10:46.162500,
2021-11-02 04:10:52.312500,
2021-11-02 04:10:58.475000,
2021-11-02 04:11:04.625000,
2021-11-02 04:11:10.775000,
2021-11-02 04:11:16.925000,
2021-11-02 04:11:23.087500,
2021-11-02 04:11:29.237500,
2021-11-02 04:11:35.387500,
2021-11-02 04:11:41.550000,
2021-11-02 04:11:47.700000,
2021-11-02 04:11:53.850000,
2021-11-02 04:12:00.012500,
2021-11-02 04:12:06.162500,
2021-11-02 04:12:12.312500,
2021-11-02 04:12:18.475000,
2021-11-02 04:12:24.625000,
2021-11-02 04:12:30.775000,
2021-11-02 04:12:36.925000,
2021-11-02 04:12:43.087500,
2021-11-02 04:12:49.237500,
2021-11-02 04:12:55.387500,
2021-11-02 04:13:01.550000,
2021-11-02 04:13:07.700000,
2021-11-02 04:13:13.850000,
2021-11-02 04:13:20.012500,
2021-11-02 04:13:26.162500,
2021-11-02 04:13:32.312500,
2021-11-02 04:13:38.475000,
2021-11-02 04:13:44.625000,
2021-11-02 04:13:50.775000,
2021-11-02 04:13:56.925000,
2021-11-02 04:14:03.087500,
2021-11-02 04:14:09.237500,
2021-11-02 04:14:15.387500,
2021-11-02 04:14:21.550000,
2021-11-02 04:14:27.700000,
2021-11-02 04:14:33.850000,
2021-11-02 04:14:40.012500,
2021-11-02 04:14:46.162500,
2021-11-02 04:14:52.312500,
2021-11-02 04:14:58.475000,
2021-11-02 04:15:04.625000,
2021-11-02 04:15:10.775000,
2021-11-02 04:15:16.925000,
2021-11-02 04:15:23.087500,
2021-11-02 04:15:29.237500,
2021-11-02 04:15:35.387500,
2021-11-02 04:15:41.550000,
2021-11-02 04:15:47.700000,
2021-11-02 04:15:53.850000,
2021-11-02 04:16:00.012500,
2021-11-02 04:16:06.162500,
2021-11-02 04:16:12.312500,
2021-11-02 04:16:18.475000,
2021-11-02 04:16:24.625000,
2021-11-02 04:16:30.775000,
2021-11-02 04:16:36.925000,
2021-11-02 04:16:43.087500,
2021-11-02 04:16:49.237500,
2021-11-02 04:16:55.387500,
2021-11-02 04:17:01.550000,
2021-11-02 04:17:07.700000,
2021-11-02 04:17:13.850000,
2021-11-02 04:17:20.012500,
2021-11-02 04:17:26.162500,
2021-11-02 04:17:32.312500,
2021-11-02 04:17:38.475000,
2021-11-02 04:17:44.625000,
2021-11-02 04:17:50.775000,
2021-11-02 04:17:56.925000,
2021-11-02 04:18:03.087500,
2021-11-02 04:18:09.237500,
2021-11-02 04:18:15.387500,
2021-11-02 04:18:21.550000,
2021-11-02 04:18:27.700000,
2021-11-02 04:18:33.850000,
2021-11-02 04:18:40.012500,
2021-11-02 04:18:46.162500,
2021-11-02 04:18:52.312500,
2021-11-02 04:18:58.475000,
2021-11-02 04:19:04.625000,
2021-11-02 04:19:10.775000,
2021-11-02 04:19:16.925000,
2021-11-02 04:19:23.087500,
2021-11-02 04:19:29.237500,
2021-11-02 04:19:35.387500,
2021-11-02 04:19:41.550000,
2021-11-02 04:19:47.700000,
2021-11-02 04:19:53.850000,
2021-11-02 04:20:00.012500,
2021-11-02 04:20:06.162500,
2021-11-02 04:20:12.312500,
2021-11-02 04:20:18.475000,
2021-11-02 04:20:24.625000,
2021-11-02 04:20:30.775000,
2021-11-02 04:20:36.925000,
2021-11-02 04:20:43.087500,
2021-11-02 04:20:49.237500,
2021-11-02 04:20:55.387500,
2021-11-02 04:21:01.550000,
2021-11-02 04:21:07.700000,
2021-11-02 04:21:13.850000,
2021-11-02 04:21:20.012500,
2021-11-02 04:21:26.162500,
2021-11-02 04:21:32.312500,
2021-11-02 04:21:38.475000,
2021-11-02 04:21:44.625000,
2021-11-02 04:21:50.775000,
2021-11-02 04:21:56.937500,
2021-11-02 04:22:03.087500,
2021-11-02 04:22:09.237500,
2021-11-02 04:22:15.387500,
2021-11-02 04:22:21.550000,
2021-11-02 04:22:27.700000,
2021-11-02 04:22:33.850000,
2021-11-02 04:22:40.012500,
2021-11-02 04:22:46.162500,
2021-11-02 04:22:52.312500,
2021-11-02 04:22:58.475000,
2021-11-02 04:23:04.625000,
2021-11-02 04:23:10.775000,
2021-11-02 04:23:16.937500,
2021-11-02 04:23:23.087500,
2021-11-02 04:23:29.237500,
2021-11-02 04:23:35.387500,
2021-11-02 04:23:41.550000,
2021-11-02 04:23:47.700000,
2021-11-02 04:23:53.850000,
2021-11-02 04:24:00.012500,
2021-11-02 04:24:06.162500,
2021-11-02 04:24:12.312500,
2021-11-02 04:24:18.475000,
2021-11-02 04:24:24.625000,
2021-11-02 04:24:30.775000,
2021-11-02 04:24:36.937500,
2021-11-02 04:24:43.087500,
2021-11-02 04:24:49.237500,
2021-11-02 04:24:55.387500,
2021-11-02 04:25:01.550000,
2021-11-02 04:25:07.700000,
2021-11-02 04:25:13.850000,
2021-11-02 04:25:20.012500,
2021-11-02 04:25:26.162500,
2021-11-02 04:25:32.312500,
2021-11-02 04:25:38.475000,
2021-11-02 04:25:44.625000,
2021-11-02 04:25:50.775000,
2021-11-02 04:25:56.937500,
2021-11-02 04:26:03.087500,
2021-11-02 04:26:09.237500,
2021-11-02 04:26:15.387500,
2021-11-02 04:26:21.550000,
2021-11-02 04:26:27.700000,
2021-11-02 04:26:33.850000,
2021-11-02 04:26:40.012500,
2021-11-02 04:26:46.162500,
2021-11-02 04:26:52.312500,
2021-11-02 04:26:58.475000,
2021-11-02 04:27:04.625000,
2021-11-02 04:27:10.775000,
2021-11-02 04:27:16.937500,
2021-11-02 04:27:23.087500,
2021-11-02 04:27:29.237500,
2021-11-02 04:27:35.387500,
2021-11-02 04:27:41.550000,
2021-11-02 04:27:47.700000,
2021-11-02 04:27:53.850000,
2021-11-02 04:28:00.012500,
2021-11-02 04:28:06.162500,
2021-11-02 04:28:12.312500,
2021-11-02 04:28:18.475000,
2021-11-02 04:28:24.625000,
2021-11-02 04:28:30.775000,
2021-11-02 04:28:36.937500,
2021-11-02 04:28:43.087500,
2021-11-02 04:28:49.237500,
2021-11-02 04:28:55.387500,
2021-11-02 04:29:01.550000,
2021-11-02 04:29:07.700000,
2021-11-02 04:29:13.850000,
2021-11-02 04:29:20.012500,
2021-11-02 04:29:26.162500,
2021-11-02 04:29:32.312500,
2021-11-02 04:29:38.475000,
2021-11-02 04:29:44.625000,
2021-11-02 04:29:50.775000,
2021-11-02 04:29:56.937500,
2021-11-02 04:30:03.087500,
2021-11-02 04:30:09.237500,
2021-11-02 04:30:15.387500,
2021-11-02 04:30:21.550000,
2021-11-02 04:30:27.700000,
2021-11-02 04:30:33.850000,
2021-11-02 04:30:40.012500,
2021-11-02 04:30:46.162500,
2021-11-02 04:30:52.312500,
2021-11-02 04:30:58.475000,
2021-11-02 04:31:04.625000,
2021-11-02 04:31:10.775000,
2021-11-02 04:31:16.937500,
2021-11-02 04:31:23.087500,
2021-11-02 04:31:29.237500,
2021-11-02 04:31:35.387500,
2021-11-02 04:31:41.550000,
2021-11-02 04:31:47.700000,
2021-11-02 04:31:53.850000,
2021-11-02 04:32:00.012500,
2021-11-02 04:32:06.162500,
2021-11-02 04:32:12.312500,
2021-11-02 04:32:18.475000,
2021-11-02 04:32:24.625000,
2021-11-02 04:32:30.775000,
2021-11-02 04:32:36.937500,
2021-11-02 04:32:43.087500,
2021-11-02 04:32:49.237500,
2021-11-02 04:32:55.387500,
2021-11-02 04:33:01.550000,
2021-11-02 04:33:07.700000,
2021-11-02 04:33:13.850000,
2021-11-02 04:33:20.012500,
2021-11-02 04:33:26.162500,
2021-11-02 04:33:32.312500,
2021-11-02 04:33:38.475000,
2021-11-02 04:33:44.625000,
2021-11-02 04:33:50.775000,
2021-11-02 04:33:56.937500,
2021-11-02 04:34:03.087500,
2021-11-02 04:34:09.237500,
2021-11-02 04:34:15.387500,
2021-11-02 04:34:21.550000,
2021-11-02 04:34:27.700000,
2021-11-02 04:34:33.850000,
2021-11-02 04:34:40.012500,
2021-11-02 04:34:46.162500,
2021-11-02 04:34:52.312500,
2021-11-02 04:34:58.475000,
2021-11-02 04:35:04.625000,
2021-11-02 04:35:10.775000,
2021-11-02 04:35:16.937500,
2021-11-02 04:35:23.087500,
2021-11-02 04:35:29.237500,
2021-11-02 04:35:35.387500,
2021-11-02 04:35:41.550000,
2021-11-02 04:35:47.700000,
2021-11-02 04:35:53.850000,
2021-11-02 04:36:00.012500,
2021-11-02 04:36:06.162500,
2021-11-02 04:36:12.312500,
2021-11-02 04:36:18.475000,
2021-11-02 04:36:24.625000,
2021-11-02 04:36:30.775000,
2021-11-02 04:36:36.937500,
2021-11-02 04:36:43.087500,
2021-11-02 04:36:49.237500,
2021-11-02 04:36:55.387500,
2021-11-02 04:37:01.550000,
2021-11-02 04:37:07.700000,
2021-11-02 04:37:13.850000,
2021-11-02 04:37:20.012500,
2021-11-02 04:37:26.162500,
2021-11-02 04:37:32.312500,
2021-11-02 04:37:38.475000,
2021-11-02 04:37:44.625000,
2021-11-02 04:37:50.775000,
2021-11-02 04:37:56.937500,
2021-11-02 04:38:03.087500,
2021-11-02 04:38:09.237500,
2021-11-02 04:38:15.387500,
2021-11-02 04:38:21.550000,
2021-11-02 04:38:27.700000,
2021-11-02 04:38:33.850000,
2021-11-02 04:38:40.012500,
2021-11-02 04:38:46.162500,
2021-11-02 04:38:52.312500,
2021-11-02 04:38:58.475000,
2021-11-02 04:39:04.625000,
2021-11-02 04:39:10.775000,
2021-11-02 04:39:16.937500,
2021-11-02 04:39:23.087500,
2021-11-02 04:39:29.237500,
2021-11-02 04:39:35.387500,
2021-11-02 04:39:41.550000,
2021-11-02 04:39:47.700000,
2021-11-02 04:39:53.850000,
2021-11-02 04:40:00.012500,
2021-11-02 04:40:06.162500,
2021-11-02 04:40:12.312500,
2021-11-02 04:40:18.475000,
2021-11-02 04:40:24.625000,
2021-11-02 04:40:30.775000,
2021-11-02 04:40:36.937500,
2021-11-02 04:40:43.087500,
2021-11-02 04:40:49.237500,
2021-11-02 04:40:55.387500,
2021-11-02 04:41:01.550000,
2021-11-02 04:41:07.700000,
2021-11-02 04:41:13.850000,
2021-11-02 04:41:20.012500,
2021-11-02 04:41:26.162500,
2021-11-02 04:41:32.312500,
2021-11-02 04:41:38.475000,
2021-11-02 04:41:44.625000,
2021-11-02 04:41:50.775000,
2021-11-02 04:41:56.937500,
2021-11-02 04:42:03.087500,
2021-11-02 04:42:09.237500,
2021-11-02 04:42:15.387500,
2021-11-02 04:42:21.550000,
2021-11-02 04:42:27.700000,
2021-11-02 04:42:33.850000,
2021-11-02 04:42:40.012500,
2021-11-02 04:42:46.162500,
2021-11-02 04:42:52.312500,
2021-11-02 04:42:58.475000,
2021-11-02 04:43:04.625000,
2021-11-02 04:43:10.775000,
2021-11-02 04:43:16.937500,
2021-11-02 04:43:23.087500,
2021-11-02 04:43:29.237500,
2021-11-02 04:43:35.387500,
2021-11-02 04:43:41.550000,
2021-11-02 04:43:47.700000,
2021-11-02 04:43:53.850000,
2021-11-02 04:44:00.012500,
2021-11-02 04:44:06.162500,
2021-11-02 04:44:12.312500,
2021-11-02 04:44:18.475000,
2021-11-02 04:44:24.625000,
2021-11-02 04:44:30.775000,
2021-11-02 04:44:36.937500,
2021-11-02 04:44:43.087500,
2021-11-02 04:44:49.237500,
2021-11-02 04:44:55.387500,
2021-11-02 04:45:01.550000,
2021-11-02 04:45:07.700000,
2021-11-02 04:45:13.850000,
2021-11-02 04:45:20.012500,
2021-11-02 04:45:26.162500,
2021-11-02 04:45:32.312500,
2021-11-02 04:45:38.475000,
2021-11-02 04:45:44.625000,
2021-11-02 04:45:50.775000,
2021-11-02 04:45:56.937500,
2021-11-02 04:46:03.087500,
2021-11-02 04:46:09.237500,
2021-11-02 04:46:15.387500,
2021-11-02 04:46:21.550000,
2021-11-02 04:46:27.700000,
2021-11-02 04:46:33.850000,
2021-11-02 04:46:40.012500,
2021-11-02 04:46:46.162500,
2021-11-02 04:46:52.312500,
2021-11-02 04:46:58.475000,
2021-11-02 04:47:04.625000,
2021-11-02 04:47:10.775000,
2021-11-02 04:47:16.937500,
2021-11-02 04:47:23.087500,
2021-11-02 04:47:29.237500,
2021-11-02 04:47:35.387500,
2021-11-02 04:47:41.550000,
2021-11-02 04:47:47.700000,
2021-11-02 04:47:53.850000,
2021-11-02 04:48:00.012500,
2021-11-02 04:48:06.162500,
2021-11-02 04:48:12.312500,
2021-11-02 04:48:18.475000,
2021-11-02 04:48:24.625000,
2021-11-02 04:48:30.775000,
2021-11-02 04:48:36.937500,
2021-11-02 04:48:43.087500,
2021-11-02 04:48:49.237500,
2021-11-02 04:48:55.387500,
2021-11-02 04:49:01.550000,
2021-11-02 04:49:07.700000,
2021-11-02 04:49:13.850000,
2021-11-02 04:49:20.012500,
2021-11-02 04:49:26.162500,
2021-11-02 04:49:32.312500,
2021-11-02 04:49:38.475000,
2021-11-02 04:49:44.625000,
2021-11-02 04:49:50.775000,
2021-11-02 04:49:56.937500,
2021-11-02 04:50:03.087500,
2021-11-02 04:50:09.237500,
2021-11-02 04:50:15.387500,
2021-11-02 04:50:21.550000,
2021-11-02 04:50:27.700000,
2021-11-02 04:50:33.850000,
2021-11-02 04:50:40.012500,
2021-11-02 04:50:46.162500,
2021-11-02 04:50:52.312500,
2021-11-02 04:50:58.475000,
2021-11-02 04:51:04.625000,
2021-11-02 04:51:10.775000,
2021-11-02 04:51:16.937500,
2021-11-02 04:51:23.087500,
2021-11-02 04:51:29.237500,
2021-11-02 04:51:35.387500,
2021-11-02 04:51:41.550000,
2021-11-02 04:51:47.700000,
2021-11-02 04:51:53.850000,
2021-11-02 04:52:00.012500,
2021-11-02 04:52:06.162500,
2021-11-02 04:52:12.312500,
2021-11-02 04:52:18.475000,
2021-11-02 04:52:24.625000,
2021-11-02 04:52:30.775000,
2021-11-02 04:52:36.937500,
2021-11-02 04:52:43.087500,
2021-11-02 04:52:49.237500,
2021-11-02 04:52:55.387500,
2021-11-02 04:53:01.550000,
2021-11-02 04:53:07.700000,
2021-11-02 04:53:13.850000,
2021-11-02 04:53:20.012500,
2021-11-02 04:53:26.162500,
2021-11-02 04:53:32.312500,
2021-11-02 04:53:38.475000,
2021-11-02 04:53:44.625000,
2021-11-02 04:53:50.775000,
2021-11-02 04:53:56.937500,
2021-11-02 04:54:03.087500,
2021-11-02 04:54:09.237500,
2021-11-02 04:54:15.387500,
2021-11-02 04:54:21.550000,
2021-11-02 04:54:27.700000,
2021-11-02 04:54:33.850000,
2021-11-02 04:54:40.012500,
2021-11-02 04:54:46.162500,
2021-11-02 04:54:52.312500,
2021-11-02 04:54:58.475000,
2021-11-02 04:55:04.625000,
2021-11-02 04:55:10.775000,
2021-11-02 04:55:16.937500,
2021-11-02 04:55:23.087500,
2021-11-02 04:55:29.237500,
2021-11-02 04:55:35.387500,
2021-11-02 04:55:41.550000,
2021-11-02 04:55:47.700000,
2021-11-02 04:55:53.850000,
2021-11-02 04:56:00.012500,
2021-11-02 04:56:06.162500,
2021-11-02 04:56:12.312500,
2021-11-02 04:56:18.475000,
2021-11-02 04:56:24.625000,
2021-11-02 04:56:30.775000,
2021-11-02 04:56:36.937500,
2021-11-02 04:56:43.087500,
2021-11-02 04:56:49.237500,
2021-11-02 04:56:55.387500,
2021-11-02 04:57:01.550000,
2021-11-02 04:57:07.700000,
2021-11-02 04:57:13.850000,
2021-11-02 04:57:20.012500,
2021-11-02 04:57:26.162500,
2021-11-02 04:57:32.312500,
2021-11-02 04:57:38.475000,
2021-11-02 04:57:44.625000,
2021-11-02 04:57:50.775000,
2021-11-02 04:57:56.937500,
2021-11-02 04:58:03.087500,
2021-11-02 04:58:09.237500,
2021-11-02 04:58:15.387500,
2021-11-02 04:58:21.550000,
2021-11-02 04:58:27.700000,
2021-11-02 04:58:33.850000,
2021-11-02 04:58:40.012500,
2021-11-02 04:58:46.162500,
2021-11-02 04:58:52.312500,
2021-11-02 04:58:58.475000,
2021-11-02 04:59:04.625000,
2021-11-02 04:59:10.775000,
2021-11-02 04:59:16.937500,
2021-11-02 04:59:23.087500,
2021-11-02 04:59:29.237500,
2021-11-02 04:59:35.387500,
2021-11-02 04:59:41.550000,
2021-11-02 04:59:47.700000,
2021-11-02 04:59:53.850000,
2021-11-02 05:00:00.012500,
2021-11-02 05:00:06.162500,
2021-11-02 05:00:12.312500,
2021-11-02 05:00:18.475000,
2021-11-02 05:00:24.625000,
2021-11-02 05:00:30.775000,
2021-11-02 05:00:36.937500,
2021-11-02 05:00:43.087500,
2021-11-02 05:00:49.237500,
2021-11-02 05:00:55.387500,
2021-11-02 05:01:01.550000,
2021-11-02 05:01:07.700000,
2021-11-02 05:01:13.850000,
2021-11-02 05:01:20.012500,
2021-11-02 05:01:26.162500,
2021-11-02 05:01:32.312500,
2021-11-02 05:01:38.475000,
2021-11-02 05:01:44.625000,
2021-11-02 05:01:50.775000,
2021-11-02 05:01:56.937500,
2021-11-02 05:02:03.087500,
2021-11-02 05:02:09.237500,
2021-11-02 05:02:15.387500,
2021-11-02 05:02:21.550000,
2021-11-02 05:02:27.700000,
2021-11-02 05:02:33.850000,
2021-11-02 05:02:40.012500,
2021-11-02 05:02:46.162500,
2021-11-02 05:02:52.312500,
2021-11-02 05:02:58.475000,
2021-11-02 05:03:04.625000,
2021-11-02 05:03:10.775000,
2021-11-02 05:03:16.937500,
2021-11-02 05:03:23.087500,
2021-11-02 05:03:29.237500,
2021-11-02 05:03:35.387500,
2021-11-02 05:03:41.550000,
2021-11-02 05:03:47.700000,
2021-11-02 05:03:53.850000,
2021-11-02 05:04:00.012500,
2021-11-02 05:04:06.162500,
2021-11-02 05:04:12.312500,
2021-11-02 05:04:18.475000,
2021-11-02 05:04:24.625000,
2021-11-02 05:04:30.775000,
2021-11-02 05:04:36.937500,
2021-11-02 05:04:43.087500,
2021-11-02 05:04:49.237500,
2021-11-02 05:04:55.387500,
2021-11-02 05:05:01.550000,
2021-11-02 05:05:07.700000,
2021-11-02 05:05:13.850000,
2021-11-02 05:05:20.012500,
2021-11-02 05:05:26.162500,
2021-11-02 05:05:32.312500,
2021-11-02 05:05:38.475000,
2021-11-02 05:05:44.625000,
2021-11-02 05:05:50.775000,
2021-11-02 05:05:56.937500,
2021-11-02 05:06:03.087500,
2021-11-02 05:06:09.237500,
2021-11-02 05:06:15.387500,
2021-11-02 05:06:21.550000,
2021-11-02 05:06:27.700000,
2021-11-02 05:06:33.850000,
2021-11-02 05:06:40.012500,
2021-11-02 05:06:46.162500,
2021-11-02 05:06:52.312500,
2021-11-02 05:06:58.475000,
2021-11-02 05:07:04.625000,
2021-11-02 05:07:10.775000,
2021-11-02 05:07:16.937500,
2021-11-02 05:07:23.087500,
2021-11-02 05:07:29.237500,
2021-11-02 05:07:35.387500,
2021-11-02 05:07:41.550000,
2021-11-02 05:07:47.700000,
2021-11-02 05:07:53.850000,
2021-11-02 05:08:00.012500,
2021-11-02 05:08:06.162500,
2021-11-02 05:08:12.312500,
2021-11-02 05:08:18.475000,
2021-11-02 05:08:24.625000,
2021-11-02 05:08:30.775000,
2021-11-02 05:08:36.937500,
2021-11-02 05:08:43.087500,
2021-11-02 05:08:49.237500,
2021-11-02 05:08:55.387500,
2021-11-02 05:09:01.550000,
2021-11-02 05:09:07.700000,
2021-11-02 05:09:13.850000,
2021-11-02 05:09:20.012500,
2021-11-02 05:09:26.162500,
2021-11-02 05:09:32.312500,
2021-11-02 05:09:38.475000,
2021-11-02 05:09:44.625000,
2021-11-02 05:09:50.775000,
2021-11-02 05:09:56.937500,
2021-11-02 05:10:03.087500,
2021-11-02 05:10:09.237500,
2021-11-02 05:10:15.387500,
2021-11-02 05:10:21.550000,
2021-11-02 05:10:27.700000,
2021-11-02 05:10:33.850000,
2021-11-02 05:10:40.012500,
2021-11-02 05:10:46.162500,
2021-11-02 05:10:52.312500,
2021-11-02 05:10:58.475000,
2021-11-02 05:11:04.625000,
2021-11-02 05:11:10.775000,
2021-11-02 05:11:16.937500,
2021-11-02 05:11:23.087500,
2021-11-02 05:11:29.237500,
2021-11-02 05:11:35.387500,
2021-11-02 05:11:41.550000,
2021-11-02 05:11:47.700000,
2021-11-02 05:11:53.850000,
2021-11-02 05:12:00.012500,
2021-11-02 05:12:06.162500,
2021-11-02 05:12:12.312500,
2021-11-02 05:12:18.475000,
2021-11-02 05:12:24.625000,
2021-11-02 05:12:30.775000,
2021-11-02 05:12:36.937500,
2021-11-02 05:12:43.087500,
2021-11-02 05:12:49.237500,
2021-11-02 05:12:55.387500,
2021-11-02 05:13:01.550000,
2021-11-02 05:13:07.700000,
2021-11-02 05:13:13.850000,
2021-11-02 05:13:20.012500,
2021-11-02 05:13:26.162500,
2021-11-02 05:13:32.312500,
2021-11-02 05:13:38.475000,
2021-11-02 05:13:44.625000,
2021-11-02 05:13:50.775000,
2021-11-02 05:13:56.937500,
2021-11-02 05:14:03.087500,
2021-11-02 05:14:09.237500,
2021-11-02 05:14:15.387500,
2021-11-02 05:14:21.550000,
2021-11-02 05:14:27.700000,
2021-11-02 05:14:33.850000,
2021-11-02 05:14:40.012500,
2021-11-02 05:14:46.162500,
2021-11-02 05:14:52.312500,
2021-11-02 05:14:58.475000,
2021-11-02 05:15:04.625000,
2021-11-02 05:15:10.775000,
2021-11-02 05:15:16.937500,
2021-11-02 05:15:23.087500,
2021-11-02 05:15:29.237500,
2021-11-02 05:15:35.387500,
2021-11-02 05:15:41.550000,
2021-11-02 05:15:47.700000,
2021-11-02 05:15:53.850000,
2021-11-02 05:16:00.012500,
2021-11-02 05:16:06.162500,
2021-11-02 05:16:12.312500,
2021-11-02 05:16:18.475000,
2021-11-02 05:16:24.625000,
2021-11-02 05:16:30.775000,
2021-11-02 05:16:36.937500,
2021-11-02 05:16:43.087500,
2021-11-02 05:16:49.237500,
2021-11-02 05:16:55.387500,
2021-11-02 05:17:01.550000,
2021-11-02 05:17:07.700000,
2021-11-02 05:17:13.850000,
2021-11-02 05:17:20.012500,
2021-11-02 05:17:26.162500,
2021-11-02 05:17:32.312500,
2021-11-02 05:17:38.475000,
2021-11-02 05:17:44.625000,
2021-11-02 05:17:50.775000,
2021-11-02 05:17:56.937500,
2021-11-02 05:18:03.087500,
2021-11-02 05:18:09.237500,
2021-11-02 05:18:15.387500,
2021-11-02 05:18:21.550000,
2021-11-02 05:18:27.700000,
2021-11-02 05:18:33.850000,
2021-11-02 05:18:40.012500,
2021-11-02 05:18:46.162500,
2021-11-02 05:18:52.312500,
2021-11-02 05:18:58.475000,
2021-11-02 05:19:04.625000,
2021-11-02 05:19:10.775000,
2021-11-02 05:19:16.937500,
2021-11-02 05:19:23.087500,
2021-11-02 05:19:29.237500,
2021-11-02 05:19:35.387500,
2021-11-02 05:19:41.550000,
2021-11-02 05:19:47.700000,
2021-11-02 05:19:53.850000,
2021-11-02 05:20:00.012500,
2021-11-02 05:20:06.162500,
2021-11-02 05:20:12.312500,
2021-11-02 05:20:18.475000,
2021-11-02 05:20:24.625000,
2021-11-02 05:20:30.775000,
2021-11-02 05:20:36.937500,
2021-11-02 05:20:43.087500,
2021-11-02 05:20:49.237500,
2021-11-02 05:20:55.387500,
2021-11-02 05:21:01.550000,
2021-11-02 05:21:07.700000,
2021-11-02 05:21:13.850000,
2021-11-02 05:21:20.012500,
2021-11-02 05:21:26.162500,
2021-11-02 05:21:32.312500,
2021-11-02 05:21:38.475000,
2021-11-02 05:21:44.625000,
2021-11-02 05:21:50.775000,
2021-11-02 05:21:56.937500,
2021-11-02 05:22:03.087500,
2021-11-02 05:22:09.237500,
2021-11-02 05:22:15.387500,
2021-11-02 05:22:21.550000,
2021-11-02 05:22:27.700000,
2021-11-02 05:22:33.850000,
2021-11-02 05:22:40.012500,
2021-11-02 05:22:46.162500,
2021-11-02 05:22:52.312500,
2021-11-02 05:22:58.475000,
2021-11-02 05:23:04.625000,
2021-11-02 05:23:10.775000,
2021-11-02 05:23:16.937500,
2021-11-02 05:23:23.087500,
2021-11-02 05:23:29.237500,
2021-11-02 05:23:35.387500,
2021-11-02 05:23:41.550000,
2021-11-02 05:23:47.700000,
2021-11-02 05:23:53.850000,
2021-11-02 05:24:00.012500,
2021-11-02 05:24:06.162500,
2021-11-02 05:24:12.312500,
2021-11-02 05:24:18.475000,
2021-11-02 05:24:24.625000,
2021-11-02 05:24:30.775000,
2021-11-02 05:24:36.937500,
2021-11-02 05:24:43.087500,
2021-11-02 05:24:49.237500,
2021-11-02 05:24:55.387500,
2021-11-02 05:25:01.550000,
2021-11-02 05:25:07.700000,
2021-11-02 05:25:13.850000,
2021-11-02 05:25:20.012500,
2021-11-02 05:25:26.162500,
2021-11-02 05:25:32.312500,
2021-11-02 05:25:38.475000,
2021-11-02 05:25:44.625000,
2021-11-02 05:25:50.775000,
2021-11-02 05:25:56.937500,
2021-11-02 05:26:03.087500,
2021-11-02 05:26:09.237500,
2021-11-02 05:26:15.387500,
2021-11-02 05:26:21.550000,
2021-11-02 05:26:27.700000,
2021-11-02 05:26:33.850000,
2021-11-02 05:26:40.012500,
2021-11-02 05:26:46.162500,
2021-11-02 05:26:52.312500,
2021-11-02 05:26:58.475000,
2021-11-02 05:27:04.625000,
2021-11-02 05:27:10.775000,
2021-11-02 05:27:16.937500,
2021-11-02 05:27:23.087500,
2021-11-02 05:27:29.237500,
2021-11-02 05:27:35.387500,
2021-11-02 05:27:41.550000,
2021-11-02 05:27:47.700000,
2021-11-02 05:27:53.850000,
2021-11-02 05:28:00.012500,
2021-11-02 05:28:06.162500,
2021-11-02 05:28:12.312500,
2021-11-02 05:28:18.475000,
2021-11-02 05:28:24.625000,
2021-11-02 05:28:30.775000,
2021-11-02 05:28:36.937500,
2021-11-02 05:28:43.087500,
2021-11-02 05:28:49.237500,
2021-11-02 05:28:55.387500,
2021-11-02 05:29:01.550000,
2021-11-02 05:29:07.700000,
2021-11-02 05:29:13.850000,
2021-11-02 05:29:20.012500,
2021-11-02 05:29:26.162500,
2021-11-02 05:29:32.312500,
2021-11-02 05:29:38.475000,
2021-11-02 05:29:44.625000,
2021-11-02 05:29:50.775000,
2021-11-02 05:29:56.937500,
2021-11-02 05:30:03.087500,
2021-11-02 05:30:09.237500,
2021-11-02 05:30:15.387500,
2021-11-02 05:30:21.550000,
2021-11-02 05:30:27.700000,
2021-11-02 05:30:33.850000,
2021-11-02 05:30:40.012500,
2021-11-02 05:30:46.162500,
2021-11-02 05:30:52.312500,
2021-11-02 05:30:58.475000,
2021-11-02 05:31:04.625000,
2021-11-02 05:31:10.775000,
2021-11-02 05:31:16.937500,
2021-11-02 05:31:23.087500,
2021-11-02 05:31:29.237500,
2021-11-02 05:31:35.387500,
2021-11-02 05:31:41.550000,
2021-11-02 05:31:47.700000,
2021-11-02 05:31:53.850000,
2021-11-02 05:32:00.012500,
2021-11-02 05:32:06.162500,
2021-11-02 05:32:12.312500,
2021-11-02 05:32:18.475000,
2021-11-02 05:32:24.625000,
2021-11-02 05:32:30.775000,
2021-11-02 05:32:36.937500,
2021-11-02 05:32:43.087500,
2021-11-02 05:32:49.237500,
2021-11-02 05:32:55.387500,
2021-11-02 05:33:01.550000,
2021-11-02 05:33:07.700000,
2021-11-02 05:33:13.850000,
2021-11-02 05:33:20.012500,
2021-11-02 05:33:26.162500,
2021-11-02 05:33:32.312500,
2021-11-02 05:33:38.475000,
2021-11-02 05:33:44.625000,
2021-11-02 05:33:50.775000,
2021-11-02 05:33:56.937500,
2021-11-02 05:34:03.087500,
2021-11-02 05:34:09.237500,
2021-11-02 05:34:15.400000,
2021-11-02 05:34:21.550000,
2021-11-02 05:34:27.700000,
2021-11-02 05:34:33.850000,
2021-11-02 05:34:40.012500,
2021-11-02 05:34:46.162500,
2021-11-02 05:34:52.312500,
2021-11-02 05:34:58.475000,
2021-11-02 05:35:04.625000,
2021-11-02 05:35:10.775000,
2021-11-02 05:35:16.937500,
2021-11-02 05:35:23.087500,
2021-11-02 05:35:29.237500,
2021-11-02 05:35:35.400000,
2021-11-02 05:35:41.550000,
2021-11-02 05:35:47.700000,
2021-11-02 05:35:53.850000,
2021-11-02 05:36:00.012500,
2021-11-02 05:36:06.162500,
2021-11-02 05:36:12.312500,
2021-11-02 05:36:18.475000,
2021-11-02 05:36:24.625000,
2021-11-02 05:36:30.775000,
2021-11-02 05:36:36.937500,
2021-11-02 05:36:43.087500,
2021-11-02 05:36:49.237500,
2021-11-02 05:36:55.400000,
2021-11-02 05:37:01.550000,
2021-11-02 05:37:07.700000,
2021-11-02 05:37:13.850000,
2021-11-02 05:37:20.012500,
2021-11-02 05:37:26.162500,
2021-11-02 05:37:32.312500,
2021-11-02 05:37:38.475000,
2021-11-02 05:37:44.625000,
2021-11-02 05:37:50.775000,
2021-11-02 05:37:56.937500,
2021-11-02 05:38:03.087500,
2021-11-02 05:38:09.237500,
2021-11-02 05:38:15.400000,
2021-11-02 05:38:21.550000,
2021-11-02 05:38:27.700000,
2021-11-02 05:38:33.850000,
2021-11-02 05:38:40.012500,
2021-11-02 05:38:46.162500,
2021-11-02 05:38:52.312500,
2021-11-02 05:38:58.475000,
2021-11-02 05:39:04.625000,
2021-11-02 05:39:10.775000,
2021-11-02 05:39:16.937500,
2021-11-02 05:39:23.087500,
2021-11-02 05:39:29.237500,
2021-11-02 05:39:35.400000,
2021-11-02 05:39:41.550000,
2021-11-02 05:39:47.700000,
2021-11-02 05:39:53.850000,
2021-11-02 05:40:00.012500,
2021-11-02 05:40:06.162500,
2021-11-02 05:40:12.312500,
2021-11-02 05:40:18.475000,
2021-11-02 05:40:24.625000,
2021-11-02 05:40:30.775000,
2021-11-02 05:40:36.937500,
2021-11-02 05:40:43.087500,
2021-11-02 05:40:49.237500,
2021-11-02 05:40:55.400000,
2021-11-02 05:41:01.550000,
2021-11-02 05:41:07.700000,
2021-11-02 05:41:13.850000,
2021-11-02 05:41:20.012500,
2021-11-02 05:41:26.162500,
2021-11-02 05:41:32.312500,
2021-11-02 05:41:38.475000,
2021-11-02 05:41:44.625000,
2021-11-02 05:41:50.775000,
2021-11-02 05:41:56.937500,
2021-11-02 05:42:03.087500,
2021-11-02 05:42:09.237500,
2021-11-02 05:42:15.400000,
2021-11-02 05:42:21.550000,
2021-11-02 05:42:27.700000,
2021-11-02 05:42:33.850000,
2021-11-02 05:42:40.012500,
2021-11-02 05:42:46.162500,
2021-11-02 05:42:52.312500,
2021-11-02 05:42:58.475000,
2021-11-02 05:43:04.625000,
2021-11-02 05:43:10.775000,
2021-11-02 05:43:16.937500,
2021-11-02 05:43:23.087500,
2021-11-02 05:43:29.237500,
2021-11-02 05:43:35.400000,
2021-11-02 05:43:41.550000,
2021-11-02 05:43:47.700000,
2021-11-02 05:43:53.850000,
2021-11-02 05:44:00.012500,
2021-11-02 05:44:06.162500,
2021-11-02 05:44:12.312500,
2021-11-02 05:44:18.475000,
2021-11-02 05:44:24.625000,
2021-11-02 05:44:30.775000,
2021-11-02 05:44:36.937500,
2021-11-02 05:44:43.087500,
2021-11-02 05:44:49.237500,
2021-11-02 05:44:55.400000,
2021-11-02 05:45:01.550000,
2021-11-02 05:45:07.700000,
2021-11-02 05:45:13.850000,
2021-11-02 05:45:20.012500,
2021-11-02 05:45:26.162500,
2021-11-02 05:45:32.312500,
2021-11-02 05:45:38.475000,
2021-11-02 05:45:44.625000,
2021-11-02 05:45:50.775000,
2021-11-02 05:45:56.937500,
2021-11-02 05:46:03.087500,
2021-11-02 05:46:09.237500,
2021-11-02 05:46:15.400000,
2021-11-02 05:46:21.550000,
2021-11-02 05:46:27.700000,
2021-11-02 05:46:33.850000,
2021-11-02 05:46:40.012500,
2021-11-02 05:46:46.162500,
2021-11-02 05:46:52.312500,
2021-11-02 05:46:58.475000,
2021-11-02 05:47:04.625000,
2021-11-02 05:47:10.775000,
2021-11-02 05:47:16.937500,
2021-11-02 05:47:23.087500,
2021-11-02 05:47:29.237500,
2021-11-02 05:47:35.400000,
2021-11-02 05:47:41.550000,
2021-11-02 05:47:47.700000,
2021-11-02 05:47:53.850000,
2021-11-02 05:48:00.012500,
2021-11-02 05:48:06.162500,
2021-11-02 05:48:12.312500,
2021-11-02 05:48:18.475000,
2021-11-02 05:48:24.625000,
2021-11-02 05:48:30.775000,
2021-11-02 05:48:36.937500,
2021-11-02 05:48:43.087500,
2021-11-02 05:48:49.237500,
2021-11-02 05:48:55.400000,
2021-11-02 05:49:01.550000,
2021-11-02 05:49:07.700000,
2021-11-02 05:49:13.850000,
2021-11-02 05:49:20.012500,
2021-11-02 05:49:26.162500,
2021-11-02 05:49:32.312500,
2021-11-02 05:49:38.475000,
2021-11-02 05:49:44.625000,
2021-11-02 05:49:50.775000,
2021-11-02 05:49:56.937500,
2021-11-02 05:50:03.087500,
2021-11-02 05:50:09.237500,
2021-11-02 05:50:15.400000,
2021-11-02 05:50:21.550000,
2021-11-02 05:50:27.700000,
2021-11-02 05:50:33.850000,
2021-11-02 05:50:40.012500,
2021-11-02 05:50:46.162500,
2021-11-02 05:50:52.312500,
2021-11-02 05:50:58.475000,
2021-11-02 05:51:04.625000,
2021-11-02 05:51:10.775000,
2021-11-02 05:51:16.937500,
2021-11-02 05:51:23.087500,
2021-11-02 05:51:29.237500,
2021-11-02 05:51:35.400000,
2021-11-02 05:51:41.550000,
2021-11-02 05:51:47.700000,
2021-11-02 05:51:53.850000,
2021-11-02 05:52:00.012500,
2021-11-02 05:52:06.162500,
2021-11-02 05:52:12.312500,
2021-11-02 05:52:18.475000,
2021-11-02 05:52:24.625000,
2021-11-02 05:52:30.775000,
2021-11-02 05:52:36.937500,
2021-11-02 05:52:43.087500,
2021-11-02 05:52:49.237500,
2021-11-02 05:52:55.400000,
2021-11-02 05:53:01.550000,
2021-11-02 05:53:07.700000,
2021-11-02 05:53:13.850000,
2021-11-02 05:53:20.012500,
2021-11-02 05:53:26.162500,
2021-11-02 05:53:32.312500,
2021-11-02 05:53:38.475000,
2021-11-02 05:53:44.625000,
2021-11-02 05:53:50.775000,
2021-11-02 05:53:56.937500,
2021-11-02 05:54:03.087500,
2021-11-02 05:54:09.237500,
2021-11-02 05:54:15.400000,
2021-11-02 05:54:21.550000,
2021-11-02 05:54:27.700000,
2021-11-02 05:54:33.850000,
2021-11-02 05:54:40.012500,
2021-11-02 05:54:46.162500,
2021-11-02 05:54:52.312500,
2021-11-02 05:54:58.475000,
2021-11-02 05:55:04.625000,
2021-11-02 05:55:10.775000,
2021-11-02 05:55:16.937500,
2021-11-02 05:55:23.087500,
2021-11-02 05:55:29.237500,
2021-11-02 05:55:35.400000,
2021-11-02 05:55:41.550000,
2021-11-02 05:55:47.700000,
2021-11-02 05:55:53.850000,
2021-11-02 05:56:00.012500,
2021-11-02 05:56:06.162500,
2021-11-02 05:56:12.312500,
2021-11-02 05:56:18.475000,
2021-11-02 05:56:24.625000,
2021-11-02 05:56:30.775000,
2021-11-02 05:56:36.937500,
2021-11-02 05:56:43.087500,
2021-11-02 05:56:49.237500,
2021-11-02 05:56:55.400000,
2021-11-02 05:57:01.550000,
2021-11-02 05:57:07.700000,
2021-11-02 05:57:13.850000,
2021-11-02 05:57:20.012500,
2021-11-02 05:57:26.162500,
2021-11-02 05:57:32.312500,
2021-11-02 05:57:38.475000,
2021-11-02 05:57:44.625000,
2021-11-02 05:57:50.775000,
2021-11-02 05:57:56.937500,
2021-11-02 05:58:03.087500,
2021-11-02 05:58:09.237500,
2021-11-02 05:58:15.400000,
2021-11-02 05:58:21.550000,
2021-11-02 05:58:27.700000,
2021-11-02 05:58:33.850000,
2021-11-02 05:58:40.012500,
2021-11-02 05:58:46.162500,
2021-11-02 05:58:52.312500,
2021-11-02 05:58:58.475000,
2021-11-02 05:59:04.625000,
2021-11-02 05:59:10.775000,
2021-11-02 05:59:16.937500,
2021-11-02 05:59:23.087500,
2021-11-02 05:59:29.237500,
2021-11-02 05:59:35.400000,
2021-11-02 05:59:41.550000,
2021-11-02 05:59:47.700000,
2021-11-02 05:59:53.850000,
2021-11-02 06:00:00.012500,
2021-11-02 06:00:06.162500,
2021-11-02 06:00:12.312500,
2021-11-02 06:00:18.475000,
2021-11-02 06:00:24.625000,
2021-11-02 06:00:30.775000,
2021-11-02 06:00:36.937500,
2021-11-02 06:00:43.087500,
2021-11-02 06:00:49.237500,
2021-11-02 06:00:55.400000,
2021-11-02 06:01:01.550000,
2021-11-02 06:01:07.700000,
2021-11-02 06:01:13.850000,
2021-11-02 06:01:20.012500,
2021-11-02 06:01:26.162500,
2021-11-02 06:01:32.312500,
2021-11-02 06:01:38.475000,
2021-11-02 06:01:44.625000,
2021-11-02 06:01:50.775000,
2021-11-02 06:01:56.937500,
2021-11-02 06:02:03.087500,
2021-11-02 06:02:09.237500,
2021-11-02 06:02:15.400000,
2021-11-02 06:02:21.550000,
2021-11-02 06:02:27.700000,
2021-11-02 06:02:33.850000,
2021-11-02 06:02:40.012500,
2021-11-02 06:02:46.162500,
2021-11-02 06:02:52.312500,
2021-11-02 06:02:58.475000,
2021-11-02 06:03:04.625000,
2021-11-02 06:03:10.775000,
2021-11-02 06:03:16.937500,
2021-11-02 06:03:23.087500,
2021-11-02 06:03:29.237500,
2021-11-02 06:03:35.400000,
2021-11-02 06:03:41.550000,
2021-11-02 06:03:47.700000,
2021-11-02 06:03:53.850000,
2021-11-02 06:04:00.012500,
2021-11-02 06:04:06.162500,
2021-11-02 06:04:12.312500,
2021-11-02 06:04:18.475000,
2021-11-02 06:04:24.625000,
2021-11-02 06:04:30.775000,
2021-11-02 06:04:36.937500,
2021-11-02 06:04:43.087500,
2021-11-02 06:04:49.237500,
2021-11-02 06:04:55.400000,
2021-11-02 06:05:01.550000,
2021-11-02 06:05:07.700000,
2021-11-02 06:05:13.850000,
2021-11-02 06:05:20.012500,
2021-11-02 06:05:26.162500,
2021-11-02 06:05:32.312500,
2021-11-02 06:05:38.475000,
2021-11-02 06:05:44.625000,
2021-11-02 06:05:50.775000,
2021-11-02 06:05:56.937500,
2021-11-02 06:06:03.087500,
2021-11-02 06:06:09.237500,
2021-11-02 06:06:15.400000,
2021-11-02 06:06:21.550000,
2021-11-02 06:06:27.700000,
2021-11-02 06:06:33.850000,
2021-11-02 06:06:40.012500,
2021-11-02 06:06:46.162500,
2021-11-02 06:06:52.312500,
2021-11-02 06:06:58.475000,
2021-11-02 06:07:04.625000,
2021-11-02 06:07:10.775000,
2021-11-02 06:07:16.937500,
2021-11-02 06:07:23.087500,
2021-11-02 06:07:29.237500,
2021-11-02 06:07:35.400000,
2021-11-02 06:07:41.550000,
2021-11-02 06:07:47.700000,
2021-11-02 06:07:53.850000,
2021-11-02 06:08:00.012500,
2021-11-02 06:08:06.162500,
2021-11-02 06:08:12.312500,
2021-11-02 06:08:18.475000,
2021-11-02 06:08:24.625000,
2021-11-02 06:08:30.775000,
2021-11-02 06:08:36.937500,
2021-11-02 06:08:43.087500,
2021-11-02 06:08:49.237500,
2021-11-02 06:08:55.400000,
2021-11-02 06:09:01.550000,
2021-11-02 06:09:07.700000,
2021-11-02 06:09:13.850000,
2021-11-02 06:09:20.012500,
2021-11-02 06:09:26.162500,
2021-11-02 06:09:32.312500,
2021-11-02 06:09:38.475000,
2021-11-02 06:09:44.625000,
2021-11-02 06:09:50.775000,
2021-11-02 06:09:56.937500,
2021-11-02 06:10:03.087500,
2021-11-02 06:10:09.237500,
2021-11-02 06:10:15.400000,
2021-11-02 06:10:21.550000,
2021-11-02 06:10:27.700000,
2021-11-02 06:10:33.850000,
2021-11-02 06:10:40.012500,
2021-11-02 06:10:46.162500,
2021-11-02 06:10:52.312500,
2021-11-02 06:10:58.475000,
2021-11-02 06:11:04.625000,
2021-11-02 06:11:10.775000,
2021-11-02 06:11:16.937500,
2021-11-02 06:11:23.087500,
2021-11-02 06:11:29.237500,
2021-11-02 06:11:35.400000,
2021-11-02 06:11:41.550000,
2021-11-02 06:11:47.700000,
2021-11-02 06:11:53.850000,
2021-11-02 06:12:00.012500,
2021-11-02 06:12:06.162500,
2021-11-02 06:12:12.312500,
2021-11-02 06:12:18.475000,
2021-11-02 06:12:24.625000,
2021-11-02 06:12:30.775000,
2021-11-02 06:12:36.937500,
2021-11-02 06:12:43.087500,
2021-11-02 06:12:49.237500,
2021-11-02 06:12:55.400000,
2021-11-02 06:13:01.550000,
2021-11-02 06:13:07.700000,
2021-11-02 06:13:13.850000,
2021-11-02 06:13:20.012500,
2021-11-02 06:13:26.162500,
2021-11-02 06:13:32.312500,
2021-11-02 06:13:38.475000,
2021-11-02 06:13:44.625000,
2021-11-02 06:13:50.775000,
2021-11-02 06:13:56.937500,
2021-11-02 06:14:03.087500,
2021-11-02 06:14:09.237500,
2021-11-02 06:14:15.400000,
2021-11-02 06:14:21.550000,
2021-11-02 06:14:27.700000,
2021-11-02 06:14:33.850000,
2021-11-02 06:14:40.012500,
2021-11-02 06:14:46.162500,
2021-11-02 06:14:52.312500,
2021-11-02 06:14:58.475000,
2021-11-02 06:15:04.625000,
2021-11-02 06:15:10.775000,
2021-11-02 06:15:16.937500,
2021-11-02 06:15:23.087500,
2021-11-02 06:15:29.237500,
2021-11-02 06:15:35.400000,
2021-11-02 06:15:41.550000,
2021-11-02 06:15:47.700000,
2021-11-02 06:15:53.850000,
2021-11-02 06:16:00.012500,
2021-11-02 06:16:06.162500,
2021-11-02 06:16:12.312500,
2021-11-02 06:16:18.475000,
2021-11-02 06:16:24.625000,
2021-11-02 06:16:30.775000,
2021-11-02 06:16:36.937500,
2021-11-02 06:16:43.087500,
2021-11-02 06:16:49.237500,
2021-11-02 06:16:55.400000,
2021-11-02 06:17:01.550000,
2021-11-02 06:17:07.700000,
2021-11-02 06:17:13.850000,
2021-11-02 06:17:20.012500,
2021-11-02 06:17:26.162500,
2021-11-02 06:17:32.312500,
2021-11-02 06:17:38.475000,
2021-11-02 06:17:44.625000,
2021-11-02 06:17:50.775000,
2021-11-02 06:17:56.937500,
2021-11-02 06:18:03.087500,
2021-11-02 06:18:09.237500,
2021-11-02 06:18:15.400000,
2021-11-02 06:18:21.550000,
2021-11-02 06:18:27.700000,
2021-11-02 06:18:33.850000,
2021-11-02 06:18:40.012500,
2021-11-02 06:18:46.162500,
2021-11-02 06:18:52.312500,
2021-11-02 06:18:58.475000,
2021-11-02 06:19:04.625000,
2021-11-02 06:19:10.775000,
2021-11-02 06:19:16.937500,
2021-11-02 06:19:23.087500,
2021-11-02 06:19:29.237500,
2021-11-02 06:19:35.400000,
2021-11-02 06:19:41.550000,
2021-11-02 06:19:47.700000,
2021-11-02 06:19:53.850000,
2021-11-02 06:20:00.012500,
2021-11-02 06:20:06.162500,
2021-11-02 06:20:12.312500,
2021-11-02 06:20:18.475000,
2021-11-02 06:20:24.625000,
2021-11-02 06:20:30.775000,
2021-11-02 06:20:36.937500,
2021-11-02 06:20:43.087500,
2021-11-02 06:20:49.237500,
2021-11-02 06:20:55.400000,
2021-11-02 06:21:01.550000,
2021-11-02 06:21:07.700000,
2021-11-02 06:21:13.850000,
2021-11-02 06:21:20.012500,
2021-11-02 06:21:26.162500,
2021-11-02 06:21:32.312500,
2021-11-02 06:21:38.475000,
2021-11-02 06:21:44.625000,
2021-11-02 06:21:50.775000,
2021-11-02 06:21:56.937500,
2021-11-02 06:22:03.087500,
2021-11-02 06:22:09.237500,
2021-11-02 06:22:15.400000,
2021-11-02 06:22:21.550000,
2021-11-02 06:22:27.700000,
2021-11-02 06:22:33.850000,
2021-11-02 06:22:40.012500,
2021-11-02 06:22:46.162500,
2021-11-02 06:22:52.312500,
2021-11-02 06:22:58.475000,
2021-11-02 06:23:04.625000,
2021-11-02 06:23:10.775000,
2021-11-02 06:23:16.937500,
2021-11-02 06:23:23.087500,
2021-11-02 06:23:29.237500,
2021-11-02 06:23:35.400000,
2021-11-02 06:23:41.550000,
2021-11-02 06:23:47.700000,
2021-11-02 06:23:53.850000,
2021-11-02 06:24:00.012500,
2021-11-02 06:24:06.162500,
2021-11-02 06:24:12.312500,
2021-11-02 06:24:18.475000,
2021-11-02 06:24:24.625000,
2021-11-02 06:24:30.775000,
2021-11-02 06:24:36.937500,
2021-11-02 06:24:43.087500,
2021-11-02 06:24:49.237500,
2021-11-02 06:24:55.400000,
2021-11-02 06:25:01.550000,
2021-11-02 06:25:07.700000,
2021-11-02 06:25:13.850000,
2021-11-02 06:25:20.012500,
2021-11-02 06:25:26.162500,
2021-11-02 06:25:32.312500,
2021-11-02 06:25:38.475000,
2021-11-02 06:25:44.625000,
2021-11-02 06:25:50.775000,
2021-11-02 06:25:56.937500,
2021-11-02 06:26:03.087500,
2021-11-02 06:26:09.237500,
2021-11-02 06:26:15.400000,
2021-11-02 06:26:21.550000,
2021-11-02 06:26:27.700000,
2021-11-02 06:26:33.850000,
2021-11-02 06:26:40.012500,
2021-11-02 06:26:46.162500,
2021-11-02 06:26:52.312500,
2021-11-02 06:26:58.475000,
2021-11-02 06:27:04.625000,
2021-11-02 06:27:10.775000,
2021-11-02 06:27:16.937500,
2021-11-02 06:27:23.087500,
2021-11-02 06:27:29.237500,
2021-11-02 06:27:35.400000,
2021-11-02 06:27:41.550000,
2021-11-02 06:27:47.700000,
2021-11-02 06:27:53.850000,
2021-11-02 06:28:00.012500,
2021-11-02 06:28:06.162500,
2021-11-02 06:28:12.312500,
2021-11-02 06:28:18.475000,
2021-11-02 06:28:24.625000,
2021-11-02 06:28:30.775000,
2021-11-02 06:28:36.937500,
2021-11-02 06:28:43.087500,
2021-11-02 06:28:49.237500,
2021-11-02 06:28:55.400000,
2021-11-02 06:29:01.550000,
2021-11-02 06:29:07.700000,
2021-11-02 06:29:13.850000,
2021-11-02 06:29:20.012500,
2021-11-02 06:29:26.162500,
2021-11-02 06:29:32.312500,
2021-11-02 06:29:38.475000,
2021-11-02 06:29:44.625000,
2021-11-02 06:29:50.775000,
2021-11-02 06:29:56.937500,
2021-11-02 06:30:03.087500,
2021-11-02 06:30:09.237500,
2021-11-02 06:30:15.400000,
2021-11-02 06:30:21.550000,
2021-11-02 06:30:27.700000,
2021-11-02 06:30:33.850000,
2021-11-02 06:30:40.012500,
2021-11-02 06:30:46.162500,
2021-11-02 06:30:52.312500,
2021-11-02 06:30:58.475000,
2021-11-02 06:31:04.625000,
2021-11-02 06:31:10.775000,
2021-11-02 06:31:16.937500,
2021-11-02 06:31:23.087500,
2021-11-02 06:31:29.237500,
2021-11-02 06:31:35.400000,
2021-11-02 06:31:41.550000,
2021-11-02 06:31:47.700000,
2021-11-02 06:31:53.850000,
2021-11-02 06:32:00.012500,
2021-11-02 06:32:06.162500,
2021-11-02 06:32:12.312500,
2021-11-02 06:32:18.475000,
2021-11-02 06:32:24.625000,
2021-11-02 06:32:30.775000,
2021-11-02 06:32:36.937500,
2021-11-02 06:32:43.087500,
2021-11-02 06:32:49.237500,
2021-11-02 06:32:55.400000,
2021-11-02 06:33:01.550000,
2021-11-02 06:33:07.700000,
2021-11-02 06:33:13.850000,
2021-11-02 06:33:20.012500,
2021-11-02 06:33:26.162500,
2021-11-02 06:33:32.312500,
2021-11-02 06:33:38.475000,
2021-11-02 06:33:44.625000,
2021-11-02 06:33:50.775000,
2021-11-02 06:33:56.937500,
2021-11-02 06:34:03.087500,
2021-11-02 06:34:09.237500,
2021-11-02 06:34:15.400000,
2021-11-02 06:34:21.550000,
2021-11-02 06:34:27.700000,
2021-11-02 06:34:33.850000,
2021-11-02 06:34:40.012500,
2021-11-02 06:34:46.162500,
2021-11-02 06:34:52.312500,
2021-11-02 06:34:58.475000,
2021-11-02 06:35:04.625000,
2021-11-02 06:35:10.775000,
2021-11-02 06:35:16.937500,
2021-11-02 06:35:23.087500,
2021-11-02 06:35:29.237500,
2021-11-02 06:35:35.400000,
2021-11-02 06:35:41.550000,
2021-11-02 06:35:47.700000,
2021-11-02 06:35:53.850000,
2021-11-02 06:36:00.012500,
2021-11-02 06:36:06.162500,PA_Type_Video_Unavailable/Indecipherable
2021-11-02 06:36:12.312500,PA_Type_Video_Unavailable/Indecipherable
2021-11-02 06:36:18.475000,Puttering_Around
2021-11-02 06:36:24.625000,Puttering_Around
2021-11-02 06:36:30.775000,Puttering_Around
2021-11-02 06:36:36.937500,Puttering_Around
2021-11-02 06:36:43.087500,Puttering_Around
2021-11-02 06:36:49.237500,Puttering_Around
2021-11-02 06:36:55.400000,Washing_Hands
2021-11-02 06:37:01.550000,Washing_Hands
2021-11-02 06:37:07.700000,Washing_Hands
2021-11-02 06:37:13.850000,Washing_Hands
2021-11-02 06:37:20.012500,Washing_Hands
2021-11-02 06:37:26.162500,Puttering_Around
2021-11-02 06:37:32.312500,Puttering_Around
2021-11-02 06:37:38.475000,Puttering_Around
2021-11-02 06:37:44.625000,Puttering_Around
2021-11-02 06:37:50.775000,Puttering_Around
2021-11-02 06:37:56.937500,Puttering_Around
2021-11-02 06:38:03.087500,Puttering_Around
2021-11-02 06:38:09.237500,Puttering_Around
2021-11-02 06:38:15.400000,Puttering_Around
2021-11-02 06:38:21.550000,Puttering_Around
2021-11-02 06:38:27.700000,Standing_With_Movement
2021-11-02 06:38:33.850000,Standing_With_Movement
2021-11-02 06:38:40.012500,Standing_With_Movement
2021-11-02 06:38:46.162500,Standing_With_Movement
2021-11-02 06:38:52.312500,Standing_With_Movement
2021-11-02 06:38:58.475000,Standing_With_Movement
2021-11-02 06:39:04.625000,Standing_With_Movement
2021-11-02 06:39:10.775000,Standing_With_Movement
2021-11-02 06:39:16.937500,Standing_With_Movement
2021-11-02 06:39:23.087500,Standing_With_Movement
2021-11-02 06:39:29.237500,Puttering_Around
2021-11-02 06:39:35.400000,Puttering_Around
2021-11-02 06:39:41.550000,Puttering_Around
2021-11-02 06:39:47.700000,Puttering_Around
2021-11-02 06:39:53.850000,Standing_With_Movement
2021-11-02 06:40:00.012500,Puttering_Around
2021-11-02 06:40:06.162500,Puttering_Around
2021-11-02 06:40:12.312500,Puttering_Around
2021-11-02 06:40:18.475000,Puttering_Around
2021-11-02 06:40:24.625000,Puttering_Around
2021-11-02 06:40:30.775000,Standing_With_Movement
2021-11-02 06:40:36.937500,Standing_With_Movement
2021-11-02 06:40:43.087500,Walking
2021-11-02 06:40:49.237500,Standing_With_Movement
2021-11-02 06:40:55.400000,Standing_With_Movement
2021-11-02 06:41:01.550000,Standing_With_Movement
2021-11-02 06:41:07.700000,Walking
2021-11-02 06:41:13.850000,Puttering_Around
2021-11-02 06:41:20.012500,Puttering_Around
2021-11-02 06:41:26.162500,Puttering_Around
2021-11-02 06:41:32.312500,Puttering_Around
2021-11-02 06:41:38.475000,Puttering_Around
2021-11-02 06:41:44.625000,Puttering_Around
2021-11-02 06:41:50.775000,Puttering_Around
2021-11-02 06:41:56.937500,Puttering_Around
2021-11-02 06:42:03.087500,Puttering_Around
2021-11-02 06:42:09.237500,Puttering_Around
2021-11-02 06:42:15.400000,Puttering_Around
2021-11-02 06:42:21.550000,Puttering_Around
2021-11-02 06:42:27.700000,Puttering_Around
2021-11-02 06:42:33.850000,Puttering_Around
2021-11-02 06:42:40.012500,Puttering_Around
2021-11-02 06:42:46.162500,Puttering_Around
2021-11-02 06:42:52.312500,Puttering_Around
2021-11-02 06:42:58.475000,Puttering_Around
2021-11-02 06:43:04.625000,Puttering_Around
2021-11-02 06:43:10.775000,Puttering_Around
2021-11-02 06:43:16.937500,Puttering_Around
2021-11-02 06:43:23.087500,Puttering_Around
2021-11-02 06:43:29.237500,Puttering_Around
2021-11-02 06:43:35.400000,Puttering_Around
2021-11-02 06:43:41.550000,Puttering_Around
2021-11-02 06:43:47.700000,Puttering_Around
2021-11-02 06:43:53.850000,Puttering_Around
2021-11-02 06:44:00.012500,Puttering_Around
2021-11-02 06:44:06.162500,Puttering_Around
2021-11-02 06:44:12.312500,Puttering_Around
2021-11-02 06:44:18.475000,Puttering_Around
2021-11-02 06:44:24.625000,Puttering_Around
2021-11-02 06:44:30.775000,Puttering_Around
2021-11-02 06:44:36.937500,Puttering_Around
2021-11-02 06:44:43.087500,Puttering_Around
2021-11-02 06:44:49.237500,Puttering_Around
2021-11-02 06:44:55.400000,Puttering_Around
2021-11-02 06:45:01.550000,Puttering_Around
2021-11-02 06:45:07.700000,Puttering_Around
2021-11-02 06:45:13.850000,Standing_With_Movement
2021-11-02 06:45:20.012500,Standing_With_Movement
2021-11-02 06:45:26.162500,Standing_With_Movement
2021-11-02 06:45:32.312500,Standing_With_Movement
2021-11-02 06:45:38.475000,Standing_With_Movement
2021-11-02 06:45:44.625000,Standing_With_Movement
2021-11-02 06:45:50.775000,Standing_With_Movement
2021-11-02 06:45:56.937500,Standing_With_Movement
2021-11-02 06:46:03.087500,Standing_With_Movement
2021-11-02 06:46:09.237500,Standing_With_Movement
2021-11-02 06:46:15.400000,Standing_With_Movement
2021-11-02 06:46:21.550000,Standing_With_Movement
2021-11-02 06:46:27.700000,Puttering_Around
2021-11-02 06:46:33.850000,Puttering_Around
2021-11-02 06:46:40.012500,
2021-11-02 06:46:46.162500,Puttering_Around
2021-11-02 06:46:52.312500,Puttering_Around
2021-11-02 06:46:58.475000,Puttering_Around
2021-11-02 06:47:04.625000,Puttering_Around
2021-11-02 06:47:10.775000,Puttering_Around
2021-11-02 06:47:16.937500,Puttering_Around
2021-11-02 06:47:23.087500,Puttering_Around
2021-11-02 06:47:29.237500,Puttering_Around
2021-11-02 06:47:35.400000,
2021-11-02 06:47:41.550000,
2021-11-02 06:47:47.700000,Standing_With_Movement
2021-11-02 06:47:53.862500,Puttering_Around
2021-11-02 06:48:00.012500,Puttering_Around
2021-11-02 06:48:06.162500,Puttering_Around
2021-11-02 06:48:12.312500,Puttering_Around
2021-11-02 06:48:18.475000,Puttering_Around
2021-11-02 06:48:24.625000,Puttering_Around
2021-11-02 06:48:30.775000,Puttering_Around
2021-11-02 06:48:36.937500,Puttering_Around
2021-11-02 06:48:43.087500,Puttering_Around
2021-11-02 06:48:49.237500,
2021-11-02 06:48:55.400000,Standing_With_Movement
2021-11-02 06:49:01.550000,Standing_With_Movement
2021-11-02 06:49:07.700000,Standing_With_Movement
2021-11-02 06:49:13.862500,Puttering_Around
2021-11-02 06:49:20.012500,Puttering_Around
2021-11-02 06:49:26.162500,Puttering_Around
2021-11-02 06:49:32.312500,Puttering_Around
2021-11-02 06:49:38.475000,Standing_With_Movement
2021-11-02 06:49:44.625000,Standing_With_Movement
2021-11-02 06:49:50.775000,Standing_With_Movement
2021-11-02 06:49:56.937500,Standing_With_Movement
2021-11-02 06:50:03.087500,Puttering_Around
2021-11-02 06:50:09.237500,Puttering_Around
2021-11-02 06:50:15.400000,Puttering_Around
2021-11-02 06:50:21.550000,Puttering_Around
2021-11-02 06:50:27.700000,Puttering_Around
2021-11-02 06:50:33.862500,Puttering_Around
2021-11-02 06:50:40.012500,
2021-11-02 06:50:46.162500,PA_Type_Video_Unavailable/Indecipherable
2021-11-02 06:50:52.312500,Standing_With_Movement
2021-11-02 06:50:58.475000,Standing_With_Movement
2021-11-02 06:51:04.625000,Standing_With_Movement
2021-11-02 06:51:10.775000,
2021-11-02 06:51:16.937500,
2021-11-02 06:51:23.087500,Standing_With_Movement
2021-11-02 06:51:29.237500,Standing_With_Movement
2021-11-02 06:51:35.400000,Standing_With_Movement
2021-11-02 06:51:41.550000,Standing_With_Movement
2021-11-02 06:51:47.700000,Standing_With_Movement
2021-11-02 06:51:53.862500,Standing_With_Movement
2021-11-02 06:52:00.012500,
2021-11-02 06:52:06.162500,Puttering_Around
2021-11-02 06:52:12.312500,Puttering_Around
2021-11-02 06:52:18.475000,Standing_With_Movement
2021-11-02 06:52:24.625000,Standing_With_Movement
2021-11-02 06:52:30.775000,Standing_With_Movement
2021-11-02 06:52:36.937500,Standing_With_Movement
2021-11-02 06:52:43.087500,Standing_With_Movement
2021-11-02 06:52:49.237500,Standing_With_Movement
2021-11-02 06:52:55.400000,Standing_With_Movement
2021-11-02 06:53:01.550000,Standing_With_Movement
2021-11-02 06:53:07.700000,
2021-11-02 06:53:13.862500,Standing_With_Movement
2021-11-02 06:53:20.012500,Standing_With_Movement
2021-11-02 06:53:26.162500,Standing_With_Movement
2021-11-02 06:53:32.312500,Standing_With_Movement
2021-11-02 06:53:38.475000,Standing_With_Movement
2021-11-02 06:53:44.625000,Standing_With_Movement
2021-11-02 06:53:50.775000,
2021-11-02 06:53:56.937500,Standing_With_Movement
2021-11-02 06:54:03.087500,Standing_With_Movement
2021-11-02 06:54:09.237500,Standing_With_Movement
2021-11-02 06:54:15.400000,Standing_With_Movement
2021-11-02 06:54:21.550000,Standing_With_Movement
2021-11-02 06:54:27.700000,Standing_With_Movement
2021-11-02 06:54:33.862500,Standing_With_Movement
2021-11-02 06:54:40.012500,Standing_With_Movement
2021-11-02 06:54:46.162500,Standing_With_Movement
2021-11-02 06:54:52.312500,Standing_With_Movement
2021-11-02 06:54:58.475000,Puttering_Around
2021-11-02 06:55:04.625000,Puttering_Around
2021-11-02 06:55:10.775000,Puttering_Around
2021-11-02 06:55:16.937500,Standing_With_Movement
2021-11-02 06:55:23.087500,Standing_With_Movement
2021-11-02 06:55:29.237500,Standing_With_Movement
2021-11-02 06:55:35.400000,Standing_With_Movement
2021-11-02 06:55:41.550000,Standing_With_Movement
2021-11-02 06:55:47.700000,Standing_With_Movement
2021-11-02 06:55:53.862500,Standing_With_Movement
2021-11-02 06:56:00.012500,Standing_With_Movement
2021-11-02 06:56:06.162500,Standing_With_Movement
2021-11-02 06:56:12.312500,Standing_With_Movement
2021-11-02 06:56:18.475000,Standing_With_Movement
2021-11-02 06:56:24.625000,Standing_With_Movement
2021-11-02 06:56:30.775000,Standing_With_Movement
2021-11-02 06:56:36.937500,Standing_With_Movement
2021-11-02 06:56:43.087500,Standing_With_Movement
2021-11-02 06:56:49.237500,Standing_With_Movement
2021-11-02 06:56:55.400000,Standing_With_Movement
2021-11-02 06:57:01.550000,Standing_With_Movement
2021-11-02 06:57:07.700000,Standing_With_Movement
2021-11-02 06:57:13.862500,Standing_With_Movement
2021-11-02 06:57:20.012500,Standing_With_Movement
2021-11-02 06:57:26.162500,Standing_With_Movement
2021-11-02 06:57:32.312500,Standing_With_Movement
2021-11-02 06:57:38.475000,Standing_With_Movement
2021-11-02 06:57:44.625000,Standing_With_Movement
2021-11-02 06:57:50.775000,Standing_With_Movement
2021-11-02 06:57:56.937500,Standing_With_Movement
2021-11-02 06:58:03.087500,Standing_With_Movement
2021-11-02 06:58:09.237500,Standing_With_Movement
2021-11-02 06:58:15.400000,Standing_With_Movement
2021-11-02 06:58:21.550000,Standing_With_Movement
2021-11-02 06:58:27.700000,Standing_With_Movement
2021-11-02 06:58:33.862500,
2021-11-02 06:58:40.012500,
2021-11-02 06:58:46.162500,Standing_With_Movement
2021-11-02 06:58:52.312500,Standing_With_Movement
2021-11-02 06:58:58.475000,Standing_With_Movement
2021-11-02 06:59:04.625000,
2021-11-02 06:59:10.775000,Puttering_Around
2021-11-02 06:59:16.937500,Standing_With_Movement
2021-11-02 06:59:23.087500,Standing_With_Movement
2021-11-02 06:59:29.237500,Standing_With_Movement
2021-11-02 06:59:35.400000,Standing_With_Movement
2021-11-02 06:59:41.550000,Puttering_Around
2021-11-02 06:59:47.700000,Puttering_Around
2021-11-02 06:59:53.862500,Standing_With_Movement
2021-11-02 07:00:00.012500,Standing_With_Movement
2021-11-02 07:00:06.162500,Standing_With_Movement
2021-11-02 07:00:12.312500,Puttering_Around
2021-11-02 07:00:18.475000,Puttering_Around
2021-11-02 07:00:24.625000,Puttering_Around
2021-11-02 07:00:30.775000,Puttering_Around
2021-11-02 07:00:36.937500,Puttering_Around
2021-11-02 07:00:43.087500,Puttering_Around
2021-11-02 07:00:49.237500,Standing_With_Movement
2021-11-02 07:00:55.400000,Standing_With_Movement
2021-11-02 07:01:01.550000,
2021-11-02 07:01:07.700000,Puttering_Around
2021-11-02 07:01:13.862500,Puttering_Around
2021-11-02 07:01:20.012500,Puttering_Around
2021-11-02 07:01:26.162500,Puttering_Around
2021-11-02 07:01:32.312500,Puttering_Around
2021-11-02 07:01:38.475000,Puttering_Around
2021-11-02 07:01:44.625000,Puttering_Around
2021-11-02 07:01:50.775000,Puttering_Around
2021-11-02 07:01:56.937500,Puttering_Around
2021-11-02 07:02:03.087500,Puttering_Around
2021-11-02 07:02:09.237500,Puttering_Around
2021-11-02 07:02:15.400000,Puttering_Around
2021-11-02 07:02:21.550000,Puttering_Around
2021-11-02 07:02:27.700000,Puttering_Around
2021-11-02 07:02:33.862500,Puttering_Around
2021-11-02 07:02:40.012500,Puttering_Around
2021-11-02 07:02:46.162500,Puttering_Around
2021-11-02 07:02:52.312500,Puttering_Around
2021-11-02 07:02:58.475000,Puttering_Around
2021-11-02 07:03:04.625000,Puttering_Around
2021-11-02 07:03:10.775000,Puttering_Around
2021-11-02 07:03:16.937500,Walking
2021-11-02 07:03:23.087500,Walking
2021-11-02 07:03:29.237500,Walking
2021-11-02 07:03:35.400000,Puttering_Around
2021-11-02 07:03:41.550000,Puttering_Around
2021-11-02 07:03:47.700000,Puttering_Around
2021-11-02 07:03:53.862500,Puttering_Around
2021-11-02 07:04:00.012500,Puttering_Around
2021-11-02 07:04:06.162500,
2021-11-02 07:04:12.312500,Puttering_Around
2021-11-02 07:04:18.475000,Puttering_Around
2021-11-02 07:04:24.625000,Walking
2021-11-02 07:04:30.775000,Walking
2021-11-02 07:04:36.937500,Walking
2021-11-02 07:04:43.087500,
2021-11-02 07:04:49.237500,
2021-11-02 07:04:55.400000,Standing_With_Movement
2021-11-02 07:05:01.550000,Standing_With_Movement
2021-11-02 07:05:07.700000,Standing_With_Movement
2021-11-02 07:05:13.862500,Standing_With_Movement
2021-11-02 07:05:20.012500,Standing_With_Movement
2021-11-02 07:05:26.162500,Standing_With_Movement
2021-11-02 07:05:32.312500,Standing_With_Movement
2021-11-02 07:05:38.475000,Synchronizing_Sensors
2021-11-02 07:05:44.625000,Synchronizing_Sensors
2021-11-02 07:05:50.775000,Synchronizing_Sensors
2021-11-02 07:05:56.937500,Synchronizing_Sensors
2021-11-02 07:06:03.087500,Standing_With_Movement
2021-11-02 07:06:09.237500,Standing_With_Movement
2021-11-02 07:06:15.400000,Standing_With_Movement
2021-11-02 07:06:21.550000,Standing_With_Movement
2021-11-02 07:06:27.700000,Puttering_Around
2021-11-02 07:06:33.862500,Puttering_Around
2021-11-02 07:06:40.012500,Puttering_Around
2021-11-02 07:06:46.162500,Puttering_Around
2021-11-02 07:06:52.312500,Puttering_Around
2021-11-02 07:06:58.475000,Standing_With_Movement
2021-11-02 07:07:04.625000,Puttering_Around
2021-11-02 07:07:10.775000,Puttering_Around
2021-11-02 07:07:16.937500,Walking
2021-11-02 07:07:23.087500,Walking
2021-11-02 07:07:29.237500,Walking
2021-11-02 07:07:35.400000,Walking
2021-11-02 07:07:41.550000,Walking
2021-11-02 07:07:47.700000,Walking
2021-11-02 07:07:53.862500,Standing_With_Movement
2021-11-02 07:08:00.012500,Standing_With_Movement
2021-11-02 07:08:06.162500,Standing_With_Movement
2021-11-02 07:08:12.312500,Walking
2021-11-02 07:08:18.475000,
2021-11-02 07:08:24.625000,Walking
2021-11-02 07:08:30.775000,Walking
2021-11-02 07:08:36.937500,Standing_With_Movement
2021-11-02 07:08:43.087500,Standing_With_Movement
2021-11-02 07:08:49.237500,Standing_With_Movement
2021-11-02 07:08:55.400000,Standing_With_Movement
2021-11-02 07:09:01.550000,Standing_With_Movement
2021-11-02 07:09:07.700000,Standing_With_Movement
2021-11-02 07:09:13.862500,Standing_With_Movement
2021-11-02 07:09:20.012500,Standing_With_Movement
2021-11-02 07:09:26.162500,Standing_With_Movement
2021-11-02 07:09:32.312500,Standing_With_Movement
2021-11-02 07:09:38.475000,Walking
2021-11-02 07:09:44.625000,Walking
2021-11-02 07:09:50.775000,Standing_With_Movement
2021-11-02 07:09:56.937500,Standing_With_Movement
2021-11-02 07:10:03.087500,Standing_With_Movement
2021-11-02 07:10:09.237500,Standing_With_Movement
2021-11-02 07:10:15.400000,Standing_With_Movement
2021-11-02 07:10:21.550000,Standing_With_Movement
2021-11-02 07:10:27.700000,Standing_With_Movement
2021-11-02 07:10:33.862500,Standing_With_Movement
2021-11-02 07:10:40.012500,Walking
2021-11-02 07:10:46.162500,Walking
2021-11-02 07:10:52.312500,Walking
2021-11-02 07:10:58.475000,Walking
2021-11-02 07:11:04.625000,Standing_With_Movement
2021-11-02 07:11:10.775000,Standing_With_Movement
2021-11-02 07:11:16.937500,Standing_With_Movement
2021-11-02 07:11:23.087500,Puttering_Around
2021-11-02 07:11:29.237500,Puttering_Around
2021-11-02 07:11:35.400000,Standing_With_Movement
2021-11-02 07:11:41.550000,Puttering_Around
2021-11-02 07:11:47.700000,Puttering_Around
2021-11-02 07:11:53.862500,Puttering_Around
2021-11-02 07:12:00.012500,Walking
2021-11-02 07:12:06.162500,Walking
2021-11-02 07:12:12.312500,Walking
2021-11-02 07:12:18.475000,Walking
2021-11-02 07:12:24.625000,Walking
2021-11-02 07:12:30.775000,Walking
2021-11-02 07:12:36.937500,Puttering_Around
2021-11-02 07:12:43.087500,Puttering_Around
2021-11-02 07:12:49.237500,Puttering_Around
2021-11-02 07:12:55.400000,Puttering_Around
2021-11-02 07:13:01.550000,Puttering_Around
2021-11-02 07:13:07.700000,Puttering_Around
2021-11-02 07:13:13.862500,Puttering_Around
2021-11-02 07:13:20.012500,Puttering_Around
2021-11-02 07:13:26.162500,Puttering_Around
2021-11-02 07:13:32.312500,Puttering_Around
2021-11-02 07:13:38.475000,Puttering_Around
2021-11-02 07:13:44.625000,Puttering_Around
2021-11-02 07:13:50.775000,Puttering_Around
2021-11-02 07:13:56.937500,Walking
2021-11-02 07:14:03.087500,Walking
2021-11-02 07:14:09.237500,Walking
2021-11-02 07:14:15.400000,Walking
2021-11-02 07:14:21.550000,Folding_Clothes
2021-11-02 07:14:27.700000,Folding_Clothes
2021-11-02 07:14:33.862500,Walking
2021-11-02 07:14:40.012500,Puttering_Around
2021-11-02 07:14:46.162500,Puttering_Around
2021-11-02 07:14:52.312500,Puttering_Around
2021-11-02 07:14:58.475000,Standing_With_Movement
2021-11-02 07:15:04.625000,Standing_With_Movement
2021-11-02 07:15:10.775000,Standing_With_Movement
2021-11-02 07:15:16.937500,Standing_With_Movement
2021-11-02 07:15:23.087500,Puttering_Around
2021-11-02 07:15:29.237500,Puttering_Around
2021-11-02 07:15:35.400000,Puttering_Around
2021-11-02 07:15:41.550000,Puttering_Around
2021-11-02 07:15:47.700000,Walking
2021-11-02 07:15:53.862500,Walking
2021-11-02 07:16:00.012500,PA_Type_Video_Unavailable/Indecipherable
2021-11-02 07:16:06.162500,PA_Type_Video_Unavailable/Indecipherable
2021-11-02 07:16:12.312500,PA_Type_Video_Unavailable/Indecipherable
2021-11-02 07:16:18.475000,PA_Type_Video_Unavailable/Indecipherable
2021-11-02 07:16:24.625000,PA_Type_Video_Unavailable/Indecipherable
2021-11-02 07:16:30.775000,PA_Type_Video_Unavailable/Indecipherable
2021-11-02 07:16:36.937500,PA_Type_Video_Unavailable/Indecipherable
2021-11-02 07:16:43.087500,PA_Type_Video_Unavailable/Indecipherable
2021-11-02 07:16:49.237500,PA_Type_Video_Unavailable/Indecipherable
2021-11-02 07:16:55.400000,PA_Type_Video_Unavailable/Indecipherable
2021-11-02 07:17:01.550000,PA_Type_Video_Unavailable/Indecipherable
2021-11-02 07:17:07.700000,PA_Type_Video_Unavailable/Indecipherable
2021-11-02 07:17:13.862500,PA_Type_Video_Unavailable/Indecipherable
2021-11-02 07:17:20.012500,PA_Type_Video_Unavailable/Indecipherable
2021-11-02 07:17:26.162500,PA_Type_Video_Unavailable/Indecipherable
2021-11-02 07:17:32.312500,PA_Type_Video_Unavailable/Indecipherable
2021-11-02 07:17:38.475000,PA_Type_Video_Unavailable/Indecipherable
2021-11-02 07:17:44.625000,PA_Type_Video_Unavailable/Indecipherable
2021-11-02 07:17:50.775000,PA_Type_Video_Unavailable/Indecipherable
2021-11-02 07:17:56.937500,PA_Type_Video_Unavailable/Indecipherable
2021-11-02 07:18:03.087500,PA_Type_Video_Unavailable/Indecipherable
2021-11-02 07:18:09.237500,PA_Type_Video_Unavailable/Indecipherable
2021-11-02 07:18:15.400000,PA_Type_Video_Unavailable/Indecipherable
2021-11-02 07:18:21.550000,PA_Type_Video_Unavailable/Indecipherable
2021-11-02 07:18:27.700000,PA_Type_Video_Unavailable/Indecipherable
2021-11-02 07:18:33.862500,PA_Type_Video_Unavailable/Indecipherable
2021-11-02 07:18:40.012500,PA_Type_Video_Unavailable/Indecipherable
2021-11-02 07:18:46.162500,PA_Type_Video_Unavailable/Indecipherable
2021-11-02 07:18:52.312500,PA_Type_Video_Unavailable/Indecipherable
2021-11-02 07:18:58.475000,PA_Type_Video_Unavailable/Indecipherable
2021-11-02 07:19:04.625000,PA_Type_Video_Unavailable/Indecipherable
2021-11-02 07:19:10.775000,PA_Type_Video_Unavailable/Indecipherable
2021-11-02 07:19:16.937500,PA_Type_Video_Unavailable/Indecipherable
2021-11-02 07:19:23.087500,PA_Type_Video_Unavailable/Indecipherable
2021-11-02 07:19:29.237500,PA_Type_Video_Unavailable/Indecipherable
2021-11-02 07:19:35.400000,PA_Type_Video_Unavailable/Indecipherable
2021-11-02 07:19:41.550000,PA_Type_Video_Unavailable/Indecipherable
2021-11-02 07:19:47.700000,PA_Type_Video_Unavailable/Indecipherable
2021-11-02 07:19:53.862500,PA_Type_Video_Unavailable/Indecipherable
2021-11-02 07:20:00.012500,PA_Type_Video_Unavailable/Indecipherable
2021-11-02 07:20:06.162500,PA_Type_Video_Unavailable/Indecipherable
2021-11-02 07:20:12.312500,PA_Type_Video_Unavailable/Indecipherable
2021-11-02 07:20:18.475000,PA_Type_Video_Unavailable/Indecipherable
2021-11-02 07:20:24.625000,PA_Type_Video_Unavailable/Indecipherable
2021-11-02 07:20:30.775000,PA_Type_Video_Unavailable/Indecipherable
2021-11-02 07:20:36.937500,PA_Type_Video_Unavailable/Indecipherable
2021-11-02 07:20:43.087500,PA_Type_Video_Unavailable/Indecipherable
2021-11-02 07:20:49.237500,PA_Type_Video_Unavailable/Indecipherable
2021-11-02 07:20:55.400000,PA_Type_Video_Unavailable/Indecipherable
2021-11-02 07:21:01.550000,PA_Type_Video_Unavailable/Indecipherable
2021-11-02 07:21:07.700000,PA_Type_Video_Unavailable/Indecipherable
2021-11-02 07:21:13.862500,PA_Type_Video_Unavailable/Indecipherable
2021-11-02 07:21:20.012500,PA_Type_Video_Unavailable/Indecipherable
2021-11-02 07:21:26.162500,PA_Type_Video_Unavailable/Indecipherable
2021-11-02 07:21:32.312500,PA_Type_Video_Unavailable/Indecipherable
2021-11-02 07:21:38.475000,PA_Type_Video_Unavailable/Indecipherable
2021-11-02 07:21:44.625000,PA_Type_Video_Unavailable/Indecipherable
2021-11-02 07:21:50.775000,PA_Type_Video_Unavailable/Indecipherable
2021-11-02 07:21:56.937500,PA_Type_Video_Unavailable/Indecipherable
2021-11-02 07:22:03.087500,PA_Type_Video_Unavailable/Indecipherable
2021-11-02 07:22:09.237500,PA_Type_Video_Unavailable/Indecipherable
2021-11-02 07:22:15.400000,PA_Type_Video_Unavailable/Indecipherable
2021-11-02 07:22:21.550000,PA_Type_Video_Unavailable/Indecipherable
2021-11-02 07:22:27.700000,PA_Type_Video_Unavailable/Indecipherable
2021-11-02 07:22:33.862500,PA_Type_Video_Unavailable/Indecipherable
2021-11-02 07:22:40.012500,PA_Type_Video_Unavailable/Indecipherable
2021-11-02 07:22:46.162500,PA_Type_Video_Unavailable/Indecipherable
2021-11-02 07:22:52.312500,PA_Type_Video_Unavailable/Indecipherable
2021-11-02 07:22:58.475000,PA_Type_Video_Unavailable/Indecipherable
2021-11-02 07:23:04.625000,PA_Type_Video_Unavailable/Indecipherable
2021-11-02 07:23:10.775000,PA_Type_Video_Unavailable/Indecipherable
2021-11-02 07:23:16.937500,PA_Type_Video_Unavailable/Indecipherable
2021-11-02 07:23:23.087500,PA_Type_Video_Unavailable/Indecipherable
2021-11-02 07:23:29.237500,PA_Type_Video_Unavailable/Indecipherable
2021-11-02 07:23:35.400000,PA_Type_Video_Unavailable/Indecipherable
2021-11-02 07:23:41.550000,PA_Type_Video_Unavailable/Indecipherable
2021-11-02 07:23:47.700000,PA_Type_Video_Unavailable/Indecipherable
2021-11-02 07:23:53.862500,PA_Type_Video_Unavailable/Indecipherable
2021-11-02 07:24:00.012500,PA_Type_Video_Unavailable/Indecipherable
2021-11-02 07:24:06.162500,PA_Type_Video_Unavailable/Indecipherable
2021-11-02 07:24:12.312500,PA_Type_Video_Unavailable/Indecipherable
2021-11-02 07:24:18.475000,PA_Type_Video_Unavailable/Indecipherable
2021-11-02 07:24:24.625000,PA_Type_Video_Unavailable/Indecipherable
2021-11-02 07:24:30.775000,PA_Type_Video_Unavailable/Indecipherable
2021-11-02 07:24:36.937500,PA_Type_Video_Unavailable/Indecipherable
2021-11-02 07:24:43.087500,PA_Type_Video_Unavailable/Indecipherable
2021-11-02 07:24:49.237500,PA_Type_Video_Unavailable/Indecipherable
2021-11-02 07:24:55.400000,PA_Type_Video_Unavailable/Indecipherable
2021-11-02 07:25:01.550000,PA_Type_Video_Unavailable/Indecipherable
2021-11-02 07:25:07.700000,PA_Type_Video_Unavailable/Indecipherable
2021-11-02 07:25:13.862500,PA_Type_Video_Unavailable/Indecipherable
2021-11-02 07:25:20.012500,PA_Type_Video_Unavailable/Indecipherable
2021-11-02 07:25:26.162500,PA_Type_Video_Unavailable/Indecipherable
2021-11-02 07:25:32.312500,PA_Type_Video_Unavailable/Indecipherable
2021-11-02 07:25:38.475000,PA_Type_Video_Unavailable/Indecipherable
2021-11-02 07:25:44.625000,PA_Type_Video_Unavailable/Indecipherable
2021-11-02 07:25:50.775000,PA_Type_Video_Unavailable/Indecipherable
2021-11-02 07:25:56.937500,PA_Type_Video_Unavailable/Indecipherable
2021-11-02 07:26:03.087500,PA_Type_Video_Unavailable/Indecipherable
2021-11-02 07:26:09.237500,PA_Type_Video_Unavailable/Indecipherable
2021-11-02 07:26:15.400000,PA_Type_Video_Unavailable/Indecipherable
2021-11-02 07:26:21.550000,PA_Type_Video_Unavailable/Indecipherable
2021-11-02 07:26:27.700000,PA_Type_Video_Unavailable/Indecipherable
2021-11-02 07:26:33.862500,PA_Type_Video_Unavailable/Indecipherable
2021-11-02 07:26:40.012500,PA_Type_Video_Unavailable/Indecipherable
2021-11-02 07:26:46.162500,PA_Type_Video_Unavailable/Indecipherable
2021-11-02 07:26:52.312500,PA_Type_Video_Unavailable/Indecipherable
2021-11-02 07:26:58.475000,PA_Type_Video_Unavailable/Indecipherable
2021-11-02 07:27:04.625000,PA_Type_Video_Unavailable/Indecipherable
2021-11-02 07:27:10.775000,PA_Type_Video_Unavailable/Indecipherable
2021-11-02 07:27:16.937500,PA_Type_Video_Unavailable/Indecipherable
2021-11-02 07:27:23.087500,PA_Type_Video_Unavailable/Indecipherable
2021-11-02 07:27:29.237500,PA_Type_Video_Unavailable/Indecipherable
2021-11-02 07:27:35.400000,PA_Type_Video_Unavailable/Indecipherable
2021-11-02 07:27:41.550000,PA_Type_Video_Unavailable/Indecipherable
2021-11-02 07:27:47.700000,PA_Type_Video_Unavailable/Indecipherable
2021-11-02 07:27:53.862500,PA_Type_Video_Unavailable/Indecipherable
2021-11-02 07:28:00.012500,PA_Type_Video_Unavailable/Indecipherable
2021-11-02 07:28:06.162500,PA_Type_Video_Unavailable/Indecipherable
2021-11-02 07:28:12.312500,PA_Type_Video_Unavailable/Indecipherable
2021-11-02 07:28:18.475000,PA_Type_Video_Unavailable/Indecipherable
2021-11-02 07:28:24.625000,PA_Type_Video_Unavailable/Indecipherable
2021-11-02 07:28:30.775000,PA_Type_Video_Unavailable/Indecipherable
2021-11-02 07:28:36.937500,PA_Type_Video_Unavailable/Indecipherable
2021-11-02 07:28:43.087500,PA_Type_Video_Unavailable/Indecipherable
2021-11-02 07:28:49.237500,PA_Type_Video_Unavailable/Indecipherable
2021-11-02 07:28:55.400000,PA_Type_Video_Unavailable/Indecipherable
2021-11-02 07:29:01.550000,PA_Type_Video_Unavailable/Indecipherable
2021-11-02 07:29:07.700000,PA_Type_Video_Unavailable/Indecipherable
2021-11-02 07:29:13.862500,PA_Type_Video_Unavailable/Indecipherable
2021-11-02 07:29:20.012500,PA_Type_Video_Unavailable/Indecipherable
2021-11-02 07:29:26.162500,PA_Type_Video_Unavailable/Indecipherable
2021-11-02 07:29:32.312500,PA_Type_Video_Unavailable/Indecipherable
2021-11-02 07:29:38.475000,PA_Type_Video_Unavailable/Indecipherable
2021-11-02 07:29:44.625000,PA_Type_Video_Unavailable/Indecipherable
2021-11-02 07:29:50.775000,PA_Type_Video_Unavailable/Indecipherable
2021-11-02 07:29:56.937500,PA_Type_Video_Unavailable/Indecipherable
2021-11-02 07:30:03.087500,PA_Type_Video_Unavailable/Indecipherable
2021-11-02 07:30:09.237500,PA_Type_Video_Unavailable/Indecipherable
2021-11-02 07:30:15.400000,PA_Type_Video_Unavailable/Indecipherable
2021-11-02 07:30:21.550000,PA_Type_Video_Unavailable/Indecipherable
2021-11-02 07:30:27.700000,PA_Type_Video_Unavailable/Indecipherable
2021-11-02 07:30:33.862500,PA_Type_Video_Unavailable/Indecipherable
2021-11-02 07:30:40.012500,PA_Type_Video_Unavailable/Indecipherable
2021-11-02 07:30:46.162500,PA_Type_Video_Unavailable/Indecipherable
2021-11-02 07:30:52.312500,
2021-11-02 07:30:58.475000,Standing_With_Movement
2021-11-02 07:31:04.625000,Standing_With_Movement
2021-11-02 07:31:10.775000,Standing_With_Movement
2021-11-02 07:31:16.937500,Standing_With_Movement
2021-11-02 07:31:23.087500,Standing_With_Movement
2021-11-02 07:31:29.237500,Standing_With_Movement
2021-11-02 07:31:35.400000,Standing_With_Movement
2021-11-02 07:31:41.550000,Standing_With_Movement
2021-11-02 07:31:47.700000,Standing_With_Movement
2021-11-02 07:31:53.862500,Standing_With_Movement
2021-11-02 07:32:00.012500,Standing_With_Movement
2021-11-02 07:32:06.162500,Standing_With_Movement
2021-11-02 07:32:12.312500,Standing_With_Movement
2021-11-02 07:32:18.475000,Standing_With_Movement
2021-11-02 07:32:24.625000,Standing_With_Movement
2021-11-02 07:32:30.775000,Standing_With_Movement
2021-11-02 07:32:36.937500,Standing_With_Movement
2021-11-02 07:32:43.087500,Standing_With_Movement
2021-11-02 07:32:49.237500,Standing_With_Movement
2021-11-02 07:32:55.400000,Standing_With_Movement
2021-11-02 07:33:01.550000,Standing_With_Movement
2021-11-02 07:33:07.700000,Standing_With_Movement
2021-11-02 07:33:13.862500,Standing_With_Movement
2021-11-02 07:33:20.012500,Standing_With_Movement
2021-11-02 07:33:26.162500,Sitting_With_Movement
2021-11-02 07:33:32.312500,Sitting_With_Movement
2021-11-02 07:33:38.475000,Sitting_With_Movement
2021-11-02 07:33:44.625000,Sitting_With_Movement
2021-11-02 07:33:50.775000,Sitting_With_Movement
2021-11-02 07:33:56.937500,Sitting_With_Movement
2021-11-02 07:34:03.087500,Sitting_With_Movement
2021-11-02 07:34:09.237500,Sitting_With_Movement
2021-11-02 07:34:15.400000,Sitting_With_Movement
2021-11-02 07:34:21.550000,Sitting_With_Movement
2021-11-02 07:34:27.700000,Sitting_With_Movement
2021-11-02 07:34:33.862500,Sitting_With_Movement
2021-11-02 07:34:40.012500,Sitting_With_Movement
2021-11-02 07:34:46.162500,Sitting_With_Movement
2021-11-02 07:34:52.312500,Sitting_With_Movement
2021-11-02 07:34:58.475000,Walking
2021-11-02 07:35:04.625000,Walking
2021-11-02 07:35:10.775000,Walking
2021-11-02 07:35:16.937500,Walking
2021-11-02 07:35:23.087500,Walking
2021-11-02 07:35:29.237500,Walking
2021-11-02 07:35:35.400000,Walking
2021-11-02 07:35:41.550000,Sitting_With_Movement
2021-11-02 07:35:47.700000,Sitting_With_Movement
2021-11-02 07:35:53.862500,Sitting_With_Movement
2021-11-02 07:36:00.012500,Sitting_With_Movement
2021-11-02 07:36:06.162500,Sitting_With_Movement
2021-11-02 07:36:12.312500,Sitting_With_Movement
2021-11-02 07:36:18.475000,Sitting_With_Movement
2021-11-02 07:36:24.625000,Sitting_With_Movement
2021-11-02 07:36:30.775000,Sitting_With_Movement
2021-11-02 07:36:36.937500,Puttering_Around
2021-11-02 07:36:43.087500,Standing_With_Movement
2021-11-02 07:36:49.237500,Standing_With_Movement
2021-11-02 07:36:55.400000,Puttering_Around
2021-11-02 07:37:01.550000,Standing_With_Movement
2021-11-02 07:37:07.700000,Standing_With_Movement
2021-11-02 07:37:13.862500,Standing_With_Movement
2021-11-02 07:37:20.012500,Standing_With_Movement
2021-11-02 07:37:26.162500,Standing_With_Movement
2021-11-02 07:37:32.312500,Standing_With_Movement
2021-11-02 07:37:38.475000,Standing_With_Movement
2021-11-02 07:37:44.625000,Walking
2021-11-02 07:37:50.775000,Walking
2021-11-02 07:37:56.937500,Standing_With_Movement
2021-11-02 07:38:03.087500,Standing_With_Movement
2021-11-02 07:38:09.237500,PA_Type_Other
2021-11-02 07:38:15.400000,PA_Type_Other
2021-11-02 07:38:21.550000,PA_Type_Other
2021-11-02 07:38:27.700000,PA_Type_Other
2021-11-02 07:38:33.862500,Puttering_Around
2021-11-02 07:38:40.012500,Puttering_Around
2021-11-02 07:38:46.162500,Puttering_Around
2021-11-02 07:38:52.312500,Puttering_Around
2021-11-02 07:38:58.475000,Puttering_Around
2021-11-02 07:39:04.625000,Puttering_Around
2021-11-02 07:39:10.775000,Puttering_Around
2021-11-02 07:39:16.937500,Standing_With_Movement
2021-11-02 07:39:23.087500,Standing_With_Movement
2021-11-02 07:39:29.237500,Standing_With_Movement
2021-11-02 07:39:35.400000,Standing_With_Movement
2021-11-02 07:39:41.550000,Standing_With_Movement
2021-11-02 07:39:47.700000,Standing_With_Movement
2021-11-02 07:39:53.862500,Standing_With_Movement
2021-11-02 07:40:00.012500,Standing_With_Movement
2021-11-02 07:40:06.162500,Standing_With_Movement
2021-11-02 07:40:12.312500,Standing_With_Movement
2021-11-02 07:40:18.475000,Standing_With_Movement
2021-11-02 07:40:24.625000,
2021-11-02 07:40:30.775000,Puttering_Around
2021-11-02 07:40:36.937500,Standing_With_Movement
2021-11-02 07:40:43.087500,Standing_With_Movement
2021-11-02 07:40:49.237500,Standing_With_Movement
2021-11-02 07:40:55.400000,Standing_With_Movement
2021-11-02 07:41:01.550000,Standing_With_Movement
2021-11-02 07:41:07.700000,Walking
2021-11-02 07:41:13.862500,Walking
2021-11-02 07:41:20.012500,Walking
2021-11-02 07:41:26.162500,Walking
2021-11-02 07:41:32.312500,Walking
2021-11-02 07:41:38.475000,Walking
2021-11-02 07:41:44.625000,Walking
2021-11-02 07:41:50.775000,Walking
2021-11-02 07:41:56.937500,Walking
2021-11-02 07:42:03.087500,Walking
2021-11-02 07:42:09.237500,Walking
2021-11-02 07:42:15.400000,Walking
2021-11-02 07:42:21.550000,Walking
2021-11-02 07:42:27.700000,Walking
2021-11-02 07:42:33.862500,Walking
2021-11-02 07:42:40.012500,Walking
2021-11-02 07:42:46.162500,Walking
2021-11-02 07:42:52.312500,Walking
2021-11-02 07:42:58.475000,Walking
2021-11-02 07:43:04.625000,Walking
2021-11-02 07:43:10.775000,Walking
2021-11-02 07:43:16.937500,Walking
2021-11-02 07:43:23.087500,Walking
2021-11-02 07:43:29.237500,Walking
2021-11-02 07:43:35.400000,Walking
2021-11-02 07:43:41.550000,Walking
2021-11-02 07:43:47.700000,Walking
2021-11-02 07:43:53.862500,Walking
2021-11-02 07:44:00.012500,Walking
2021-11-02 07:44:06.162500,Walking
2021-11-02 07:44:12.312500,Walking
2021-11-02 07:44:18.475000,Walking
2021-11-02 07:44:24.625000,Walking
2021-11-02 07:44:30.775000,Walking
2021-11-02 07:44:36.937500,Walking
2021-11-02 07:44:43.087500,Walking
2021-11-02 07:44:49.237500,Walking
2021-11-02 07:44:55.400000,Walking
2021-11-02 07:45:01.550000,Walking
2021-11-02 07:45:07.700000,Walking
2021-11-02 07:45:13.862500,Walking
2021-11-02 07:45:20.012500,Walking
2021-11-02 07:45:26.162500,Walking
2021-11-02 07:45:32.312500,Standing_With_Movement
2021-11-02 07:45:38.475000,Standing_With_Movement
2021-11-02 07:45:44.625000,Standing_With_Movement
2021-11-02 07:45:50.775000,PA_Type_Other
2021-11-02 07:45:56.937500,Walking
2021-11-02 07:46:03.087500,Walking
2021-11-02 07:46:09.237500,Walking
2021-11-02 07:46:15.400000,Walking
2021-11-02 07:46:21.550000,Walking
2021-11-02 07:46:27.700000,Walking
2021-11-02 07:46:33.862500,Walking
2021-11-02 07:46:40.012500,Walking
2021-11-02 07:46:46.162500,Walking
2021-11-02 07:46:52.312500,Walking
2021-11-02 07:46:58.475000,Walking
2021-11-02 07:47:04.625000,Walking
2021-11-02 07:47:10.775000,Walking
2021-11-02 07:47:16.937500,Walking
2021-11-02 07:47:23.087500,Walking
2021-11-02 07:47:29.237500,Walking
2021-11-02 07:47:35.400000,Walking
2021-11-02 07:47:41.550000,Walking
2021-11-02 07:47:47.700000,Walking
2021-11-02 07:47:53.862500,Walking
2021-11-02 07:48:00.012500,Walking
2021-11-02 07:48:06.162500,Walking
2021-11-02 07:48:12.312500,Walking
2021-11-02 07:48:18.475000,Walking_Up_Stairs
2021-11-02 07:48:24.625000,Walking
2021-11-02 07:48:30.775000,Walking_Up_Stairs
2021-11-02 07:48:36.937500,Walking
2021-11-02 07:48:43.087500,Walking
2021-11-02 07:48:49.237500,Walking
2021-11-02 07:48:55.400000,Walking
2021-11-02 07:49:01.550000,Walking
2021-11-02 07:49:07.700000,Walking
2021-11-02 07:49:13.862500,Walking
2021-11-02 07:49:20.012500,Walking_Down_Stairs
2021-11-02 07:49:26.162500,Walking
2021-11-02 07:49:32.312500,Walking
2021-11-02 07:49:38.475000,Walking_Up_Stairs
2021-11-02 07:49:44.625000,Walking_Up_Stairs
2021-11-02 07:49:50.775000,Puttering_Around
2021-11-02 07:49:56.937500,Standing_With_Movement
2021-11-02 07:50:03.087500,Standing_With_Movement
2021-11-02 07:50:09.237500,Standing_With_Movement
2021-11-02 07:50:15.400000,Standing_With_Movement
2021-11-02 07:50:21.550000,Standing_With_Movement
2021-11-02 07:50:27.700000,Standing_With_Movement
2021-11-02 07:50:33.862500,Puttering_Around
2021-11-02 07:50:40.012500,Puttering_Around
2021-11-02 07:50:46.162500,Puttering_Around
2021-11-02 07:50:52.312500,Puttering_Around
2021-11-02 07:50:58.475000,Puttering_Around
2021-11-02 07:51:04.625000,Puttering_Around
2021-11-02 07:51:10.775000,Puttering_Around
2021-11-02 07:51:16.937500,Walking
2021-11-02 07:51:23.087500,Walking
2021-11-02 07:51:29.237500,Walking
2021-11-02 07:51:35.400000,Walking
2021-11-02 07:51:41.550000,Puttering_Around
2021-11-02 07:51:47.700000,Puttering_Around
2021-11-02 07:51:53.862500,Puttering_Around
2021-11-02 07:52:00.012500,Puttering_Around
2021-11-02 07:52:06.162500,Standing_With_Movement
2021-11-02 07:52:12.312500,Standing_With_Movement
2021-11-02 07:52:18.475000,Standing_With_Movement
2021-11-02 07:52:24.625000,Standing_With_Movement
2021-11-02 07:52:30.775000,Standing_With_Movement
2021-11-02 07:52:36.937500,Standing_With_Movement
2021-11-02 07:52:43.087500,Standing_With_Movement
2021-11-02 07:52:49.237500,Standing_With_Movement
2021-11-02 07:52:55.400000,Standing_With_Movement
2021-11-02 07:53:01.550000,
2021-11-02 07:53:07.700000,Puttering_Around
2021-11-02 07:53:13.862500,Puttering_Around
2021-11-02 07:53:20.012500,Puttering_Around
2021-11-02 07:53:26.162500,Puttering_Around
2021-11-02 07:53:32.312500,Puttering_Around
2021-11-02 07:53:38.475000,Puttering_Around
2021-11-02 07:53:44.625000,Puttering_Around
2021-11-02 07:53:50.775000,Standing_With_Movement
2021-11-02 07:53:56.937500,Standing_With_Movement
2021-11-02 07:54:03.087500,Walking
2021-11-02 07:54:09.237500,Walking
2021-11-02 07:54:15.400000,Walking
2021-11-02 07:54:21.550000,Standing_With_Movement
2021-11-02 07:54:27.700000,Standing_With_Movement
2021-11-02 07:54:33.862500,Standing_With_Movement
2021-11-02 07:54:40.012500,Standing_With_Movement
2021-11-02 07:54:46.162500,Standing_With_Movement
2021-11-02 07:54:52.312500,Standing_With_Movement
2021-11-02 07:54:58.475000,Standing_With_Movement
2021-11-02 07:55:04.625000,Standing_With_Movement
2021-11-02 07:55:10.775000,Standing_With_Movement
2021-11-02 07:55:16.937500,Standing_With_Movement
2021-11-02 07:55:23.087500,Puttering_Around
2021-11-02 07:55:29.237500,Puttering_Around
2021-11-02 07:55:35.400000,Puttering_Around
2021-11-02 07:55:41.550000,Puttering_Around
2021-11-02 07:55:47.700000,Puttering_Around
2021-11-02 07:55:53.862500,Puttering_Around
2021-11-02 07:56:00.012500,Puttering_Around
2021-11-02 07:56:06.162500,Puttering_Around
2021-11-02 07:56:12.312500,Walking
2021-11-02 07:56:18.475000,Walking
2021-11-02 07:56:24.625000,Puttering_Around
2021-11-02 07:56:30.775000,Puttering_Around
2021-11-02 07:56:36.937500,Puttering_Around
2021-11-02 07:56:43.087500,Puttering_Around
2021-11-02 07:56:49.237500,Sitting_With_Movement
2021-11-02 07:56:55.400000,Sitting_With_Movement
2021-11-02 07:57:01.550000,Sitting_With_Movement
2021-11-02 07:57:07.700000,Sitting_With_Movement
2021-11-02 07:57:13.862500,Sitting_With_Movement
2021-11-02 07:57:20.012500,Sitting_With_Movement
2021-11-02 07:57:26.162500,Sitting_With_Movement
2021-11-02 07:57:32.312500,Sitting_With_Movement
2021-11-02 07:57:38.475000,Sitting_With_Movement
2021-11-02 07:57:44.625000,Sitting_With_Movement
2021-11-02 07:57:50.775000,Sitting_With_Movement
2021-11-02 07:57:56.937500,Sitting_With_Movement
2021-11-02 07:58:03.087500,Sitting_With_Movement
2021-11-02 07:58:09.237500,Sitting_With_Movement
2021-11-02 07:58:15.400000,Sitting_With_Movement
2021-11-02 07:58:21.550000,Sitting_With_Movement
2021-11-02 07:58:27.700000,Sitting_With_Movement
2021-11-02 07:58:33.862500,Sitting_With_Movement
2021-11-02 07:58:40.012500,Sitting_With_Movement
2021-11-02 07:58:46.162500,Sitting_With_Movement
2021-11-02 07:58:52.312500,Sitting_With_Movement
2021-11-02 07:58:58.475000,Sitting_With_Movement
2021-11-02 07:59:04.625000,Sitting_With_Movement
2021-11-02 07:59:10.775000,Sitting_With_Movement
2021-11-02 07:59:16.937500,Sitting_With_Movement
2021-11-02 07:59:23.087500,Sitting_With_Movement
2021-11-02 07:59:29.237500,Sitting_With_Movement
2021-11-02 07:59:35.400000,Sitting_With_Movement
2021-11-02 07:59:41.550000,Sitting_With_Movement
2021-11-02 07:59:47.700000,Sitting_With_Movement
2021-11-02 07:59:53.862500,Sitting_With_Movement
2021-11-02 08:00:00.012500,Sitting_With_Movement
2021-11-02 08:00:06.162500,Sitting_With_Movement
2021-11-02 08:00:12.325000,Sitting_With_Movement
2021-11-02 08:00:18.475000,Sitting_With_Movement
2021-11-02 08:00:24.625000,Sitting_With_Movement
2021-11-02 08:00:30.775000,Sitting_With_Movement
2021-11-02 08:00:36.937500,Sitting_With_Movement
2021-11-02 08:00:43.087500,Sitting_With_Movement
2021-11-02 08:00:49.237500,Sitting_With_Movement
2021-11-02 08:00:55.400000,Sitting_With_Movement
2021-11-02 08:01:01.550000,Sitting_With_Movement
2021-11-02 08:01:07.700000,Sitting_With_Movement
2021-11-02 08:01:13.862500,Sitting_With_Movement
2021-11-02 08:01:20.012500,Sitting_With_Movement
2021-11-02 08:01:26.162500,Sitting_With_Movement
2021-11-02 08:01:32.325000,Sitting_With_Movement
2021-11-02 08:01:38.475000,Sitting_With_Movement
2021-11-02 08:01:44.625000,Sitting_With_Movement
2021-11-02 08:01:50.775000,Sitting_With_Movement
2021-11-02 08:01:56.937500,Sitting_With_Movement
2021-11-02 08:02:03.087500,Sitting_With_Movement
2021-11-02 08:02:09.237500,Sitting_With_Movement
2021-11-02 08:02:15.400000,Sitting_With_Movement
2021-11-02 08:02:21.550000,Sitting_With_Movement
2021-11-02 08:02:27.700000,Sitting_With_Movement
2021-11-02 08:02:33.862500,Sitting_With_Movement
2021-11-02 08:02:40.012500,Sitting_With_Movement
2021-11-02 08:02:46.162500,Sitting_With_Movement
2021-11-02 08:02:52.325000,Sitting_With_Movement
2021-11-02 08:02:58.475000,Sitting_With_Movement
2021-11-02 08:03:04.625000,Sitting_With_Movement
2021-11-02 08:03:10.775000,Sitting_With_Movement
2021-11-02 08:03:16.937500,Sitting_With_Movement
2021-11-02 08:03:23.087500,Sitting_With_Movement
2021-11-02 08:03:29.237500,Sitting_With_Movement
2021-11-02 08:03:35.400000,Sitting_With_Movement
2021-11-02 08:03:41.550000,Sitting_With_Movement
2021-11-02 08:03:47.700000,Sitting_With_Movement
2021-11-02 08:03:53.862500,Sitting_With_Movement
2021-11-02 08:04:00.012500,Sitting_With_Movement
2021-11-02 08:04:06.162500,Sitting_With_Movement
2021-11-02 08:04:12.325000,Sitting_With_Movement
2021-11-02 08:04:18.475000,Sitting_With_Movement
2021-11-02 08:04:24.625000,Sitting_With_Movement
2021-11-02 08:04:30.775000,Sitting_With_Movement
2021-11-02 08:04:36.937500,Sitting_With_Movement
2021-11-02 08:04:43.087500,Sitting_With_Movement
2021-11-02 08:04:49.237500,Sitting_With_Movement
2021-11-02 08:04:55.400000,Sitting_With_Movement
2021-11-02 08:05:01.550000,Sitting_With_Movement
2021-11-02 08:05:07.700000,Sitting_With_Movement
2021-11-02 08:05:13.862500,Sitting_With_Movement
2021-11-02 08:05:20.012500,Sitting_With_Movement
2021-11-02 08:05:26.162500,Sitting_With_Movement
2021-11-02 08:05:32.325000,Sitting_With_Movement
2021-11-02 08:05:38.475000,Sitting_With_Movement
2021-11-02 08:05:44.625000,Sitting_With_Movement
2021-11-02 08:05:50.775000,Sitting_With_Movement
2021-11-02 08:05:56.937500,Sitting_With_Movement
2021-11-02 08:06:03.087500,Sitting_With_Movement
2021-11-02 08:06:09.237500,Sitting_With_Movement
2021-11-02 08:06:15.400000,Sitting_With_Movement
2021-11-02 08:06:21.550000,Sitting_With_Movement
2021-11-02 08:06:27.700000,Sitting_With_Movement
2021-11-02 08:06:33.862500,Sitting_With_Movement
2021-11-02 08:06:40.012500,Sitting_With_Movement
2021-11-02 08:06:46.162500,Sitting_With_Movement
2021-11-02 08:06:52.325000,Sitting_With_Movement
2021-11-02 08:06:58.475000,Sitting_With_Movement
2021-11-02 08:07:04.625000,Sitting_With_Movement
2021-11-02 08:07:10.775000,Sitting_With_Movement
2021-11-02 08:07:16.937500,Sitting_With_Movement
2021-11-02 08:07:23.087500,Sitting_With_Movement
2021-11-02 08:07:29.237500,Sitting_With_Movement
2021-11-02 08:07:35.400000,Sitting_With_Movement
2021-11-02 08:07:41.550000,Sitting_With_Movement
2021-11-02 08:07:47.700000,Sitting_With_Movement
2021-11-02 08:07:53.862500,Sitting_With_Movement
2021-11-02 08:08:00.012500,Sitting_With_Movement
2021-11-02 08:08:06.162500,Sitting_With_Movement
2021-11-02 08:08:12.325000,Sitting_With_Movement
2021-11-02 08:08:18.475000,Sitting_With_Movement
2021-11-02 08:08:24.625000,Sitting_With_Movement
2021-11-02 08:08:30.775000,Sitting_With_Movement
2021-11-02 08:08:36.937500,Sitting_With_Movement
2021-11-02 08:08:43.087500,Sitting_With_Movement
2021-11-02 08:08:49.237500,Sitting_With_Movement
2021-11-02 08:08:55.400000,Sitting_With_Movement
2021-11-02 08:09:01.550000,Sitting_With_Movement
2021-11-02 08:09:07.700000,Sitting_With_Movement
2021-11-02 08:09:13.862500,Sitting_With_Movement
2021-11-02 08:09:20.012500,Sitting_With_Movement
2021-11-02 08:09:26.162500,Sitting_With_Movement
2021-11-02 08:09:32.325000,Sitting_With_Movement
2021-11-02 08:09:38.475000,Sitting_With_Movement
2021-11-02 08:09:44.625000,Sitting_With_Movement
2021-11-02 08:09:50.775000,Sitting_With_Movement
2021-11-02 08:09:56.937500,Sitting_With_Movement
2021-11-02 08:10:03.087500,Sitting_With_Movement
2021-11-02 08:10:09.237500,Sitting_With_Movement
2021-11-02 08:10:15.400000,Sitting_With_Movement
2021-11-02 08:10:21.550000,Sitting_With_Movement
2021-11-02 08:10:27.700000,Sitting_With_Movement
2021-11-02 08:10:33.862500,Sitting_With_Movement
2021-11-02 08:10:40.012500,Sitting_With_Movement
2021-11-02 08:10:46.162500,Sitting_With_Movement
2021-11-02 08:10:52.325000,Sitting_With_Movement
2021-11-02 08:10:58.475000,Sitting_With_Movement
2021-11-02 08:11:04.625000,Sitting_With_Movement
2021-11-02 08:11:10.775000,Sitting_With_Movement
2021-11-02 08:11:16.937500,Sitting_With_Movement
2021-11-02 08:11:23.087500,Sitting_With_Movement
2021-11-02 08:11:29.237500,Sitting_With_Movement
2021-11-02 08:11:35.400000,Sitting_With_Movement
2021-11-02 08:11:41.550000,Sitting_With_Movement
2021-11-02 08:11:47.700000,Sitting_With_Movement
2021-11-02 08:11:53.862500,Sitting_With_Movement
2021-11-02 08:12:00.012500,Sitting_With_Movement
2021-11-02 08:12:06.162500,Sitting_With_Movement
2021-11-02 08:12:12.325000,Sitting_With_Movement
2021-11-02 08:12:18.475000,Sitting_With_Movement
2021-11-02 08:12:24.625000,Sitting_With_Movement
2021-11-02 08:12:30.775000,Sitting_With_Movement
2021-11-02 08:12:36.937500,Sitting_With_Movement
2021-11-02 08:12:43.087500,Sitting_With_Movement
2021-11-02 08:12:49.237500,Sitting_With_Movement
2021-11-02 08:12:55.400000,Sitting_With_Movement
2021-11-02 08:13:01.550000,Sitting_With_Movement
2021-11-02 08:13:07.700000,Sitting_With_Movement
2021-11-02 08:13:13.862500,Sitting_With_Movement
2021-11-02 08:13:20.012500,Sitting_With_Movement
2021-11-02 08:13:26.162500,Sitting_With_Movement
2021-11-02 08:13:32.325000,Sitting_With_Movement
2021-11-02 08:13:38.475000,Sitting_With_Movement
2021-11-02 08:13:44.625000,Sitting_With_Movement
2021-11-02 08:13:50.775000,Sitting_With_Movement
2021-11-02 08:13:56.937500,Sitting_With_Movement
2021-11-02 08:14:03.087500,Sitting_With_Movement
2021-11-02 08:14:09.237500,Sitting_With_Movement
2021-11-02 08:14:15.400000,Sitting_With_Movement
2021-11-02 08:14:21.550000,Sitting_With_Movement
2021-11-02 08:14:27.700000,Sitting_With_Movement
2021-11-02 08:14:33.862500,Sitting_With_Movement
2021-11-02 08:14:40.012500,Sitting_With_Movement
2021-11-02 08:14:46.162500,Sitting_With_Movement
2021-11-02 08:14:52.325000,Sitting_With_Movement
2021-11-02 08:14:58.475000,Sitting_With_Movement
2021-11-02 08:15:04.625000,Sitting_With_Movement
2021-11-02 08:15:10.775000,Sitting_With_Movement
2021-11-02 08:15:16.937500,Sitting_With_Movement
2021-11-02 08:15:23.087500,Sitting_With_Movement
2021-11-02 08:15:29.237500,Sitting_With_Movement
2021-11-02 08:15:35.400000,Sitting_With_Movement
2021-11-02 08:15:41.550000,Sitting_With_Movement
2021-11-02 08:15:47.700000,Sitting_With_Movement
2021-11-02 08:15:53.862500,Sitting_With_Movement
2021-11-02 08:16:00.012500,Sitting_With_Movement
2021-11-02 08:16:06.162500,Sitting_With_Movement
2021-11-02 08:16:12.325000,Sitting_With_Movement
2021-11-02 08:16:18.475000,Sitting_With_Movement
2021-11-02 08:16:24.625000,Sitting_With_Movement
2021-11-02 08:16:30.775000,Sitting_With_Movement
2021-11-02 08:16:36.937500,Sitting_With_Movement
2021-11-02 08:16:43.087500,Sitting_With_Movement
2021-11-02 08:16:49.237500,Sitting_With_Movement
2021-11-02 08:16:55.400000,Sitting_With_Movement
2021-11-02 08:17:01.550000,Sitting_With_Movement
2021-11-02 08:17:07.700000,Sitting_With_Movement
2021-11-02 08:17:13.862500,Sitting_With_Movement
2021-11-02 08:17:20.012500,Sitting_With_Movement
2021-11-02 08:17:26.162500,Sitting_With_Movement
2021-11-02 08:17:32.325000,Sitting_With_Movement
2021-11-02 08:17:38.475000,Sitting_With_Movement
2021-11-02 08:17:44.625000,Sitting_With_Movement
2021-11-02 08:17:50.775000,Sitting_With_Movement
2021-11-02 08:17:56.937500,Sitting_With_Movement
2021-11-02 08:18:03.087500,Sitting_With_Movement
2021-11-02 08:18:09.237500,Sitting_With_Movement
2021-11-02 08:18:15.400000,Sitting_With_Movement
2021-11-02 08:18:21.550000,Sitting_With_Movement
2021-11-02 08:18:27.700000,Sitting_With_Movement
2021-11-02 08:18:33.862500,Sitting_With_Movement
2021-11-02 08:18:40.012500,Sitting_With_Movement
2021-11-02 08:18:46.162500,Sitting_With_Movement
2021-11-02 08:18:52.325000,Sitting_With_Movement
2021-11-02 08:18:58.475000,Sitting_With_Movement
2021-11-02 08:19:04.625000,Sitting_With_Movement
2021-11-02 08:19:10.775000,Sitting_With_Movement
2021-11-02 08:19:16.937500,Sitting_With_Movement
2021-11-02 08:19:23.087500,Sitting_With_Movement
2021-11-02 08:19:29.237500,Sitting_With_Movement
2021-11-02 08:19:35.400000,Sitting_With_Movement
2021-11-02 08:19:41.550000,Sitting_With_Movement
2021-11-02 08:19:47.700000,Sitting_With_Movement
2021-11-02 08:19:53.862500,Sitting_With_Movement
2021-11-02 08:20:00.012500,Sitting_With_Movement
2021-11-02 08:20:06.162500,Sitting_With_Movement
2021-11-02 08:20:12.325000,Sitting_With_Movement
2021-11-02 08:20:18.475000,Sitting_With_Movement
2021-11-02 08:20:24.625000,Sitting_With_Movement
2021-11-02 08:20:30.775000,Sitting_With_Movement
2021-11-02 08:20:36.937500,Sitting_With_Movement
2021-11-02 08:20:43.087500,Sitting_With_Movement
2021-11-02 08:20:49.237500,Sitting_With_Movement
2021-11-02 08:20:55.400000,Sitting_With_Movement
2021-11-02 08:21:01.550000,Sitting_With_Movement
2021-11-02 08:21:07.700000,Sitting_With_Movement
2021-11-02 08:21:13.862500,Sitting_With_Movement
2021-11-02 08:21:20.012500,Sitting_With_Movement
2021-11-02 08:21:26.162500,Sitting_With_Movement
2021-11-02 08:21:32.325000,Sitting_With_Movement
2021-11-02 08:21:38.475000,Sitting_With_Movement
2021-11-02 08:21:44.625000,Sitting_With_Movement
2021-11-02 08:21:50.775000,Sitting_With_Movement
2021-11-02 08:21:56.937500,Sitting_With_Movement
2021-11-02 08:22:03.087500,Sitting_With_Movement
2021-11-02 08:22:09.237500,Sitting_With_Movement
2021-11-02 08:22:15.400000,Sitting_With_Movement
2021-11-02 08:22:21.550000,Sitting_With_Movement
2021-11-02 08:22:27.700000,Sitting_With_Movement
2021-11-02 08:22:33.862500,Sitting_With_Movement
2021-11-02 08:22:40.012500,Sitting_With_Movement
2021-11-02 08:22:46.162500,Sitting_With_Movement
2021-11-02 08:22:52.325000,Sitting_With_Movement
2021-11-02 08:22:58.475000,Sitting_With_Movement
2021-11-02 08:23:04.625000,Sitting_With_Movement
2021-11-02 08:23:10.775000,Sitting_With_Movement
2021-11-02 08:23:16.937500,Sitting_With_Movement
2021-11-02 08:23:23.087500,Sitting_With_Movement
2021-11-02 08:23:29.237500,Sitting_With_Movement
2021-11-02 08:23:35.400000,Sitting_With_Movement
2021-11-02 08:23:41.550000,Sitting_With_Movement
2021-11-02 08:23:47.700000,Sitting_With_Movement
2021-11-02 08:23:53.862500,Sitting_With_Movement
2021-11-02 08:24:00.012500,Sitting_With_Movement
2021-11-02 08:24:06.162500,Sitting_With_Movement
2021-11-02 08:24:12.325000,Sitting_With_Movement
2021-11-02 08:24:18.475000,Sitting_With_Movement
2021-11-02 08:24:24.625000,Sitting_With_Movement
2021-11-02 08:24:30.775000,Sitting_With_Movement
2021-11-02 08:24:36.937500,Sitting_With_Movement
2021-11-02 08:24:43.087500,Sitting_With_Movement
2021-11-02 08:24:49.237500,Sitting_With_Movement
2021-11-02 08:24:55.400000,Sitting_With_Movement
2021-11-02 08:25:01.550000,Sitting_With_Movement
2021-11-02 08:25:07.700000,Sitting_With_Movement
2021-11-02 08:25:13.862500,Sitting_With_Movement
2021-11-02 08:25:20.012500,Sitting_With_Movement
2021-11-02 08:25:26.162500,Sitting_With_Movement
2021-11-02 08:25:32.325000,Sitting_With_Movement
2021-11-02 08:25:38.475000,Sitting_With_Movement
2021-11-02 08:25:44.625000,Sitting_With_Movement
2021-11-02 08:25:50.775000,Sitting_With_Movement
2021-11-02 08:25:56.937500,Sitting_With_Movement
2021-11-02 08:26:03.087500,Sitting_With_Movement
2021-11-02 08:26:09.237500,Sitting_With_Movement
2021-11-02 08:26:15.400000,Sitting_With_Movement
2021-11-02 08:26:21.550000,Sitting_With_Movement
2021-11-02 08:26:27.700000,Sitting_With_Movement
2021-11-02 08:26:33.862500,Sitting_With_Movement
2021-11-02 08:26:40.012500,Sitting_With_Movement
2021-11-02 08:26:46.162500,Sitting_With_Movement
2021-11-02 08:26:52.325000,Sitting_With_Movement
2021-11-02 08:26:58.475000,Sitting_With_Movement
2021-11-02 08:27:04.625000,Sitting_With_Movement
2021-11-02 08:27:10.775000,Sitting_With_Movement
2021-11-02 08:27:16.937500,Sitting_With_Movement
2021-11-02 08:27:23.087500,Sitting_With_Movement
2021-11-02 08:27:29.237500,Sitting_With_Movement
2021-11-02 08:27:35.400000,Sitting_With_Movement
2021-11-02 08:27:41.550000,Sitting_With_Movement
2021-11-02 08:27:47.700000,Sitting_With_Movement
2021-11-02 08:27:53.862500,Sitting_With_Movement
2021-11-02 08:28:00.012500,Sitting_With_Movement
2021-11-02 08:28:06.162500,Sitting_With_Movement
2021-11-02 08:28:12.325000,Sitting_With_Movement
2021-11-02 08:28:18.475000,Sitting_With_Movement
2021-11-02 08:28:24.625000,Sitting_With_Movement
2021-11-02 08:28:30.775000,Sitting_With_Movement
2021-11-02 08:28:36.937500,Sitting_With_Movement
2021-11-02 08:28:43.087500,Sitting_With_Movement
2021-11-02 08:28:49.237500,Sitting_With_Movement
2021-11-02 08:28:55.400000,Sitting_With_Movement
2021-11-02 08:29:01.550000,Sitting_With_Movement
2021-11-02 08:29:07.700000,Sitting_With_Movement
2021-11-02 08:29:13.862500,Sitting_With_Movement
2021-11-02 08:29:20.012500,Sitting_With_Movement
2021-11-02 08:29:26.162500,Sitting_With_Movement
2021-11-02 08:29:32.325000,Sitting_With_Movement
2021-11-02 08:29:38.475000,Sitting_With_Movement
2021-11-02 08:29:44.625000,Sitting_With_Movement
2021-11-02 08:29:50.775000,Sitting_With_Movement
2021-11-02 08:29:56.937500,Sitting_With_Movement
2021-11-02 08:30:03.087500,Sitting_With_Movement
2021-11-02 08:30:09.237500,Sitting_With_Movement
2021-11-02 08:30:15.400000,Sitting_With_Movement
2021-11-02 08:30:21.550000,Sitting_With_Movement
2021-11-02 08:30:27.700000,Sitting_With_Movement
2021-11-02 08:30:33.862500,Sitting_With_Movement
2021-11-02 08:30:40.012500,Sitting_With_Movement
2021-11-02 08:30:46.162500,Sitting_With_Movement
2021-11-02 08:30:52.325000,Sitting_With_Movement
2021-11-02 08:30:58.475000,Sitting_With_Movement
2021-11-02 08:31:04.625000,Sitting_With_Movement
2021-11-02 08:31:10.775000,Sitting_With_Movement
2021-11-02 08:31:16.937500,Sitting_With_Movement
2021-11-02 08:31:23.087500,Sitting_With_Movement
2021-11-02 08:31:29.237500,Sitting_With_Movement
2021-11-02 08:31:35.400000,Sitting_With_Movement
2021-11-02 08:31:41.550000,Sitting_With_Movement
2021-11-02 08:31:47.700000,Sitting_With_Movement
2021-11-02 08:31:53.862500,Sitting_With_Movement
2021-11-02 08:32:00.012500,Sitting_With_Movement
2021-11-02 08:32:06.162500,Sitting_With_Movement
2021-11-02 08:32:12.325000,Sitting_With_Movement
2021-11-02 08:32:18.475000,Sitting_With_Movement
2021-11-02 08:32:24.625000,Sitting_With_Movement
2021-11-02 08:32:30.775000,Sitting_With_Movement
2021-11-02 08:32:36.937500,Sitting_With_Movement
2021-11-02 08:32:43.087500,Sitting_With_Movement
2021-11-02 08:32:49.237500,Sitting_With_Movement
2021-11-02 08:32:55.400000,Sitting_With_Movement
2021-11-02 08:33:01.550000,Sitting_With_Movement
2021-11-02 08:33:07.700000,Sitting_With_Movement
2021-11-02 08:33:13.862500,Sitting_With_Movement
2021-11-02 08:33:20.012500,Sitting_With_Movement
2021-11-02 08:33:26.162500,Sitting_With_Movement
2021-11-02 08:33:32.325000,Sitting_With_Movement
2021-11-02 08:33:38.475000,Sitting_With_Movement
2021-11-02 08:33:44.625000,Sitting_With_Movement
2021-11-02 08:33:50.775000,Sitting_With_Movement
2021-11-02 08:33:56.937500,Sitting_With_Movement
2021-11-02 08:34:03.087500,Sitting_With_Movement
2021-11-02 08:34:09.237500,Sitting_With_Movement
2021-11-02 08:34:15.400000,Sitting_With_Movement
2021-11-02 08:34:21.550000,Sitting_With_Movement
2021-11-02 08:34:27.700000,Sitting_With_Movement
2021-11-02 08:34:33.862500,Sitting_With_Movement
2021-11-02 08:34:40.012500,Sitting_With_Movement
2021-11-02 08:34:46.162500,Sitting_With_Movement
2021-11-02 08:34:52.325000,Sitting_With_Movement
2021-11-02 08:34:58.475000,Sitting_With_Movement
2021-11-02 08:35:04.625000,Sitting_With_Movement
2021-11-02 08:35:10.775000,Sitting_With_Movement
2021-11-02 08:35:16.937500,Sitting_With_Movement
2021-11-02 08:35:23.087500,Sitting_With_Movement
2021-11-02 08:35:29.237500,Sitting_With_Movement
2021-11-02 08:35:35.400000,Sitting_With_Movement
2021-11-02 08:35:41.550000,Sitting_With_Movement
2021-11-02 08:35:47.700000,Sitting_With_Movement
2021-11-02 08:35:53.862500,Sitting_With_Movement
2021-11-02 08:36:00.012500,Sitting_With_Movement
2021-11-02 08:36:06.162500,Sitting_With_Movement
2021-11-02 08:36:12.325000,Sitting_With_Movement
2021-11-02 08:36:18.475000,Sitting_With_Movement
2021-11-02 08:36:24.625000,Sitting_With_Movement
2021-11-02 08:36:30.775000,Sitting_With_Movement
2021-11-02 08:36:36.937500,Sitting_With_Movement
2021-11-02 08:36:43.087500,Sitting_With_Movement
2021-11-02 08:36:49.237500,Sitting_With_Movement
2021-11-02 08:36:55.400000,Sitting_With_Movement
2021-11-02 08:37:01.550000,Sitting_With_Movement
2021-11-02 08:37:07.700000,Sitting_With_Movement
2021-11-02 08:37:13.862500,Sitting_With_Movement
2021-11-02 08:37:20.012500,Sitting_With_Movement
2021-11-02 08:37:26.162500,Sitting_With_Movement
2021-11-02 08:37:32.325000,Sitting_With_Movement
2021-11-02 08:37:38.475000,Sitting_With_Movement
2021-11-02 08:37:44.625000,Sitting_With_Movement
2021-11-02 08:37:50.775000,Sitting_With_Movement
2021-11-02 08:37:56.937500,Sitting_With_Movement
2021-11-02 08:38:03.087500,Sitting_With_Movement
2021-11-02 08:38:09.237500,Sitting_With_Movement
2021-11-02 08:38:15.400000,Sitting_With_Movement
2021-11-02 08:38:21.550000,Sitting_With_Movement
2021-11-02 08:38:27.700000,Sitting_With_Movement
2021-11-02 08:38:33.862500,Sitting_With_Movement
2021-11-02 08:38:40.012500,Sitting_With_Movement
2021-11-02 08:38:46.162500,Sitting_With_Movement
2021-11-02 08:38:52.325000,Sitting_With_Movement
2021-11-02 08:38:58.475000,Sitting_With_Movement
2021-11-02 08:39:04.625000,Sitting_With_Movement
2021-11-02 08:39:10.775000,Sitting_With_Movement
2021-11-02 08:39:16.937500,Sitting_With_Movement
2021-11-02 08:39:23.087500,Sitting_With_Movement
2021-11-02 08:39:29.237500,Sitting_With_Movement
2021-11-02 08:39:35.400000,Sitting_With_Movement
2021-11-02 08:39:41.550000,Sitting_With_Movement
2021-11-02 08:39:47.700000,Sitting_With_Movement
2021-11-02 08:39:53.862500,Sitting_With_Movement
2021-11-02 08:40:00.012500,Sitting_With_Movement
2021-11-02 08:40:06.162500,Sitting_With_Movement
2021-11-02 08:40:12.325000,Sitting_With_Movement
2021-11-02 08:40:18.475000,Sitting_With_Movement
2021-11-02 08:40:24.625000,Sitting_With_Movement
2021-11-02 08:40:30.775000,Sitting_With_Movement
2021-11-02 08:40:36.937500,Sitting_With_Movement
2021-11-02 08:40:43.087500,Sitting_With_Movement
2021-11-02 08:40:49.237500,Sitting_With_Movement
2021-11-02 08:40:55.400000,Sitting_With_Movement
2021-11-02 08:41:01.550000,Sitting_With_Movement
2021-11-02 08:41:07.700000,Sitting_With_Movement
2021-11-02 08:41:13.862500,Sitting_With_Movement
2021-11-02 08:41:20.012500,Sitting_With_Movement
2021-11-02 08:41:26.162500,Sitting_With_Movement
2021-11-02 08:41:32.325000,Sitting_With_Movement
2021-11-02 08:41:38.475000,Sitting_With_Movement
2021-11-02 08:41:44.625000,Sitting_With_Movement
2021-11-02 08:41:50.775000,Sitting_With_Movement
2021-11-02 08:41:56.937500,Sitting_With_Movement
2021-11-02 08:42:03.087500,Sitting_With_Movement
2021-11-02 08:42:09.237500,Sitting_With_Movement
2021-11-02 08:42:15.400000,Sitting_With_Movement
2021-11-02 08:42:21.550000,Sitting_With_Movement
2021-11-02 08:42:27.700000,Sitting_With_Movement
2021-11-02 08:42:33.862500,Sitting_With_Movement
2021-11-02 08:42:40.012500,Sitting_With_Movement
2021-11-02 08:42:46.162500,Sitting_With_Movement
2021-11-02 08:42:52.325000,Sitting_With_Movement
2021-11-02 08:42:58.475000,Sitting_With_Movement
2021-11-02 08:43:04.625000,Sitting_With_Movement
2021-11-02 08:43:10.775000,Sitting_With_Movement
2021-11-02 08:43:16.937500,Sitting_With_Movement
2021-11-02 08:43:23.087500,Sitting_With_Movement
2021-11-02 08:43:29.237500,Sitting_With_Movement
2021-11-02 08:43:35.400000,Sitting_With_Movement
2021-11-02 08:43:41.550000,Sitting_With_Movement
2021-11-02 08:43:47.700000,Sitting_With_Movement
2021-11-02 08:43:53.862500,Sitting_With_Movement
2021-11-02 08:44:00.012500,Sitting_With_Movement
2021-11-02 08:44:06.162500,Sitting_With_Movement
2021-11-02 08:44:12.325000,Sitting_With_Movement
2021-11-02 08:44:18.475000,Sitting_With_Movement
2021-11-02 08:44:24.625000,Sitting_With_Movement
2021-11-02 08:44:30.775000,Sitting_With_Movement
2021-11-02 08:44:36.937500,Sitting_With_Movement
2021-11-02 08:44:43.087500,Sitting_With_Movement
2021-11-02 08:44:49.237500,Sitting_With_Movement
2021-11-02 08:44:55.400000,Sitting_With_Movement
2021-11-02 08:45:01.550000,Sitting_With_Movement
2021-11-02 08:45:07.700000,Sitting_With_Movement
2021-11-02 08:45:13.862500,Sitting_With_Movement
2021-11-02 08:45:20.012500,Sitting_With_Movement
2021-11-02 08:45:26.162500,Sitting_With_Movement
2021-11-02 08:45:32.325000,Sitting_With_Movement
2021-11-02 08:45:38.475000,Sitting_With_Movement
2021-11-02 08:45:44.625000,Sitting_With_Movement
2021-11-02 08:45:50.775000,Sitting_With_Movement
2021-11-02 08:45:56.937500,Sitting_With_Movement
2021-11-02 08:46:03.087500,Sitting_With_Movement
2021-11-02 08:46:09.237500,Sitting_With_Movement
2021-11-02 08:46:15.400000,Sitting_With_Movement
2021-11-02 08:46:21.550000,Sitting_With_Movement
2021-11-02 08:46:27.700000,Sitting_With_Movement
2021-11-02 08:46:33.862500,Sitting_With_Movement
2021-11-02 08:46:40.012500,Sitting_With_Movement
2021-11-02 08:46:46.162500,Sitting_With_Movement
2021-11-02 08:46:52.325000,Sitting_With_Movement
2021-11-02 08:46:58.475000,Sitting_With_Movement
2021-11-02 08:47:04.625000,Sitting_With_Movement
2021-11-02 08:47:10.775000,Sitting_With_Movement
2021-11-02 08:47:16.937500,Sitting_With_Movement
2021-11-02 08:47:23.087500,Sitting_With_Movement
2021-11-02 08:47:29.237500,Sitting_With_Movement
2021-11-02 08:47:35.400000,Sitting_With_Movement
2021-11-02 08:47:41.550000,Sitting_With_Movement
2021-11-02 08:47:47.700000,Sitting_With_Movement
2021-11-02 08:47:53.862500,Sitting_With_Movement
2021-11-02 08:48:00.012500,Sitting_With_Movement
2021-11-02 08:48:06.162500,Sitting_With_Movement
2021-11-02 08:48:12.325000,Sitting_With_Movement
2021-11-02 08:48:18.475000,Sitting_With_Movement
2021-11-02 08:48:24.625000,Sitting_With_Movement
2021-11-02 08:48:30.775000,Sitting_With_Movement
2021-11-02 08:48:36.937500,Sitting_With_Movement
2021-11-02 08:48:43.087500,Sitting_With_Movement
2021-11-02 08:48:49.237500,Sitting_With_Movement
2021-11-02 08:48:55.400000,Sitting_With_Movement
2021-11-02 08:49:01.550000,Sitting_With_Movement
2021-11-02 08:49:07.700000,Sitting_With_Movement
2021-11-02 08:49:13.862500,Sitting_With_Movement
2021-11-02 08:49:20.012500,Sitting_With_Movement
2021-11-02 08:49:26.162500,Sitting_With_Movement
2021-11-02 08:49:32.325000,Sitting_With_Movement
2021-11-02 08:49:38.475000,Sitting_With_Movement
2021-11-02 08:49:44.625000,Sitting_With_Movement
2021-11-02 08:49:50.775000,Sitting_With_Movement
2021-11-02 08:49:56.937500,Sitting_With_Movement
2021-11-02 08:50:03.087500,Sitting_With_Movement
2021-11-02 08:50:09.237500,Sitting_With_Movement
2021-11-02 08:50:15.400000,Sitting_With_Movement
2021-11-02 08:50:21.550000,Sitting_With_Movement
2021-11-02 08:50:27.700000,Sitting_With_Movement
2021-11-02 08:50:33.862500,Sitting_With_Movement
2021-11-02 08:50:40.012500,Sitting_With_Movement
2021-11-02 08:50:46.162500,Sitting_With_Movement
2021-11-02 08:50:52.325000,Sitting_With_Movement
2021-11-02 08:50:58.475000,Sitting_With_Movement
2021-11-02 08:51:04.625000,Sitting_With_Movement
2021-11-02 08:51:10.775000,Sitting_With_Movement
2021-11-02 08:51:16.937500,Sitting_With_Movement
2021-11-02 08:51:23.087500,Sitting_With_Movement
2021-11-02 08:51:29.237500,Sitting_With_Movement
2021-11-02 08:51:35.400000,Sitting_With_Movement
2021-11-02 08:51:41.550000,Sitting_With_Movement
2021-11-02 08:51:47.700000,Sitting_With_Movement
2021-11-02 08:51:53.862500,Sitting_With_Movement
2021-11-02 08:52:00.012500,Sitting_With_Movement
2021-11-02 08:52:06.162500,Sitting_With_Movement
2021-11-02 08:52:12.325000,Sitting_With_Movement
2021-11-02 08:52:18.475000,Sitting_With_Movement
2021-11-02 08:52:24.625000,Sitting_With_Movement
2021-11-02 08:52:30.775000,Sitting_With_Movement
2021-11-02 08:52:36.937500,Sitting_With_Movement
2021-11-02 08:52:43.087500,Sitting_With_Movement
2021-11-02 08:52:49.237500,Sitting_With_Movement
2021-11-02 08:52:55.400000,Sitting_With_Movement
2021-11-02 08:53:01.550000,Sitting_With_Movement
2021-11-02 08:53:07.700000,Sitting_With_Movement
2021-11-02 08:53:13.862500,Sitting_With_Movement
2021-11-02 08:53:20.012500,Sitting_With_Movement
2021-11-02 08:53:26.162500,Sitting_With_Movement
2021-11-02 08:53:32.325000,Sitting_With_Movement
2021-11-02 08:53:38.475000,Sitting_With_Movement
2021-11-02 08:53:44.625000,Sitting_With_Movement
2021-11-02 08:53:50.775000,Sitting_With_Movement
2021-11-02 08:53:56.937500,Sitting_With_Movement
2021-11-02 08:54:03.087500,Sitting_With_Movement
2021-11-02 08:54:09.237500,Sitting_With_Movement
2021-11-02 08:54:15.400000,Sitting_With_Movement
2021-11-02 08:54:21.550000,Sitting_With_Movement
2021-11-02 08:54:27.700000,Sitting_With_Movement
2021-11-02 08:54:33.862500,Sitting_With_Movement
2021-11-02 08:54:40.012500,Sitting_With_Movement
2021-11-02 08:54:46.162500,Sitting_With_Movement
2021-11-02 08:54:52.325000,Sitting_With_Movement
2021-11-02 08:54:58.475000,Sitting_With_Movement
2021-11-02 08:55:04.625000,Sitting_With_Movement
2021-11-02 08:55:10.775000,Sitting_With_Movement
2021-11-02 08:55:16.937500,Sitting_With_Movement
2021-11-02 08:55:23.087500,Sitting_With_Movement
2021-11-02 08:55:29.237500,Sitting_With_Movement
2021-11-02 08:55:35.400000,Sitting_With_Movement
2021-11-02 08:55:41.550000,Sitting_With_Movement
2021-11-02 08:55:47.700000,Sitting_With_Movement
2021-11-02 08:55:53.862500,Sitting_With_Movement
2021-11-02 08:56:00.012500,Sitting_With_Movement
2021-11-02 08:56:06.162500,Sitting_With_Movement
2021-11-02 08:56:12.325000,Sitting_With_Movement
2021-11-02 08:56:18.475000,Sitting_With_Movement
2021-11-02 08:56:24.625000,Sitting_With_Movement
2021-11-02 08:56:30.775000,Sitting_With_Movement
2021-11-02 08:56:36.937500,Sitting_With_Movement
2021-11-02 08:56:43.087500,Sitting_With_Movement
2021-11-02 08:56:49.237500,Sitting_With_Movement
2021-11-02 08:56:55.400000,Sitting_With_Movement
2021-11-02 08:57:01.550000,Sitting_With_Movement
2021-11-02 08:57:07.700000,Sitting_With_Movement
2021-11-02 08:57:13.862500,Sitting_With_Movement
2021-11-02 08:57:20.012500,Sitting_With_Movement
2021-11-02 08:57:26.162500,Sitting_With_Movement
2021-11-02 08:57:32.325000,Sitting_With_Movement
2021-11-02 08:57:38.475000,Sitting_With_Movement
2021-11-02 08:57:44.625000,Sitting_With_Movement
2021-11-02 08:57:50.775000,Sitting_With_Movement
2021-11-02 08:57:56.937500,Sitting_With_Movement
2021-11-02 08:58:03.087500,Sitting_With_Movement
2021-11-02 08:58:09.237500,Sitting_With_Movement
2021-11-02 08:58:15.400000,Sitting_With_Movement
2021-11-02 08:58:21.550000,Sitting_With_Movement
2021-11-02 08:58:27.700000,Sitting_With_Movement
2021-11-02 08:58:33.862500,Sitting_With_Movement
2021-11-02 08:58:40.012500,Sitting_With_Movement
2021-11-02 08:58:46.162500,Sitting_With_Movement
2021-11-02 08:58:52.325000,Sitting_With_Movement
2021-11-02 08:58:58.475000,Sitting_With_Movement
2021-11-02 08:59:04.625000,Sitting_With_Movement
2021-11-02 08:59:10.775000,Sitting_With_Movement
2021-11-02 08:59:16.937500,Sitting_With_Movement
2021-11-02 08:59:23.087500,Sitting_With_Movement
2021-11-02 08:59:29.237500,Sitting_With_Movement
2021-11-02 08:59:35.400000,Sitting_With_Movement
2021-11-02 08:59:41.550000,Sitting_With_Movement
2021-11-02 08:59:47.700000,Sitting_With_Movement
2021-11-02 08:59:53.862500,Sitting_With_Movement
2021-11-02 09:00:00.012500,Sitting_With_Movement
2021-11-02 09:00:06.162500,Sitting_With_Movement
2021-11-02 09:00:12.325000,Sitting_With_Movement
2021-11-02 09:00:18.475000,Sitting_With_Movement
2021-11-02 09:00:24.625000,Sitting_With_Movement
2021-11-02 09:00:30.775000,Sitting_With_Movement
2021-11-02 09:00:36.937500,Sitting_With_Movement
2021-11-02 09:00:43.087500,Sitting_With_Movement
2021-11-02 09:00:49.237500,Sitting_With_Movement
2021-11-02 09:00:55.400000,Sitting_With_Movement
2021-11-02 09:01:01.550000,Sitting_With_Movement
2021-11-02 09:01:07.700000,Sitting_With_Movement
2021-11-02 09:01:13.862500,Sitting_With_Movement
2021-11-02 09:01:20.012500,Sitting_With_Movement
2021-11-02 09:01:26.162500,Sitting_With_Movement
2021-11-02 09:01:32.325000,Sitting_With_Movement
2021-11-02 09:01:38.475000,Sitting_With_Movement
2021-11-02 09:01:44.625000,Sitting_With_Movement
2021-11-02 09:01:50.775000,Sitting_With_Movement
2021-11-02 09:01:56.937500,Sitting_With_Movement
2021-11-02 09:02:03.087500,Sitting_With_Movement
2021-11-02 09:02:09.237500,Sitting_With_Movement
2021-11-02 09:02:15.400000,Sitting_With_Movement
2021-11-02 09:02:21.550000,Sitting_With_Movement
2021-11-02 09:02:27.700000,Sitting_With_Movement
2021-11-02 09:02:33.862500,Sitting_With_Movement
2021-11-02 09:02:40.012500,Sitting_With_Movement
2021-11-02 09:02:46.162500,Sitting_With_Movement
2021-11-02 09:02:52.325000,Sitting_With_Movement
2021-11-02 09:02:58.475000,Sitting_With_Movement
2021-11-02 09:03:04.625000,Sitting_With_Movement
2021-11-02 09:03:10.775000,Sitting_With_Movement
2021-11-02 09:03:16.937500,Sitting_With_Movement
2021-11-02 09:03:23.087500,Sitting_With_Movement
2021-11-02 09:03:29.237500,Sitting_With_Movement
2021-11-02 09:03:35.400000,Sitting_With_Movement
2021-11-02 09:03:41.550000,Sitting_With_Movement
2021-11-02 09:03:47.700000,Sitting_With_Movement
2021-11-02 09:03:53.862500,Sitting_With_Movement
2021-11-02 09:04:00.012500,Sitting_With_Movement
2021-11-02 09:04:06.162500,Sitting_With_Movement
2021-11-02 09:04:12.325000,Sitting_With_Movement
2021-11-02 09:04:18.475000,Sitting_With_Movement
2021-11-02 09:04:24.625000,Sitting_With_Movement
2021-11-02 09:04:30.775000,Sitting_With_Movement
2021-11-02 09:04:36.937500,Sitting_With_Movement
2021-11-02 09:04:43.087500,Sitting_With_Movement
2021-11-02 09:04:49.237500,Sitting_With_Movement
2021-11-02 09:04:55.400000,Sitting_With_Movement
2021-11-02 09:05:01.550000,Sitting_With_Movement
2021-11-02 09:05:07.700000,Sitting_With_Movement
2021-11-02 09:05:13.862500,Sitting_With_Movement
2021-11-02 09:05:20.012500,Sitting_With_Movement
2021-11-02 09:05:26.162500,Sitting_With_Movement
2021-11-02 09:05:32.325000,Sitting_With_Movement
2021-11-02 09:05:38.475000,Sitting_With_Movement
2021-11-02 09:05:44.625000,Sitting_With_Movement
2021-11-02 09:05:50.775000,Sitting_With_Movement
2021-11-02 09:05:56.937500,Sitting_With_Movement
2021-11-02 09:06:03.087500,Sitting_With_Movement
2021-11-02 09:06:09.237500,Sitting_With_Movement
2021-11-02 09:06:15.400000,Sitting_With_Movement
2021-11-02 09:06:21.550000,Sitting_With_Movement
2021-11-02 09:06:27.700000,Sitting_With_Movement
2021-11-02 09:06:33.862500,Sitting_With_Movement
2021-11-02 09:06:40.012500,Sitting_With_Movement
2021-11-02 09:06:46.162500,Sitting_With_Movement
2021-11-02 09:06:52.325000,Sitting_With_Movement
2021-11-02 09:06:58.475000,Sitting_With_Movement
2021-11-02 09:07:04.625000,Sitting_With_Movement
2021-11-02 09:07:10.775000,Sitting_With_Movement
2021-11-02 09:07:16.937500,Sitting_With_Movement
2021-11-02 09:07:23.087500,Sitting_With_Movement
2021-11-02 09:07:29.237500,Sitting_With_Movement
2021-11-02 09:07:35.400000,Sitting_With_Movement
2021-11-02 09:07:41.550000,Sitting_With_Movement
2021-11-02 09:07:47.700000,Sitting_With_Movement
2021-11-02 09:07:53.862500,Sitting_With_Movement
2021-11-02 09:08:00.012500,Sitting_With_Movement
2021-11-02 09:08:06.162500,Sitting_With_Movement
2021-11-02 09:08:12.325000,Sitting_With_Movement
2021-11-02 09:08:18.475000,Sitting_With_Movement
2021-11-02 09:08:24.625000,Sitting_With_Movement
2021-11-02 09:08:30.775000,Sitting_With_Movement
2021-11-02 09:08:36.937500,Sitting_With_Movement
2021-11-02 09:08:43.087500,Sitting_With_Movement
2021-11-02 09:08:49.237500,Sitting_With_Movement
2021-11-02 09:08:55.400000,Sitting_With_Movement
2021-11-02 09:09:01.550000,Sitting_With_Movement
2021-11-02 09:09:07.700000,Sitting_With_Movement
2021-11-02 09:09:13.862500,Sitting_With_Movement
2021-11-02 09:09:20.012500,Sitting_With_Movement
2021-11-02 09:09:26.162500,Sitting_With_Movement
2021-11-02 09:09:32.325000,Sitting_With_Movement
2021-11-02 09:09:38.475000,Sitting_With_Movement
2021-11-02 09:09:44.625000,Sitting_With_Movement
2021-11-02 09:09:50.775000,Sitting_With_Movement
2021-11-02 09:09:56.937500,Sitting_With_Movement
2021-11-02 09:10:03.087500,Sitting_With_Movement
2021-11-02 09:10:09.237500,Sitting_With_Movement
2021-11-02 09:10:15.400000,Sitting_With_Movement
2021-11-02 09:10:21.550000,Sitting_With_Movement
2021-11-02 09:10:27.700000,Sitting_With_Movement
2021-11-02 09:10:33.862500,Sitting_With_Movement
2021-11-02 09:10:40.012500,Sitting_With_Movement
2021-11-02 09:10:46.162500,Sitting_With_Movement
2021-11-02 09:10:52.325000,Sitting_With_Movement
2021-11-02 09:10:58.475000,Sitting_With_Movement
2021-11-02 09:11:04.625000,Sitting_With_Movement
2021-11-02 09:11:10.775000,Sitting_With_Movement
2021-11-02 09:11:16.937500,Sitting_With_Movement
2021-11-02 09:11:23.087500,Sitting_With_Movement
2021-11-02 09:11:29.237500,Sitting_With_Movement
2021-11-02 09:11:35.400000,Sitting_With_Movement
2021-11-02 09:11:41.550000,Sitting_With_Movement
2021-11-02 09:11:47.700000,Sitting_With_Movement
2021-11-02 09:11:53.862500,Sitting_With_Movement
2021-11-02 09:12:00.012500,Sitting_With_Movement
2021-11-02 09:12:06.162500,Sitting_With_Movement
2021-11-02 09:12:12.325000,Sitting_With_Movement
2021-11-02 09:12:18.475000,Sitting_With_Movement
2021-11-02 09:12:24.625000,Sitting_With_Movement
2021-11-02 09:12:30.775000,Sitting_With_Movement
2021-11-02 09:12:36.937500,Sitting_With_Movement
2021-11-02 09:12:43.087500,Sitting_With_Movement
2021-11-02 09:12:49.237500,Sitting_With_Movement
2021-11-02 09:12:55.400000,Sitting_With_Movement
2021-11-02 09:13:01.550000,Sitting_With_Movement
2021-11-02 09:13:07.700000,Sitting_With_Movement
2021-11-02 09:13:13.862500,Sitting_With_Movement
2021-11-02 09:13:20.012500,Sitting_With_Movement
2021-11-02 09:13:26.162500,Sitting_With_Movement
2021-11-02 09:13:32.325000,Sitting_With_Movement
2021-11-02 09:13:38.475000,Sitting_With_Movement
2021-11-02 09:13:44.625000,Sitting_With_Movement
2021-11-02 09:13:50.787500,Sitting_With_Movement
2021-11-02 09:13:56.937500,Sitting_With_Movement
2021-11-02 09:14:03.087500,Sitting_With_Movement
2021-11-02 09:14:09.237500,Sitting_With_Movement
2021-11-02 09:14:15.400000,Sitting_With_Movement
2021-11-02 09:14:21.550000,Sitting_With_Movement
2021-11-02 09:14:27.700000,Sitting_With_Movement
2021-11-02 09:14:33.862500,Sitting_With_Movement
2021-11-02 09:14:40.012500,Sitting_With_Movement
2021-11-02 09:14:46.162500,Sitting_With_Movement
2021-11-02 09:14:52.325000,Sitting_With_Movement
2021-11-02 09:14:58.475000,Sitting_With_Movement
2021-11-02 09:15:04.625000,Sitting_With_Movement
2021-11-02 09:15:10.787500,Sitting_With_Movement
2021-11-02 09:15:16.937500,Sitting_With_Movement
2021-11-02 09:15:23.087500,Sitting_With_Movement
2021-11-02 09:15:29.237500,Sitting_With_Movement
2021-11-02 09:15:35.400000,Sitting_With_Movement
2021-11-02 09:15:41.550000,Sitting_With_Movement
2021-11-02 09:15:47.700000,Sitting_With_Movement
2021-11-02 09:15:53.862500,Sitting_With_Movement
2021-11-02 09:16:00.012500,Sitting_With_Movement
2021-11-02 09:16:06.162500,Sitting_With_Movement
2021-11-02 09:16:12.325000,Sitting_With_Movement
2021-11-02 09:16:18.475000,Sitting_With_Movement
2021-11-02 09:16:24.625000,Sitting_With_Movement
2021-11-02 09:16:30.787500,Sitting_With_Movement
2021-11-02 09:16:36.937500,Sitting_With_Movement
2021-11-02 09:16:43.087500,Sitting_With_Movement
2021-11-02 09:16:49.237500,Sitting_With_Movement
2021-11-02 09:16:55.400000,Sitting_With_Movement
2021-11-02 09:17:01.550000,Sitting_With_Movement
2021-11-02 09:17:07.700000,Sitting_With_Movement
2021-11-02 09:17:13.862500,Sitting_With_Movement
2021-11-02 09:17:20.012500,Sitting_With_Movement
2021-11-02 09:17:26.162500,Sitting_With_Movement
2021-11-02 09:17:32.325000,Sitting_With_Movement
2021-11-02 09:17:38.475000,Sitting_With_Movement
2021-11-02 09:17:44.625000,Sitting_With_Movement
2021-11-02 09:17:50.787500,Sitting_With_Movement
2021-11-02 09:17:56.937500,Sitting_With_Movement
2021-11-02 09:18:03.087500,Sitting_With_Movement
2021-11-02 09:18:09.237500,Sitting_With_Movement
2021-11-02 09:18:15.400000,Sitting_With_Movement
2021-11-02 09:18:21.550000,Sitting_With_Movement
2021-11-02 09:18:27.700000,Sitting_With_Movement
2021-11-02 09:18:33.862500,Sitting_With_Movement
2021-11-02 09:18:40.012500,Sitting_With_Movement
2021-11-02 09:18:46.162500,Sitting_With_Movement
2021-11-02 09:18:52.325000,Sitting_With_Movement
2021-11-02 09:18:58.475000,Sitting_With_Movement
2021-11-02 09:19:04.625000,Sitting_With_Movement
2021-11-02 09:19:10.787500,Sitting_With_Movement
2021-11-02 09:19:16.937500,Sitting_With_Movement
2021-11-02 09:19:23.087500,Sitting_With_Movement
2021-11-02 09:19:29.237500,Sitting_With_Movement
2021-11-02 09:19:35.400000,Sitting_With_Movement
2021-11-02 09:19:41.550000,Sitting_With_Movement
2021-11-02 09:19:47.700000,Sitting_With_Movement
2021-11-02 09:19:53.862500,Sitting_With_Movement
2021-11-02 09:20:00.012500,Sitting_With_Movement
2021-11-02 09:20:06.162500,Sitting_With_Movement
2021-11-02 09:20:12.325000,Sitting_With_Movement
2021-11-02 09:20:18.475000,Sitting_With_Movement
2021-11-02 09:20:24.625000,Sitting_With_Movement
2021-11-02 09:20:30.787500,Sitting_With_Movement
2021-11-02 09:20:36.937500,Sitting_With_Movement
2021-11-02 09:20:43.087500,Sitting_With_Movement
2021-11-02 09:20:49.237500,Sitting_With_Movement
2021-11-02 09:20:55.400000,Sitting_With_Movement
2021-11-02 09:21:01.550000,Sitting_With_Movement
2021-11-02 09:21:07.700000,Sitting_With_Movement
2021-11-02 09:21:13.862500,Sitting_With_Movement
2021-11-02 09:21:20.012500,Sitting_With_Movement
2021-11-02 09:21:26.162500,Sitting_With_Movement
2021-11-02 09:21:32.325000,Sitting_With_Movement
2021-11-02 09:21:38.475000,Sitting_With_Movement
2021-11-02 09:21:44.625000,Sitting_With_Movement
2021-11-02 09:21:50.787500,Sitting_With_Movement
2021-11-02 09:21:56.937500,Sitting_With_Movement
2021-11-02 09:22:03.087500,Sitting_With_Movement
2021-11-02 09:22:09.237500,Sitting_With_Movement
2021-11-02 09:22:15.400000,Sitting_With_Movement
2021-11-02 09:22:21.550000,Sitting_With_Movement
2021-11-02 09:22:27.700000,Sitting_With_Movement
2021-11-02 09:22:33.862500,Sitting_With_Movement
2021-11-02 09:22:40.012500,Sitting_With_Movement
2021-11-02 09:22:46.162500,Sitting_With_Movement
2021-11-02 09:22:52.325000,Sitting_With_Movement
2021-11-02 09:22:58.475000,Sitting_With_Movement
2021-11-02 09:23:04.625000,Sitting_With_Movement
2021-11-02 09:23:10.787500,Sitting_With_Movement
2021-11-02 09:23:16.937500,Sitting_With_Movement
2021-11-02 09:23:23.087500,Sitting_With_Movement
2021-11-02 09:23:29.237500,Sitting_With_Movement
2021-11-02 09:23:35.400000,Sitting_With_Movement
2021-11-02 09:23:41.550000,Sitting_With_Movement
2021-11-02 09:23:47.700000,Sitting_With_Movement
2021-11-02 09:23:53.862500,Sitting_With_Movement
2021-11-02 09:24:00.012500,Sitting_With_Movement
2021-11-02 09:24:06.162500,Sitting_With_Movement
2021-11-02 09:24:12.325000,Sitting_With_Movement
2021-11-02 09:24:18.475000,Sitting_With_Movement
2021-11-02 09:24:24.625000,Sitting_With_Movement
2021-11-02 09:24:30.787500,Sitting_With_Movement
2021-11-02 09:24:36.937500,Sitting_With_Movement
2021-11-02 09:24:43.087500,Sitting_With_Movement
2021-11-02 09:24:49.237500,Sitting_With_Movement
2021-11-02 09:24:55.400000,Sitting_With_Movement
2021-11-02 09:25:01.550000,Sitting_With_Movement
2021-11-02 09:25:07.700000,Sitting_With_Movement
2021-11-02 09:25:13.862500,Sitting_With_Movement
2021-11-02 09:25:20.012500,Sitting_With_Movement
2021-11-02 09:25:26.162500,Sitting_With_Movement
2021-11-02 09:25:32.325000,Sitting_With_Movement
2021-11-02 09:25:38.475000,Sitting_With_Movement
2021-11-02 09:25:44.625000,Sitting_With_Movement
2021-11-02 09:25:50.787500,Sitting_With_Movement
2021-11-02 09:25:56.937500,Sitting_With_Movement
2021-11-02 09:26:03.087500,Sitting_With_Movement
2021-11-02 09:26:09.237500,Sitting_With_Movement
2021-11-02 09:26:15.400000,Sitting_With_Movement
2021-11-02 09:26:21.550000,Sitting_With_Movement
2021-11-02 09:26:27.700000,Sitting_With_Movement
2021-11-02 09:26:33.862500,Sitting_With_Movement
2021-11-02 09:26:40.012500,Sitting_With_Movement
2021-11-02 09:26:46.162500,Sitting_With_Movement
2021-11-02 09:26:52.325000,Sitting_With_Movement
2021-11-02 09:26:58.475000,Sitting_With_Movement
2021-11-02 09:27:04.625000,Sitting_With_Movement
2021-11-02 09:27:10.787500,Sitting_With_Movement
2021-11-02 09:27:16.937500,Sitting_With_Movement
2021-11-02 09:27:23.087500,Sitting_With_Movement
2021-11-02 09:27:29.237500,Sitting_With_Movement
2021-11-02 09:27:35.400000,Sitting_With_Movement
2021-11-02 09:27:41.550000,Sitting_With_Movement
2021-11-02 09:27:47.700000,Sitting_With_Movement
2021-11-02 09:27:53.862500,Sitting_With_Movement
2021-11-02 09:28:00.012500,Sitting_With_Movement
2021-11-02 09:28:06.162500,Sitting_With_Movement
2021-11-02 09:28:12.325000,Sitting_With_Movement
2021-11-02 09:28:18.475000,Sitting_With_Movement
2021-11-02 09:28:24.625000,Sitting_With_Movement
2021-11-02 09:28:30.787500,Sitting_With_Movement
2021-11-02 09:28:36.937500,Sitting_With_Movement
2021-11-02 09:28:43.087500,Sitting_With_Movement
2021-11-02 09:28:49.237500,Sitting_With_Movement
2021-11-02 09:28:55.400000,Sitting_With_Movement
2021-11-02 09:29:01.550000,Sitting_With_Movement
2021-11-02 09:29:07.700000,Sitting_With_Movement
2021-11-02 09:29:13.862500,Sitting_With_Movement
2021-11-02 09:29:20.012500,Sitting_With_Movement
2021-11-02 09:29:26.162500,Sitting_With_Movement
2021-11-02 09:29:32.325000,Sitting_With_Movement
2021-11-02 09:29:38.475000,Sitting_With_Movement
2021-11-02 09:29:44.625000,Sitting_With_Movement
2021-11-02 09:29:50.787500,Sitting_With_Movement
2021-11-02 09:29:56.937500,Sitting_With_Movement
2021-11-02 09:30:03.087500,Sitting_With_Movement
2021-11-02 09:30:09.237500,Sitting_With_Movement
2021-11-02 09:30:15.400000,Sitting_With_Movement
2021-11-02 09:30:21.550000,Sitting_With_Movement
2021-11-02 09:30:27.700000,Sitting_With_Movement
2021-11-02 09:30:33.862500,Sitting_With_Movement
2021-11-02 09:30:40.012500,Sitting_With_Movement
2021-11-02 09:30:46.162500,Sitting_With_Movement
2021-11-02 09:30:52.325000,Sitting_With_Movement
2021-11-02 09:30:58.475000,Sitting_With_Movement
2021-11-02 09:31:04.625000,Sitting_With_Movement
2021-11-02 09:31:10.787500,Sitting_With_Movement
2021-11-02 09:31:16.937500,Sitting_With_Movement
2021-11-02 09:31:23.087500,Sitting_With_Movement
2021-11-02 09:31:29.237500,Sitting_With_Movement
2021-11-02 09:31:35.400000,Sitting_With_Movement
2021-11-02 09:31:41.550000,Sitting_With_Movement
2021-11-02 09:31:47.700000,Sitting_With_Movement
2021-11-02 09:31:53.862500,Sitting_With_Movement
2021-11-02 09:32:00.012500,Sitting_With_Movement
2021-11-02 09:32:06.162500,Sitting_With_Movement
2021-11-02 09:32:12.325000,Sitting_With_Movement
2021-11-02 09:32:18.475000,Sitting_With_Movement
2021-11-02 09:32:24.625000,Sitting_With_Movement
2021-11-02 09:32:30.787500,Sitting_With_Movement
2021-11-02 09:32:36.937500,Sitting_With_Movement
2021-11-02 09:32:43.087500,Sitting_With_Movement
2021-11-02 09:32:49.237500,Sitting_With_Movement
2021-11-02 09:32:55.400000,Sitting_With_Movement
2021-11-02 09:33:01.550000,Sitting_With_Movement
2021-11-02 09:33:07.700000,Sitting_With_Movement
2021-11-02 09:33:13.862500,Sitting_With_Movement
2021-11-02 09:33:20.012500,Sitting_With_Movement
2021-11-02 09:33:26.162500,Sitting_With_Movement
2021-11-02 09:33:32.325000,Sitting_With_Movement
2021-11-02 09:33:38.475000,Sitting_With_Movement
2021-11-02 09:33:44.625000,Sitting_With_Movement
2021-11-02 09:33:50.787500,Sitting_With_Movement
2021-11-02 09:33:56.937500,Sitting_With_Movement
2021-11-02 09:34:03.087500,Sitting_With_Movement
2021-11-02 09:34:09.237500,Sitting_With_Movement
2021-11-02 09:34:15.400000,Sitting_With_Movement
2021-11-02 09:34:21.550000,Sitting_With_Movement
2021-11-02 09:34:27.700000,Sitting_With_Movement
2021-11-02 09:34:33.862500,Sitting_With_Movement
2021-11-02 09:34:40.012500,Sitting_With_Movement
2021-11-02 09:34:46.162500,Sitting_With_Movement
2021-11-02 09:34:52.325000,Sitting_With_Movement
2021-11-02 09:34:58.475000,Sitting_With_Movement
2021-11-02 09:35:04.625000,Sitting_With_Movement
2021-11-02 09:35:10.787500,Sitting_With_Movement
2021-11-02 09:35:16.937500,Sitting_With_Movement
2021-11-02 09:35:23.087500,Sitting_With_Movement
2021-11-02 09:35:29.237500,Sitting_With_Movement
2021-11-02 09:35:35.400000,Sitting_With_Movement
2021-11-02 09:35:41.550000,Sitting_With_Movement
2021-11-02 09:35:47.700000,Sitting_With_Movement
2021-11-02 09:35:53.862500,Sitting_With_Movement
2021-11-02 09:36:00.012500,Sitting_With_Movement
2021-11-02 09:36:06.162500,Sitting_With_Movement
2021-11-02 09:36:12.325000,Sitting_With_Movement
2021-11-02 09:36:18.475000,Sitting_With_Movement
2021-11-02 09:36:24.625000,Sitting_With_Movement
2021-11-02 09:36:30.787500,Sitting_With_Movement
2021-11-02 09:36:36.937500,Sitting_With_Movement
2021-11-02 09:36:43.087500,Sitting_With_Movement
2021-11-02 09:36:49.237500,Sitting_With_Movement
2021-11-02 09:36:55.400000,Sitting_With_Movement
2021-11-02 09:37:01.550000,Sitting_With_Movement
2021-11-02 09:37:07.700000,Sitting_With_Movement
2021-11-02 09:37:13.862500,Sitting_With_Movement
2021-11-02 09:37:20.012500,Sitting_With_Movement
2021-11-02 09:37:26.162500,Sitting_With_Movement
2021-11-02 09:37:32.325000,Sitting_With_Movement
2021-11-02 09:37:38.475000,Sitting_With_Movement
2021-11-02 09:37:44.625000,Sitting_With_Movement
2021-11-02 09:37:50.787500,Sitting_With_Movement
2021-11-02 09:37:56.937500,Sitting_With_Movement
2021-11-02 09:38:03.087500,Sitting_With_Movement
2021-11-02 09:38:09.237500,Sitting_With_Movement
2021-11-02 09:38:15.400000,Sitting_With_Movement
2021-11-02 09:38:21.550000,Sitting_With_Movement
2021-11-02 09:38:27.700000,Sitting_With_Movement
2021-11-02 09:38:33.862500,Sitting_With_Movement
2021-11-02 09:38:40.012500,Sitting_With_Movement
2021-11-02 09:38:46.162500,Sitting_With_Movement
2021-11-02 09:38:52.325000,Sitting_With_Movement
2021-11-02 09:38:58.475000,Sitting_With_Movement
2021-11-02 09:39:04.625000,Sitting_With_Movement
2021-11-02 09:39:10.787500,Sitting_With_Movement
2021-11-02 09:39:16.937500,Sitting_With_Movement
2021-11-02 09:39:23.087500,Sitting_With_Movement
2021-11-02 09:39:29.237500,Sitting_With_Movement
2021-11-02 09:39:35.400000,Sitting_With_Movement
2021-11-02 09:39:41.550000,Sitting_With_Movement
2021-11-02 09:39:47.700000,Sitting_With_Movement
2021-11-02 09:39:53.862500,Sitting_With_Movement
2021-11-02 09:40:00.012500,Sitting_With_Movement
2021-11-02 09:40:06.162500,Sitting_With_Movement
2021-11-02 09:40:12.325000,Sitting_With_Movement
2021-11-02 09:40:18.475000,Sitting_With_Movement
2021-11-02 09:40:24.625000,Sitting_With_Movement
2021-11-02 09:40:30.787500,Sitting_With_Movement
2021-11-02 09:40:36.937500,Sitting_With_Movement
2021-11-02 09:40:43.087500,Sitting_With_Movement
2021-11-02 09:40:49.237500,Sitting_With_Movement
2021-11-02 09:40:55.400000,Sitting_With_Movement
2021-11-02 09:41:01.550000,Sitting_With_Movement
2021-11-02 09:41:07.700000,Sitting_With_Movement
2021-11-02 09:41:13.862500,Sitting_With_Movement
2021-11-02 09:41:20.012500,Sitting_With_Movement
2021-11-02 09:41:26.162500,Sitting_With_Movement
2021-11-02 09:41:32.325000,Sitting_With_Movement
2021-11-02 09:41:38.475000,Sitting_With_Movement
2021-11-02 09:41:44.625000,Sitting_With_Movement
2021-11-02 09:41:50.787500,Sitting_With_Movement
2021-11-02 09:41:56.937500,Sitting_With_Movement
2021-11-02 09:42:03.087500,Sitting_With_Movement
2021-11-02 09:42:09.237500,Sitting_With_Movement
2021-11-02 09:42:15.400000,Sitting_With_Movement
2021-11-02 09:42:21.550000,Sitting_With_Movement
2021-11-02 09:42:27.700000,Sitting_With_Movement
2021-11-02 09:42:33.862500,Sitting_With_Movement
2021-11-02 09:42:40.012500,Sitting_With_Movement
2021-11-02 09:42:46.162500,Sitting_With_Movement
2021-11-02 09:42:52.325000,Sitting_With_Movement
2021-11-02 09:42:58.475000,Sitting_With_Movement
2021-11-02 09:43:04.625000,Sitting_With_Movement
2021-11-02 09:43:10.787500,Sitting_With_Movement
2021-11-02 09:43:16.937500,Sitting_With_Movement
2021-11-02 09:43:23.087500,Sitting_With_Movement
2021-11-02 09:43:29.237500,Sitting_With_Movement
2021-11-02 09:43:35.400000,Sitting_With_Movement
2021-11-02 09:43:41.550000,Sitting_With_Movement
2021-11-02 09:43:47.700000,Sitting_With_Movement
2021-11-02 09:43:53.862500,Sitting_With_Movement
2021-11-02 09:44:00.012500,Sitting_With_Movement
2021-11-02 09:44:06.162500,Sitting_With_Movement
2021-11-02 09:44:12.325000,Sitting_With_Movement
2021-11-02 09:44:18.475000,Sitting_With_Movement
2021-11-02 09:44:24.625000,Sitting_With_Movement
2021-11-02 09:44:30.787500,Sitting_With_Movement
2021-11-02 09:44:36.937500,Sitting_With_Movement
2021-11-02 09:44:43.087500,Sitting_With_Movement
2021-11-02 09:44:49.237500,Sitting_With_Movement
2021-11-02 09:44:55.400000,Sitting_With_Movement
2021-11-02 09:45:01.550000,Sitting_With_Movement
2021-11-02 09:45:07.700000,Sitting_With_Movement
2021-11-02 09:45:13.862500,Sitting_With_Movement
2021-11-02 09:45:20.012500,Sitting_With_Movement
2021-11-02 09:45:26.162500,Sitting_With_Movement
2021-11-02 09:45:32.325000,Sitting_With_Movement
2021-11-02 09:45:38.475000,Sitting_With_Movement
2021-11-02 09:45:44.625000,Sitting_With_Movement
2021-11-02 09:45:50.787500,Sitting_With_Movement
2021-11-02 09:45:56.937500,Sitting_With_Movement
2021-11-02 09:46:03.087500,Sitting_With_Movement
2021-11-02 09:46:09.237500,Sitting_With_Movement
2021-11-02 09:46:15.400000,Sitting_With_Movement
2021-11-02 09:46:21.550000,Sitting_With_Movement
2021-11-02 09:46:27.700000,Sitting_With_Movement
2021-11-02 09:46:33.862500,Sitting_With_Movement
2021-11-02 09:46:40.012500,Sitting_With_Movement
2021-11-02 09:46:46.162500,Sitting_With_Movement
2021-11-02 09:46:52.325000,Sitting_With_Movement
2021-11-02 09:46:58.475000,Sitting_With_Movement
2021-11-02 09:47:04.625000,Sitting_With_Movement
2021-11-02 09:47:10.787500,Sitting_With_Movement
2021-11-02 09:47:16.937500,Sitting_With_Movement
2021-11-02 09:47:23.087500,Sitting_With_Movement
2021-11-02 09:47:29.237500,Sitting_With_Movement
2021-11-02 09:47:35.400000,Sitting_With_Movement
2021-11-02 09:47:41.550000,Sitting_With_Movement
2021-11-02 09:47:47.700000,Sitting_With_Movement
2021-11-02 09:47:53.862500,Sitting_With_Movement
2021-11-02 09:48:00.012500,Sitting_With_Movement
2021-11-02 09:48:06.162500,Sitting_With_Movement
2021-11-02 09:48:12.325000,Sitting_With_Movement
2021-11-02 09:48:18.475000,Sitting_With_Movement
2021-11-02 09:48:24.625000,Sitting_With_Movement
2021-11-02 09:48:30.787500,Sitting_With_Movement
2021-11-02 09:48:36.937500,Sitting_With_Movement
2021-11-02 09:48:43.087500,Sitting_With_Movement
2021-11-02 09:48:49.237500,Sitting_With_Movement
2021-11-02 09:48:55.400000,Sitting_With_Movement
2021-11-02 09:49:01.550000,Sitting_With_Movement
2021-11-02 09:49:07.700000,Sitting_With_Movement
2021-11-02 09:49:13.862500,Sitting_With_Movement
2021-11-02 09:49:20.012500,Sitting_With_Movement
2021-11-02 09:49:26.162500,Sitting_With_Movement
2021-11-02 09:49:32.325000,Sitting_With_Movement
2021-11-02 09:49:38.475000,Sitting_With_Movement
2021-11-02 09:49:44.625000,Sitting_With_Movement
2021-11-02 09:49:50.787500,Sitting_With_Movement
2021-11-02 09:49:56.937500,Sitting_With_Movement
2021-11-02 09:50:03.087500,Sitting_With_Movement
2021-11-02 09:50:09.237500,Sitting_With_Movement
2021-11-02 09:50:15.400000,Sitting_With_Movement
2021-11-02 09:50:21.550000,Sitting_With_Movement
2021-11-02 09:50:27.700000,Sitting_With_Movement
2021-11-02 09:50:33.862500,Sitting_With_Movement
2021-11-02 09:50:40.012500,Sitting_With_Movement
2021-11-02 09:50:46.162500,Sitting_With_Movement
2021-11-02 09:50:52.325000,Sitting_With_Movement
2021-11-02 09:50:58.475000,Sitting_With_Movement
2021-11-02 09:51:04.625000,Sitting_With_Movement
2021-11-02 09:51:10.787500,Sitting_With_Movement
2021-11-02 09:51:16.937500,Sitting_With_Movement
2021-11-02 09:51:23.087500,Sitting_With_Movement
2021-11-02 09:51:29.237500,Sitting_With_Movement
2021-11-02 09:51:35.400000,Sitting_With_Movement
2021-11-02 09:51:41.550000,Sitting_With_Movement
2021-11-02 09:51:47.700000,Sitting_With_Movement
2021-11-02 09:51:53.862500,Sitting_With_Movement
2021-11-02 09:52:00.012500,Sitting_With_Movement
2021-11-02 09:52:06.162500,Sitting_With_Movement
2021-11-02 09:52:12.325000,Sitting_With_Movement
2021-11-02 09:52:18.475000,Sitting_With_Movement
2021-11-02 09:52:24.625000,Sitting_With_Movement
2021-11-02 09:52:30.787500,Sitting_With_Movement
2021-11-02 09:52:36.937500,Sitting_With_Movement
2021-11-02 09:52:43.087500,Sitting_With_Movement
2021-11-02 09:52:49.237500,Sitting_With_Movement
2021-11-02 09:52:55.400000,Sitting_With_Movement
2021-11-02 09:53:01.550000,Sitting_With_Movement
2021-11-02 09:53:07.700000,Sitting_With_Movement
2021-11-02 09:53:13.862500,Sitting_With_Movement
2021-11-02 09:53:20.012500,Sitting_With_Movement
2021-11-02 09:53:26.162500,Sitting_With_Movement
2021-11-02 09:53:32.325000,Sitting_With_Movement
2021-11-02 09:53:38.475000,Sitting_With_Movement
2021-11-02 09:53:44.625000,Sitting_With_Movement
2021-11-02 09:53:50.787500,Sitting_With_Movement
2021-11-02 09:53:56.937500,Sitting_With_Movement
2021-11-02 09:54:03.087500,Sitting_With_Movement
2021-11-02 09:54:09.237500,Sitting_With_Movement
2021-11-02 09:54:15.400000,Sitting_With_Movement
2021-11-02 09:54:21.550000,Sitting_With_Movement
2021-11-02 09:54:27.700000,Sitting_With_Movement
2021-11-02 09:54:33.862500,Sitting_With_Movement
2021-11-02 09:54:40.012500,Sitting_With_Movement
2021-11-02 09:54:46.162500,Sitting_With_Movement
2021-11-02 09:54:52.325000,Sitting_With_Movement
2021-11-02 09:54:58.475000,Sitting_With_Movement
2021-11-02 09:55:04.625000,Sitting_With_Movement
2021-11-02 09:55:10.787500,Sitting_With_Movement
2021-11-02 09:55:16.937500,Sitting_With_Movement
2021-11-02 09:55:23.087500,Sitting_With_Movement
2021-11-02 09:55:29.237500,Sitting_With_Movement
2021-11-02 09:55:35.400000,Sitting_With_Movement
2021-11-02 09:55:41.550000,Sitting_With_Movement
2021-11-02 09:55:47.700000,Sitting_With_Movement
2021-11-02 09:55:53.862500,Sitting_With_Movement
2021-11-02 09:56:00.012500,Sitting_With_Movement
2021-11-02 09:56:06.162500,Sitting_With_Movement
2021-11-02 09:56:12.325000,Sitting_With_Movement
2021-11-02 09:56:18.475000,Sitting_With_Movement
2021-11-02 09:56:24.625000,Sitting_With_Movement
2021-11-02 09:56:30.787500,Sitting_With_Movement
2021-11-02 09:56:36.937500,Sitting_With_Movement
2021-11-02 09:56:43.087500,Sitting_With_Movement
2021-11-02 09:56:49.237500,Sitting_With_Movement
2021-11-02 09:56:55.400000,Sitting_With_Movement
2021-11-02 09:57:01.550000,Sitting_With_Movement
2021-11-02 09:57:07.700000,Sitting_With_Movement
2021-11-02 09:57:13.862500,Sitting_With_Movement
2021-11-02 09:57:20.012500,Sitting_With_Movement
2021-11-02 09:57:26.162500,Sitting_With_Movement
2021-11-02 09:57:32.325000,Sitting_With_Movement
2021-11-02 09:57:38.475000,Sitting_With_Movement
2021-11-02 09:57:44.625000,Sitting_With_Movement
2021-11-02 09:57:50.787500,Sitting_With_Movement
2021-11-02 09:57:56.937500,Sitting_With_Movement
2021-11-02 09:58:03.087500,Sitting_With_Movement
2021-11-02 09:58:09.237500,Sitting_With_Movement
2021-11-02 09:58:15.400000,Sitting_With_Movement
2021-11-02 09:58:21.550000,Sitting_With_Movement
2021-11-02 09:58:27.700000,Sitting_With_Movement
2021-11-02 09:58:33.862500,Sitting_With_Movement
2021-11-02 09:58:40.012500,Sitting_With_Movement
2021-11-02 09:58:46.162500,Sitting_With_Movement
2021-11-02 09:58:52.325000,Sitting_With_Movement
2021-11-02 09:58:58.475000,Sitting_With_Movement
2021-11-02 09:59:04.625000,Sitting_With_Movement
2021-11-02 09:59:10.787500,Sitting_With_Movement
2021-11-02 09:59:16.937500,Sitting_With_Movement
2021-11-02 09:59:23.087500,Sitting_With_Movement
2021-11-02 09:59:29.237500,Sitting_With_Movement
2021-11-02 09:59:35.400000,Sitting_With_Movement
2021-11-02 09:59:41.550000,Sitting_With_Movement
2021-11-02 09:59:47.700000,Sitting_With_Movement
2021-11-02 09:59:53.862500,Sitting_With_Movement
2021-11-02 10:00:00.012500,Sitting_With_Movement
2021-11-02 10:00:06.162500,Sitting_With_Movement
2021-11-02 10:00:12.325000,Sitting_With_Movement
2021-11-02 10:00:18.475000,Sitting_With_Movement
2021-11-02 10:00:24.625000,Sitting_With_Movement
2021-11-02 10:00:30.787500,Sitting_With_Movement
2021-11-02 10:00:36.937500,Sitting_With_Movement
2021-11-02 10:00:43.087500,Sitting_With_Movement
2021-11-02 10:00:49.237500,Sitting_With_Movement
2021-11-02 10:00:55.400000,Sitting_With_Movement
2021-11-02 10:01:01.550000,Sitting_With_Movement
2021-11-02 10:01:07.700000,Sitting_With_Movement
2021-11-02 10:01:13.862500,Sitting_With_Movement
2021-11-02 10:01:20.012500,Sitting_With_Movement
2021-11-02 10:01:26.162500,Sitting_With_Movement
2021-11-02 10:01:32.325000,Sitting_With_Movement
2021-11-02 10:01:38.475000,Sitting_With_Movement
2021-11-02 10:01:44.625000,Sitting_With_Movement
2021-11-02 10:01:50.787500,Sitting_With_Movement
2021-11-02 10:01:56.937500,Sitting_With_Movement
2021-11-02 10:02:03.087500,Sitting_With_Movement
2021-11-02 10:02:09.237500,Sitting_With_Movement
2021-11-02 10:02:15.400000,Sitting_With_Movement
2021-11-02 10:02:21.550000,Sitting_With_Movement
2021-11-02 10:02:27.700000,Sitting_With_Movement
2021-11-02 10:02:33.862500,Sitting_With_Movement
2021-11-02 10:02:40.012500,Sitting_With_Movement
2021-11-02 10:02:46.162500,Sitting_With_Movement
2021-11-02 10:02:52.325000,Sitting_With_Movement
2021-11-02 10:02:58.475000,Sitting_With_Movement
2021-11-02 10:03:04.625000,Sitting_With_Movement
2021-11-02 10:03:10.787500,Sitting_With_Movement
2021-11-02 10:03:16.937500,Sitting_With_Movement
2021-11-02 10:03:23.087500,Sitting_With_Movement
2021-11-02 10:03:29.237500,Sitting_With_Movement
2021-11-02 10:03:35.400000,Sitting_With_Movement
2021-11-02 10:03:41.550000,Sitting_With_Movement
2021-11-02 10:03:47.700000,Sitting_With_Movement
2021-11-02 10:03:53.862500,Sitting_With_Movement
2021-11-02 10:04:00.012500,Sitting_With_Movement
2021-11-02 10:04:06.162500,Sitting_With_Movement
2021-11-02 10:04:12.325000,Sitting_With_Movement
2021-11-02 10:04:18.475000,Sitting_With_Movement
2021-11-02 10:04:24.625000,Sitting_With_Movement
2021-11-02 10:04:30.787500,Sitting_With_Movement
2021-11-02 10:04:36.937500,Sitting_With_Movement
2021-11-02 10:04:43.087500,Sitting_With_Movement
2021-11-02 10:04:49.237500,Sitting_With_Movement
2021-11-02 10:04:55.400000,Sitting_With_Movement
2021-11-02 10:05:01.550000,Sitting_With_Movement
2021-11-02 10:05:07.700000,Sitting_With_Movement
2021-11-02 10:05:13.862500,Sitting_With_Movement
2021-11-02 10:05:20.012500,Sitting_With_Movement
2021-11-02 10:05:26.162500,Sitting_With_Movement
2021-11-02 10:05:32.325000,Sitting_With_Movement
2021-11-02 10:05:38.475000,Sitting_With_Movement
2021-11-02 10:05:44.625000,Sitting_With_Movement
2021-11-02 10:05:50.787500,Sitting_With_Movement
2021-11-02 10:05:56.937500,Sitting_With_Movement
2021-11-02 10:06:03.087500,Sitting_With_Movement
2021-11-02 10:06:09.237500,Sitting_With_Movement
2021-11-02 10:06:15.400000,Sitting_With_Movement
2021-11-02 10:06:21.550000,Sitting_With_Movement
2021-11-02 10:06:27.700000,Sitting_With_Movement
2021-11-02 10:06:33.862500,Sitting_With_Movement
2021-11-02 10:06:40.012500,Sitting_With_Movement
2021-11-02 10:06:46.162500,Sitting_With_Movement
2021-11-02 10:06:52.325000,Sitting_With_Movement
2021-11-02 10:06:58.475000,Sitting_With_Movement
2021-11-02 10:07:04.625000,Sitting_With_Movement
2021-11-02 10:07:10.787500,Sitting_With_Movement
2021-11-02 10:07:16.937500,Sitting_With_Movement
2021-11-02 10:07:23.087500,Sitting_With_Movement
2021-11-02 10:07:29.237500,Sitting_With_Movement
2021-11-02 10:07:35.400000,Sitting_With_Movement
2021-11-02 10:07:41.550000,Sitting_With_Movement
2021-11-02 10:07:47.700000,Sitting_With_Movement
2021-11-02 10:07:53.862500,Sitting_With_Movement
2021-11-02 10:08:00.012500,Sitting_With_Movement
2021-11-02 10:08:06.162500,Sitting_With_Movement
2021-11-02 10:08:12.325000,Sitting_With_Movement
2021-11-02 10:08:18.475000,Sitting_With_Movement
2021-11-02 10:08:24.625000,Sitting_With_Movement
2021-11-02 10:08:30.787500,Sitting_With_Movement
2021-11-02 10:08:36.937500,Sitting_With_Movement
2021-11-02 10:08:43.087500,Sitting_With_Movement
2021-11-02 10:08:49.237500,Sitting_With_Movement
2021-11-02 10:08:55.400000,Sitting_With_Movement
2021-11-02 10:09:01.550000,Sitting_With_Movement
2021-11-02 10:09:07.700000,Sitting_With_Movement
2021-11-02 10:09:13.862500,Sitting_With_Movement
2021-11-02 10:09:20.012500,Sitting_With_Movement
2021-11-02 10:09:26.162500,Sitting_With_Movement
2021-11-02 10:09:32.325000,Sitting_With_Movement
2021-11-02 10:09:38.475000,Sitting_With_Movement
2021-11-02 10:09:44.625000,Sitting_With_Movement
2021-11-02 10:09:50.787500,Sitting_With_Movement
2021-11-02 10:09:56.937500,Sitting_With_Movement
2021-11-02 10:10:03.087500,Sitting_With_Movement
2021-11-02 10:10:09.237500,Sitting_With_Movement
2021-11-02 10:10:15.400000,Sitting_With_Movement
2021-11-02 10:10:21.550000,Sitting_With_Movement
2021-11-02 10:10:27.700000,Sitting_With_Movement
2021-11-02 10:10:33.862500,Sitting_With_Movement
2021-11-02 10:10:40.012500,Walking
2021-11-02 10:10:46.162500,PA_Type_Video_Unavailable/Indecipherable
2021-11-02 10:10:52.325000,PA_Type_Video_Unavailable/Indecipherable
2021-11-02 10:10:58.475000,PA_Type_Video_Unavailable/Indecipherable
2021-11-02 10:11:04.625000,PA_Type_Video_Unavailable/Indecipherable
2021-11-02 10:11:10.787500,PA_Type_Video_Unavailable/Indecipherable
2021-11-02 10:11:16.937500,PA_Type_Video_Unavailable/Indecipherable
2021-11-02 10:11:23.087500,PA_Type_Video_Unavailable/Indecipherable
2021-11-02 10:11:29.237500,PA_Type_Video_Unavailable/Indecipherable
2021-11-02 10:11:35.400000,PA_Type_Video_Unavailable/Indecipherable
2021-11-02 10:11:41.550000,
2021-11-02 10:11:47.700000,Puttering_Around
2021-11-02 10:11:53.862500,Puttering_Around
2021-11-02 10:12:00.012500,Walking
2021-11-02 10:12:06.162500,Standing_With_Movement
2021-11-02 10:12:12.325000,Standing_With_Movement
2021-11-02 10:12:18.475000,
2021-11-02 10:12:24.625000,
2021-11-02 10:12:30.787500,
2021-11-02 10:12:36.937500,
2021-11-02 10:12:43.087500,Kneeling_With_Movement
2021-11-02 10:12:49.237500,Kneeling_With_Movement
2021-11-02 10:12:55.400000,Kneeling_With_Movement
2021-11-02 10:13:01.550000,Kneeling_With_Movement
2021-11-02 10:13:07.700000,Kneeling_With_Movement
2021-11-02 10:13:13.862500,Kneeling_With_Movement
2021-11-02 10:13:20.012500,
2021-11-02 10:13:26.162500,Puttering_Around
2021-11-02 10:13:32.325000,Puttering_Around
2021-11-02 10:13:38.475000,Standing_With_Movement
2021-11-02 10:13:44.625000,Standing_With_Movement
2021-11-02 10:13:50.787500,Standing_With_Movement
2021-11-02 10:13:56.937500,Standing_With_Movement
2021-11-02 10:14:03.087500,Puttering_Around
2021-11-02 10:14:09.237500,Puttering_Around
2021-11-02 10:14:15.400000,Puttering_Around
2021-11-02 10:14:21.550000,Puttering_Around
2021-11-02 10:14:27.700000,Puttering_Around
2021-11-02 10:14:33.862500,Puttering_Around
2021-11-02 10:14:40.012500,Puttering_Around
2021-11-02 10:14:46.162500,Puttering_Around
2021-11-02 10:14:52.325000,Puttering_Around
2021-11-02 10:14:58.475000,Puttering_Around
2021-11-02 10:15:04.625000,
2021-11-02 10:15:10.787500,Standing_With_Movement
2021-11-02 10:15:16.937500,Standing_With_Movement
2021-11-02 10:15:23.087500,Standing_With_Movement
2021-11-02 10:15:29.237500,Puttering_Around
2021-11-02 10:15:35.400000,Standing_With_Movement
2021-11-02 10:15:41.550000,Standing_With_Movement
2021-11-02 10:15:47.700000,Standing_With_Movement
2021-11-02 10:15:53.862500,Standing_With_Movement
2021-11-02 10:16:00.012500,Standing_With_Movement
2021-11-02 10:16:06.162500,Standing_With_Movement
2021-11-02 10:16:12.325000,Standing_With_Movement
2021-11-02 10:16:18.475000,Standing_With_Movement
2021-11-02 10:16:24.625000,Standing_With_Movement
2021-11-02 10:16:30.787500,Standing_With_Movement
2021-11-02 10:16:36.937500,Standing_With_Movement
2021-11-02 10:16:43.087500,Standing_With_Movement
2021-11-02 10:16:49.237500,Puttering_Around
2021-11-02 10:16:55.400000,Puttering_Around
2021-11-02 10:17:01.550000,Puttering_Around
2021-11-02 10:17:07.700000,Puttering_Around
2021-11-02 10:17:13.862500,Puttering_Around
2021-11-02 10:17:20.012500,Puttering_Around
2021-11-02 10:17:26.162500,Puttering_Around
2021-11-02 10:17:32.325000,Puttering_Around
2021-11-02 10:17:38.475000,Sitting_With_Movement
2021-11-02 10:17:44.625000,Sitting_With_Movement
2021-11-02 10:17:50.787500,Sitting_With_Movement
2021-11-02 10:17:56.937500,Sitting_With_Movement
2021-11-02 10:18:03.087500,Sitting_With_Movement
2021-11-02 10:18:09.237500,Sitting_With_Movement
2021-11-02 10:18:15.400000,Sitting_With_Movement
2021-11-02 10:18:21.550000,Sitting_With_Movement
2021-11-02 10:18:27.700000,Sitting_With_Movement
2021-11-02 10:18:33.862500,Sitting_With_Movement
2021-11-02 10:18:40.012500,Sitting_With_Movement
2021-11-02 10:18:46.162500,Sitting_With_Movement
2021-11-02 10:18:52.325000,Sitting_With_Movement
2021-11-02 10:18:58.475000,Sitting_With_Movement
2021-11-02 10:19:04.625000,Sitting_With_Movement
2021-11-02 10:19:10.787500,Sitting_With_Movement
2021-11-02 10:19:16.937500,Sitting_With_Movement
2021-11-02 10:19:23.087500,Sitting_With_Movement
2021-11-02 10:19:29.237500,Sitting_With_Movement
2021-11-02 10:19:35.400000,Sitting_With_Movement
2021-11-02 10:19:41.550000,Sitting_With_Movement
2021-11-02 10:19:47.700000,Sitting_With_Movement
2021-11-02 10:19:53.862500,Sitting_With_Movement
2021-11-02 10:20:00.012500,Sitting_With_Movement
2021-11-02 10:20:06.162500,Sitting_With_Movement
2021-11-02 10:20:12.325000,Sitting_With_Movement
2021-11-02 10:20:18.475000,Sitting_With_Movement
2021-11-02 10:20:24.625000,Sitting_With_Movement
2021-11-02 10:20:30.787500,Sitting_With_Movement
2021-11-02 10:20:36.937500,Sitting_With_Movement
2021-11-02 10:20:43.087500,Sitting_With_Movement
2021-11-02 10:20:49.237500,Sitting_With_Movement
2021-11-02 10:20:55.400000,Sitting_With_Movement
2021-11-02 10:21:01.550000,Sitting_With_Movement
2021-11-02 10:21:07.700000,Sitting_With_Movement
2021-11-02 10:21:13.862500,Sitting_With_Movement
2021-11-02 10:21:20.012500,Sitting_With_Movement
2021-11-02 10:21:26.162500,Sitting_With_Movement
2021-11-02 10:21:32.325000,Sitting_With_Movement
2021-11-02 10:21:38.475000,Sitting_With_Movement
2021-11-02 10:21:44.625000,Sitting_With_Movement
2021-11-02 10:21:50.787500,Sitting_With_Movement
2021-11-02 10:21:56.937500,Sitting_With_Movement
2021-11-02 10:22:03.087500,Sitting_With_Movement
2021-11-02 10:22:09.237500,Sitting_With_Movement
2021-11-02 10:22:15.400000,Sitting_With_Movement
2021-11-02 10:22:21.550000,Sitting_With_Movement
2021-11-02 10:22:27.700000,Sitting_With_Movement
2021-11-02 10:22:33.862500,Sitting_With_Movement
2021-11-02 10:22:40.012500,Sitting_With_Movement
2021-11-02 10:22:46.162500,Sitting_With_Movement
2021-11-02 10:22:52.325000,Sitting_With_Movement
2021-11-02 10:22:58.475000,Sitting_With_Movement
2021-11-02 10:23:04.625000,Sitting_With_Movement
2021-11-02 10:23:10.787500,Sitting_With_Movement
2021-11-02 10:23:16.937500,Sitting_With_Movement
2021-11-02 10:23:23.087500,Sitting_With_Movement
2021-11-02 10:23:29.237500,Sitting_With_Movement
2021-11-02 10:23:35.400000,Sitting_With_Movement
2021-11-02 10:23:41.550000,Sitting_With_Movement
2021-11-02 10:23:47.700000,Sitting_With_Movement
2021-11-02 10:23:53.862500,Sitting_With_Movement
2021-11-02 10:24:00.012500,Sitting_With_Movement
2021-11-02 10:24:06.162500,Sitting_With_Movement
2021-11-02 10:24:12.325000,Sitting_With_Movement
2021-11-02 10:24:18.475000,Sitting_With_Movement
2021-11-02 10:24:24.625000,Sitting_With_Movement
2021-11-02 10:24:30.787500,Sitting_With_Movement
2021-11-02 10:24:36.937500,Sitting_With_Movement
2021-11-02 10:24:43.087500,Sitting_With_Movement
2021-11-02 10:24:49.237500,Sitting_With_Movement
2021-11-02 10:24:55.400000,Sitting_With_Movement
2021-11-02 10:25:01.550000,Sitting_With_Movement
2021-11-02 10:25:07.700000,Sitting_With_Movement
2021-11-02 10:25:13.862500,Sitting_With_Movement
2021-11-02 10:25:20.012500,Sitting_With_Movement
2021-11-02 10:25:26.162500,Sitting_With_Movement
2021-11-02 10:25:32.325000,Sitting_With_Movement
2021-11-02 10:25:38.475000,Sitting_With_Movement
2021-11-02 10:25:44.625000,Sitting_With_Movement
2021-11-02 10:25:50.787500,Sitting_With_Movement
2021-11-02 10:25:56.937500,Sitting_With_Movement
2021-11-02 10:26:03.087500,Sitting_With_Movement
2021-11-02 10:26:09.250000,Sitting_With_Movement
2021-11-02 10:26:15.400000,Sitting_With_Movement
2021-11-02 10:26:21.550000,Sitting_With_Movement
2021-11-02 10:26:27.700000,Sitting_With_Movement
2021-11-02 10:26:33.862500,Sitting_With_Movement
2021-11-02 10:26:40.012500,Sitting_With_Movement
2021-11-02 10:26:46.162500,Sitting_With_Movement
2021-11-02 10:26:52.325000,Sitting_With_Movement
2021-11-02 10:26:58.475000,Sitting_With_Movement
2021-11-02 10:27:04.625000,Sitting_With_Movement
2021-11-02 10:27:10.787500,Sitting_With_Movement
2021-11-02 10:27:16.937500,Sitting_With_Movement
2021-11-02 10:27:23.087500,Sitting_With_Movement
2021-11-02 10:27:29.250000,Sitting_With_Movement
2021-11-02 10:27:35.400000,Sitting_With_Movement
2021-11-02 10:27:41.550000,Sitting_With_Movement
2021-11-02 10:27:47.700000,Sitting_With_Movement
2021-11-02 10:27:53.862500,Sitting_With_Movement
2021-11-02 10:28:00.012500,Sitting_With_Movement
2021-11-02 10:28:06.162500,Sitting_With_Movement
2021-11-02 10:28:12.325000,Sitting_With_Movement
2021-11-02 10:28:18.475000,Sitting_With_Movement
2021-11-02 10:28:24.625000,Sitting_With_Movement
2021-11-02 10:28:30.787500,Sitting_With_Movement
2021-11-02 10:28:36.937500,Sitting_With_Movement
2021-11-02 10:28:43.087500,Sitting_With_Movement
2021-11-02 10:28:49.250000,Sitting_With_Movement
2021-11-02 10:28:55.400000,Sitting_With_Movement
2021-11-02 10:29:01.550000,Sitting_With_Movement
2021-11-02 10:29:07.700000,Sitting_With_Movement
2021-11-02 10:29:13.862500,Sitting_With_Movement
2021-11-02 10:29:20.012500,Sitting_With_Movement
2021-11-02 10:29:26.162500,Sitting_With_Movement
2021-11-02 10:29:32.325000,Sitting_With_Movement
2021-11-02 10:29:38.475000,Sitting_With_Movement
2021-11-02 10:29:44.625000,Sitting_With_Movement
2021-11-02 10:29:50.787500,Sitting_With_Movement
2021-11-02 10:29:56.937500,Sitting_With_Movement
2021-11-02 10:30:03.087500,Sitting_With_Movement
2021-11-02 10:30:09.250000,Sitting_With_Movement
2021-11-02 10:30:15.400000,Sitting_With_Movement
2021-11-02 10:30:21.550000,Sitting_With_Movement
2021-11-02 10:30:27.700000,Sitting_With_Movement
2021-11-02 10:30:33.862500,Sitting_With_Movement
2021-11-02 10:30:40.012500,Sitting_With_Movement
2021-11-02 10:30:46.162500,Sitting_With_Movement
2021-11-02 10:30:52.325000,Sitting_With_Movement
2021-11-02 10:30:58.475000,Sitting_With_Movement
2021-11-02 10:31:04.625000,Sitting_With_Movement
2021-11-02 10:31:10.787500,Sitting_With_Movement
2021-11-02 10:31:16.937500,Sitting_With_Movement
2021-11-02 10:31:23.087500,Sitting_With_Movement
2021-11-02 10:31:29.250000,Sitting_With_Movement
2021-11-02 10:31:35.400000,Sitting_With_Movement
2021-11-02 10:31:41.550000,Sitting_With_Movement
2021-11-02 10:31:47.700000,Sitting_With_Movement
2021-11-02 10:31:53.862500,Sitting_With_Movement
2021-11-02 10:32:00.012500,Sitting_With_Movement
2021-11-02 10:32:06.162500,Sitting_With_Movement
2021-11-02 10:32:12.325000,Sitting_With_Movement
2021-11-02 10:32:18.475000,Sitting_With_Movement
2021-11-02 10:32:24.625000,Sitting_With_Movement
2021-11-02 10:32:30.787500,Sitting_With_Movement
2021-11-02 10:32:36.937500,Sitting_With_Movement
2021-11-02 10:32:43.087500,Sitting_With_Movement
2021-11-02 10:32:49.250000,Sitting_With_Movement
2021-11-02 10:32:55.400000,Sitting_With_Movement
2021-11-02 10:33:01.550000,Sitting_With_Movement
2021-11-02 10:33:07.700000,Sitting_With_Movement
2021-11-02 10:33:13.862500,Sitting_With_Movement
2021-11-02 10:33:20.012500,Sitting_With_Movement
2021-11-02 10:33:26.162500,Sitting_With_Movement
2021-11-02 10:33:32.325000,Sitting_With_Movement
2021-11-02 10:33:38.475000,Sitting_With_Movement
2021-11-02 10:33:44.625000,Sitting_With_Movement
2021-11-02 10:33:50.787500,Sitting_With_Movement
2021-11-02 10:33:56.937500,Sitting_With_Movement
2021-11-02 10:34:03.087500,Sitting_With_Movement
2021-11-02 10:34:09.250000,Sitting_With_Movement
2021-11-02 10:34:15.400000,Sitting_With_Movement
2021-11-02 10:34:21.550000,Sitting_With_Movement
2021-11-02 10:34:27.700000,Sitting_With_Movement
2021-11-02 10:34:33.862500,Sitting_With_Movement
2021-11-02 10:34:40.012500,Sitting_With_Movement
2021-11-02 10:34:46.162500,Sitting_With_Movement
2021-11-02 10:34:52.325000,Sitting_With_Movement
2021-11-02 10:34:58.475000,Sitting_With_Movement
2021-11-02 10:35:04.625000,Sitting_With_Movement
2021-11-02 10:35:10.787500,Sitting_With_Movement
2021-11-02 10:35:16.937500,Sitting_With_Movement
2021-11-02 10:35:23.087500,Sitting_With_Movement
2021-11-02 10:35:29.250000,Sitting_With_Movement
2021-11-02 10:35:35.400000,Sitting_With_Movement
2021-11-02 10:35:41.550000,Sitting_With_Movement
2021-11-02 10:35:47.700000,Sitting_With_Movement
2021-11-02 10:35:53.862500,Sitting_With_Movement
2021-11-02 10:36:00.012500,Sitting_With_Movement
2021-11-02 10:36:06.162500,Sitting_With_Movement
2021-11-02 10:36:12.325000,Sitting_With_Movement
2021-11-02 10:36:18.475000,Sitting_With_Movement
2021-11-02 10:36:24.625000,Sitting_With_Movement
2021-11-02 10:36:30.787500,Sitting_With_Movement
2021-11-02 10:36:36.937500,Sitting_With_Movement
2021-11-02 10:36:43.087500,Sitting_With_Movement
2021-11-02 10:36:49.250000,Sitting_With_Movement
2021-11-02 10:36:55.400000,Sitting_With_Movement
2021-11-02 10:37:01.550000,Sitting_With_Movement
2021-11-02 10:37:07.700000,Sitting_With_Movement
2021-11-02 10:37:13.862500,Sitting_With_Movement
2021-11-02 10:37:20.012500,Sitting_With_Movement
2021-11-02 10:37:26.162500,Sitting_With_Movement
2021-11-02 10:37:32.325000,Sitting_With_Movement
2021-11-02 10:37:38.475000,Sitting_With_Movement
2021-11-02 10:37:44.625000,Sitting_With_Movement
2021-11-02 10:37:50.787500,Sitting_With_Movement
2021-11-02 10:37:56.937500,Sitting_With_Movement
2021-11-02 10:38:03.087500,Sitting_With_Movement
2021-11-02 10:38:09.250000,Sitting_With_Movement
2021-11-02 10:38:15.400000,Sitting_With_Movement
2021-11-02 10:38:21.550000,Sitting_With_Movement
2021-11-02 10:38:27.700000,Sitting_With_Movement
2021-11-02 10:38:33.862500,Sitting_With_Movement
2021-11-02 10:38:40.012500,Sitting_With_Movement
2021-11-02 10:38:46.162500,Sitting_With_Movement
2021-11-02 10:38:52.325000,Sitting_With_Movement
2021-11-02 10:38:58.475000,Sitting_With_Movement
2021-11-02 10:39:04.625000,Sitting_With_Movement
2021-11-02 10:39:10.787500,Sitting_With_Movement
2021-11-02 10:39:16.937500,Sitting_With_Movement
2021-11-02 10:39:23.087500,Sitting_With_Movement
2021-11-02 10:39:29.250000,Sitting_With_Movement
2021-11-02 10:39:35.400000,Sitting_With_Movement
2021-11-02 10:39:41.550000,Sitting_With_Movement
2021-11-02 10:39:47.700000,Sitting_With_Movement
2021-11-02 10:39:53.862500,Sitting_With_Movement
2021-11-02 10:40:00.012500,Sitting_With_Movement
2021-11-02 10:40:06.162500,Sitting_With_Movement
2021-11-02 10:40:12.325000,Sitting_With_Movement
2021-11-02 10:40:18.475000,Sitting_With_Movement
2021-11-02 10:40:24.625000,Sitting_With_Movement
2021-11-02 10:40:30.787500,Sitting_With_Movement
2021-11-02 10:40:36.937500,Sitting_With_Movement
2021-11-02 10:40:43.087500,Sitting_With_Movement
2021-11-02 10:40:49.250000,Sitting_With_Movement
2021-11-02 10:40:55.400000,Sitting_With_Movement
2021-11-02 10:41:01.550000,Sitting_With_Movement
2021-11-02 10:41:07.700000,Sitting_With_Movement
2021-11-02 10:41:13.862500,Sitting_With_Movement
2021-11-02 10:41:20.012500,Sitting_With_Movement
2021-11-02 10:41:26.162500,Sitting_With_Movement
2021-11-02 10:41:32.325000,Sitting_With_Movement
2021-11-02 10:41:38.475000,Sitting_With_Movement
2021-11-02 10:41:44.625000,Sitting_With_Movement
2021-11-02 10:41:50.787500,Sitting_With_Movement
2021-11-02 10:41:56.937500,Sitting_With_Movement
2021-11-02 10:42:03.087500,Sitting_With_Movement
2021-11-02 10:42:09.250000,Sitting_With_Movement
2021-11-02 10:42:15.400000,Sitting_With_Movement
2021-11-02 10:42:21.550000,Sitting_With_Movement
2021-11-02 10:42:27.700000,Sitting_With_Movement
2021-11-02 10:42:33.862500,Sitting_With_Movement
2021-11-02 10:42:40.012500,Sitting_With_Movement
2021-11-02 10:42:46.162500,Sitting_With_Movement
2021-11-02 10:42:52.325000,Sitting_With_Movement
2021-11-02 10:42:58.475000,Sitting_With_Movement
2021-11-02 10:43:04.625000,Sitting_With_Movement
2021-11-02 10:43:10.787500,Sitting_With_Movement
2021-11-02 10:43:16.937500,Sitting_With_Movement
2021-11-02 10:43:23.087500,Sitting_With_Movement
2021-11-02 10:43:29.250000,Sitting_With_Movement
2021-11-02 10:43:35.400000,Sitting_With_Movement
2021-11-02 10:43:41.550000,Sitting_With_Movement
2021-11-02 10:43:47.700000,Sitting_With_Movement
2021-11-02 10:43:53.862500,Sitting_With_Movement
2021-11-02 10:44:00.012500,Sitting_With_Movement
2021-11-02 10:44:06.162500,Sitting_With_Movement
2021-11-02 10:44:12.325000,Sitting_With_Movement
2021-11-02 10:44:18.475000,Sitting_With_Movement
2021-11-02 10:44:24.625000,Sitting_With_Movement
2021-11-02 10:44:30.787500,Sitting_With_Movement
2021-11-02 10:44:36.937500,Sitting_With_Movement
2021-11-02 10:44:43.087500,Sitting_With_Movement
2021-11-02 10:44:49.250000,Sitting_With_Movement
2021-11-02 10:44:55.400000,Sitting_With_Movement
2021-11-02 10:45:01.550000,Sitting_With_Movement
2021-11-02 10:45:07.700000,Sitting_With_Movement
2021-11-02 10:45:13.862500,Sitting_With_Movement
2021-11-02 10:45:20.012500,Sitting_With_Movement
2021-11-02 10:45:26.162500,Sitting_With_Movement
2021-11-02 10:45:32.325000,Sitting_With_Movement
2021-11-02 10:45:38.475000,Sitting_With_Movement
2021-11-02 10:45:44.625000,Sitting_With_Movement
2021-11-02 10:45:50.787500,Sitting_With_Movement
2021-11-02 10:45:56.937500,Sitting_With_Movement
2021-11-02 10:46:03.087500,Sitting_With_Movement
2021-11-02 10:46:09.250000,Sitting_With_Movement
2021-11-02 10:46:15.400000,Sitting_With_Movement
2021-11-02 10:46:21.550000,Sitting_With_Movement
2021-11-02 10:46:27.700000,Sitting_With_Movement
2021-11-02 10:46:33.862500,Sitting_With_Movement
2021-11-02 10:46:40.012500,Sitting_With_Movement
2021-11-02 10:46:46.162500,Sitting_With_Movement
2021-11-02 10:46:52.325000,Sitting_With_Movement
2021-11-02 10:46:58.475000,Sitting_With_Movement
2021-11-02 10:47:04.625000,Sitting_With_Movement
2021-11-02 10:47:10.787500,Sitting_With_Movement
2021-11-02 10:47:16.937500,Sitting_With_Movement
2021-11-02 10:47:23.087500,Sitting_With_Movement
2021-11-02 10:47:29.250000,Sitting_With_Movement
2021-11-02 10:47:35.400000,Sitting_With_Movement
2021-11-02 10:47:41.550000,Sitting_With_Movement
2021-11-02 10:47:47.700000,Sitting_With_Movement
2021-11-02 10:47:53.862500,Sitting_With_Movement
2021-11-02 10:48:00.012500,Sitting_With_Movement
2021-11-02 10:48:06.162500,Sitting_With_Movement
2021-11-02 10:48:12.325000,Sitting_With_Movement
2021-11-02 10:48:18.475000,Sitting_With_Movement
2021-11-02 10:48:24.625000,Sitting_With_Movement
2021-11-02 10:48:30.787500,Sitting_With_Movement
2021-11-02 10:48:36.937500,Sitting_With_Movement
2021-11-02 10:48:43.087500,Sitting_With_Movement
2021-11-02 10:48:49.250000,Sitting_With_Movement
2021-11-02 10:48:55.400000,Sitting_With_Movement
2021-11-02 10:49:01.550000,Sitting_With_Movement
2021-11-02 10:49:07.700000,Sitting_With_Movement
2021-11-02 10:49:13.862500,Sitting_With_Movement
2021-11-02 10:49:20.012500,Sitting_With_Movement
2021-11-02 10:49:26.162500,Sitting_With_Movement
2021-11-02 10:49:32.325000,Sitting_With_Movement
2021-11-02 10:49:38.475000,Sitting_With_Movement
2021-11-02 10:49:44.625000,Sitting_With_Movement
2021-11-02 10:49:50.787500,Sitting_With_Movement
2021-11-02 10:49:56.937500,Sitting_With_Movement
2021-11-02 10:50:03.087500,Sitting_With_Movement
2021-11-02 10:50:09.250000,Sitting_With_Movement
2021-11-02 10:50:15.400000,Sitting_With_Movement
2021-11-02 10:50:21.550000,Sitting_With_Movement
2021-11-02 10:50:27.700000,Sitting_With_Movement
2021-11-02 10:50:33.862500,Sitting_With_Movement
2021-11-02 10:50:40.012500,Sitting_With_Movement
2021-11-02 10:50:46.162500,Sitting_With_Movement
2021-11-02 10:50:52.325000,Sitting_With_Movement
2021-11-02 10:50:58.475000,Sitting_With_Movement
2021-11-02 10:51:04.625000,Sitting_With_Movement
2021-11-02 10:51:10.787500,Sitting_With_Movement
2021-11-02 10:51:16.937500,Sitting_With_Movement
2021-11-02 10:51:23.087500,Sitting_With_Movement
2021-11-02 10:51:29.250000,Sitting_With_Movement
2021-11-02 10:51:35.400000,Sitting_With_Movement
2021-11-02 10:51:41.550000,Sitting_With_Movement
2021-11-02 10:51:47.700000,Sitting_With_Movement
2021-11-02 10:51:53.862500,Sitting_With_Movement
2021-11-02 10:52:00.012500,Sitting_With_Movement
2021-11-02 10:52:06.162500,Sitting_With_Movement
2021-11-02 10:52:12.325000,Sitting_With_Movement
2021-11-02 10:52:18.475000,Sitting_With_Movement
2021-11-02 10:52:24.625000,Sitting_With_Movement
2021-11-02 10:52:30.787500,Sitting_With_Movement
2021-11-02 10:52:36.937500,Sitting_With_Movement
2021-11-02 10:52:43.087500,Sitting_With_Movement
2021-11-02 10:52:49.250000,Sitting_With_Movement
2021-11-02 10:52:55.400000,Sitting_With_Movement
2021-11-02 10:53:01.550000,Sitting_With_Movement
2021-11-02 10:53:07.700000,Sitting_With_Movement
2021-11-02 10:53:13.862500,Sitting_With_Movement
2021-11-02 10:53:20.012500,Sitting_With_Movement
2021-11-02 10:53:26.162500,Sitting_With_Movement
2021-11-02 10:53:32.325000,Sitting_With_Movement
2021-11-02 10:53:38.475000,Sitting_With_Movement
2021-11-02 10:53:44.625000,Sitting_With_Movement
2021-11-02 10:53:50.787500,Sitting_With_Movement
2021-11-02 10:53:56.937500,Sitting_With_Movement
2021-11-02 10:54:03.087500,Sitting_With_Movement
2021-11-02 10:54:09.250000,Sitting_With_Movement
2021-11-02 10:54:15.400000,Sitting_With_Movement
2021-11-02 10:54:21.550000,Sitting_With_Movement
2021-11-02 10:54:27.700000,Sitting_With_Movement
2021-11-02 10:54:33.862500,Sitting_With_Movement
2021-11-02 10:54:40.012500,Sitting_With_Movement
2021-11-02 10:54:46.162500,Sitting_With_Movement
2021-11-02 10:54:52.325000,Sitting_With_Movement
2021-11-02 10:54:58.475000,Sitting_With_Movement
2021-11-02 10:55:04.625000,Sitting_With_Movement
2021-11-02 10:55:10.787500,Sitting_With_Movement
2021-11-02 10:55:16.937500,Sitting_With_Movement
2021-11-02 10:55:23.087500,Sitting_With_Movement
2021-11-02 10:55:29.250000,Sitting_With_Movement
2021-11-02 10:55:35.400000,Sitting_With_Movement
2021-11-02 10:55:41.550000,Sitting_With_Movement
2021-11-02 10:55:47.700000,Sitting_With_Movement
2021-11-02 10:55:53.862500,Sitting_With_Movement
2021-11-02 10:56:00.012500,Sitting_With_Movement
2021-11-02 10:56:06.162500,Sitting_With_Movement
2021-11-02 10:56:12.325000,Sitting_With_Movement
2021-11-02 10:56:18.475000,Sitting_With_Movement
2021-11-02 10:56:24.625000,Sitting_With_Movement
2021-11-02 10:56:30.787500,Sitting_With_Movement
2021-11-02 10:56:36.937500,Sitting_With_Movement
2021-11-02 10:56:43.087500,Sitting_With_Movement
2021-11-02 10:56:49.250000,Sitting_With_Movement
2021-11-02 10:56:55.400000,Sitting_With_Movement
2021-11-02 10:57:01.550000,Sitting_With_Movement
2021-11-02 10:57:07.700000,Sitting_With_Movement
2021-11-02 10:57:13.862500,Sitting_With_Movement
2021-11-02 10:57:20.012500,Sitting_With_Movement
2021-11-02 10:57:26.162500,Sitting_With_Movement
2021-11-02 10:57:32.325000,Sitting_With_Movement
2021-11-02 10:57:38.475000,Sitting_With_Movement
2021-11-02 10:57:44.625000,Sitting_With_Movement
2021-11-02 10:57:50.787500,Sitting_With_Movement
2021-11-02 10:57:56.937500,Sitting_With_Movement
2021-11-02 10:58:03.087500,Sitting_With_Movement
2021-11-02 10:58:09.250000,Sitting_With_Movement
2021-11-02 10:58:15.400000,Sitting_With_Movement
2021-11-02 10:58:21.550000,Sitting_With_Movement
2021-11-02 10:58:27.700000,Sitting_With_Movement
2021-11-02 10:58:33.862500,Sitting_With_Movement
2021-11-02 10:58:40.012500,Sitting_With_Movement
2021-11-02 10:58:46.162500,Sitting_With_Movement
2021-11-02 10:58:52.325000,Sitting_With_Movement
2021-11-02 10:58:58.475000,Sitting_With_Movement
2021-11-02 10:59:04.625000,Sitting_With_Movement
2021-11-02 10:59:10.787500,Sitting_With_Movement
2021-11-02 10:59:16.937500,Sitting_With_Movement
2021-11-02 10:59:23.087500,Sitting_With_Movement
2021-11-02 10:59:29.250000,Sitting_With_Movement
2021-11-02 10:59:35.400000,Sitting_With_Movement
2021-11-02 10:59:41.550000,Sitting_With_Movement
2021-11-02 10:59:47.700000,Sitting_With_Movement
2021-11-02 10:59:53.862500,Sitting_With_Movement
2021-11-02 11:00:00.012500,Sitting_With_Movement
2021-11-02 11:00:06.162500,Sitting_With_Movement
2021-11-02 11:00:12.325000,Sitting_With_Movement
2021-11-02 11:00:18.475000,Sitting_With_Movement
2021-11-02 11:00:24.625000,Sitting_With_Movement
2021-11-02 11:00:30.787500,Sitting_With_Movement
2021-11-02 11:00:36.937500,Sitting_With_Movement
2021-11-02 11:00:43.087500,Sitting_With_Movement
2021-11-02 11:00:49.250000,Sitting_With_Movement
2021-11-02 11:00:55.400000,Sitting_With_Movement
2021-11-02 11:01:01.550000,Sitting_With_Movement
2021-11-02 11:01:07.700000,Sitting_With_Movement
2021-11-02 11:01:13.862500,Sitting_With_Movement
2021-11-02 11:01:20.012500,Sitting_With_Movement
2021-11-02 11:01:26.162500,Sitting_With_Movement
2021-11-02 11:01:32.325000,Sitting_With_Movement
2021-11-02 11:01:38.475000,Sitting_With_Movement
2021-11-02 11:01:44.625000,Sitting_With_Movement
2021-11-02 11:01:50.787500,Sitting_With_Movement
2021-11-02 11:01:56.937500,Sitting_With_Movement
2021-11-02 11:02:03.087500,Sitting_With_Movement
2021-11-02 11:02:09.250000,Sitting_With_Movement
2021-11-02 11:02:15.400000,Sitting_With_Movement
2021-11-02 11:02:21.550000,Sitting_With_Movement
2021-11-02 11:02:27.700000,Sitting_With_Movement
2021-11-02 11:02:33.862500,Sitting_With_Movement
2021-11-02 11:02:40.012500,Sitting_With_Movement
2021-11-02 11:02:46.162500,Sitting_With_Movement
2021-11-02 11:02:52.325000,Sitting_With_Movement
2021-11-02 11:02:58.475000,Sitting_With_Movement
2021-11-02 11:03:04.625000,Sitting_With_Movement
2021-11-02 11:03:10.787500,Sitting_With_Movement
2021-11-02 11:03:16.937500,Sitting_With_Movement
2021-11-02 11:03:23.087500,Sitting_With_Movement
2021-11-02 11:03:29.250000,Sitting_With_Movement
2021-11-02 11:03:35.400000,Sitting_With_Movement
2021-11-02 11:03:41.550000,Sitting_With_Movement
2021-11-02 11:03:47.700000,Sitting_With_Movement
2021-11-02 11:03:53.862500,Sitting_With_Movement
2021-11-02 11:04:00.012500,Sitting_With_Movement
2021-11-02 11:04:06.162500,Sitting_With_Movement
2021-11-02 11:04:12.325000,Sitting_With_Movement
2021-11-02 11:04:18.475000,Sitting_With_Movement
2021-11-02 11:04:24.625000,Sitting_With_Movement
2021-11-02 11:04:30.787500,Sitting_With_Movement
2021-11-02 11:04:36.937500,Sitting_With_Movement
2021-11-02 11:04:43.087500,Sitting_With_Movement
2021-11-02 11:04:49.250000,Sitting_With_Movement
2021-11-02 11:04:55.400000,Sitting_With_Movement
2021-11-02 11:05:01.550000,Sitting_With_Movement
2021-11-02 11:05:07.700000,Sitting_With_Movement
2021-11-02 11:05:13.862500,Sitting_With_Movement
2021-11-02 11:05:20.012500,Sitting_With_Movement
2021-11-02 11:05:26.162500,Sitting_With_Movement
2021-11-02 11:05:32.325000,Sitting_With_Movement
2021-11-02 11:05:38.475000,Sitting_With_Movement
2021-11-02 11:05:44.625000,Sitting_With_Movement
2021-11-02 11:05:50.787500,Sitting_With_Movement
2021-11-02 11:05:56.937500,Sitting_With_Movement
2021-11-02 11:06:03.087500,Sitting_With_Movement
2021-11-02 11:06:09.250000,Sitting_With_Movement
2021-11-02 11:06:15.400000,Sitting_With_Movement
2021-11-02 11:06:21.550000,Sitting_With_Movement
2021-11-02 11:06:27.700000,Sitting_With_Movement
2021-11-02 11:06:33.862500,Sitting_With_Movement
2021-11-02 11:06:40.012500,Sitting_With_Movement
2021-11-02 11:06:46.162500,Sitting_With_Movement
2021-11-02 11:06:52.325000,Sitting_With_Movement
2021-11-02 11:06:58.475000,Sitting_With_Movement
2021-11-02 11:07:04.625000,Sitting_With_Movement
2021-11-02 11:07:10.787500,Sitting_With_Movement
2021-11-02 11:07:16.937500,Sitting_With_Movement
2021-11-02 11:07:23.087500,Sitting_With_Movement
2021-11-02 11:07:29.250000,Sitting_With_Movement
2021-11-02 11:07:35.400000,Sitting_With_Movement
2021-11-02 11:07:41.550000,Sitting_With_Movement
2021-11-02 11:07:47.700000,Sitting_With_Movement
2021-11-02 11:07:53.862500,Sitting_With_Movement
2021-11-02 11:08:00.012500,Sitting_With_Movement
2021-11-02 11:08:06.162500,Sitting_With_Movement
2021-11-02 11:08:12.325000,Sitting_With_Movement
2021-11-02 11:08:18.475000,Sitting_With_Movement
2021-11-02 11:08:24.625000,Sitting_With_Movement
2021-11-02 11:08:30.787500,Sitting_With_Movement
2021-11-02 11:08:36.937500,Sitting_With_Movement
2021-11-02 11:08:43.087500,Sitting_With_Movement
2021-11-02 11:08:49.250000,Sitting_With_Movement
2021-11-02 11:08:55.400000,Sitting_With_Movement
2021-11-02 11:09:01.550000,Sitting_With_Movement
2021-11-02 11:09:07.700000,Sitting_With_Movement
2021-11-02 11:09:13.862500,Sitting_With_Movement
2021-11-02 11:09:20.012500,Sitting_With_Movement
2021-11-02 11:09:26.162500,Sitting_With_Movement
2021-11-02 11:09:32.325000,Sitting_With_Movement
2021-11-02 11:09:38.475000,Sitting_With_Movement
2021-11-02 11:09:44.625000,Sitting_With_Movement
2021-11-02 11:09:50.787500,Sitting_With_Movement
2021-11-02 11:09:56.937500,Sitting_With_Movement
2021-11-02 11:10:03.087500,Sitting_With_Movement
2021-11-02 11:10:09.250000,Sitting_With_Movement
2021-11-02 11:10:15.400000,Sitting_With_Movement
2021-11-02 11:10:21.550000,Sitting_With_Movement
2021-11-02 11:10:27.700000,Sitting_With_Movement
2021-11-02 11:10:33.862500,Sitting_With_Movement
2021-11-02 11:10:40.012500,Sitting_With_Movement
2021-11-02 11:10:46.162500,Sitting_With_Movement
2021-11-02 11:10:52.325000,Sitting_With_Movement
2021-11-02 11:10:58.475000,Sitting_With_Movement
2021-11-02 11:11:04.625000,Sitting_With_Movement
2021-11-02 11:11:10.787500,Sitting_With_Movement
2021-11-02 11:11:16.937500,Sitting_With_Movement
2021-11-02 11:11:23.087500,Sitting_With_Movement
2021-11-02 11:11:29.250000,Sitting_With_Movement
2021-11-02 11:11:35.400000,Sitting_With_Movement
2021-11-02 11:11:41.550000,Sitting_With_Movement
2021-11-02 11:11:47.700000,Sitting_With_Movement
2021-11-02 11:11:53.862500,Sitting_With_Movement
2021-11-02 11:12:00.012500,Sitting_With_Movement
2021-11-02 11:12:06.162500,Sitting_With_Movement
2021-11-02 11:12:12.325000,Sitting_With_Movement
2021-11-02 11:12:18.475000,Sitting_With_Movement
2021-11-02 11:12:24.625000,Sitting_With_Movement
2021-11-02 11:12:30.787500,Sitting_With_Movement
2021-11-02 11:12:36.937500,Sitting_With_Movement
2021-11-02 11:12:43.087500,Sitting_With_Movement
2021-11-02 11:12:49.250000,Sitting_With_Movement
2021-11-02 11:12:55.400000,Sitting_With_Movement
2021-11-02 11:13:01.550000,Sitting_With_Movement
2021-11-02 11:13:07.700000,Sitting_With_Movement
2021-11-02 11:13:13.862500,Sitting_With_Movement
2021-11-02 11:13:20.012500,Sitting_With_Movement
2021-11-02 11:13:26.162500,Sitting_With_Movement
2021-11-02 11:13:32.325000,Sitting_With_Movement
2021-11-02 11:13:38.475000,Sitting_With_Movement
2021-11-02 11:13:44.625000,Sitting_With_Movement
2021-11-02 11:13:50.787500,Sitting_With_Movement
2021-11-02 11:13:56.937500,Sitting_With_Movement
2021-11-02 11:14:03.087500,Sitting_With_Movement
2021-11-02 11:14:09.250000,Sitting_With_Movement
2021-11-02 11:14:15.400000,Sitting_With_Movement
2021-11-02 11:14:21.550000,Sitting_With_Movement
2021-11-02 11:14:27.700000,Sitting_With_Movement
2021-11-02 11:14:33.862500,Sitting_With_Movement
2021-11-02 11:14:40.012500,Sitting_With_Movement
2021-11-02 11:14:46.162500,Sitting_With_Movement
2021-11-02 11:14:52.325000,Sitting_With_Movement
2021-11-02 11:14:58.475000,Sitting_With_Movement
2021-11-02 11:15:04.625000,Sitting_With_Movement
2021-11-02 11:15:10.787500,Sitting_With_Movement
2021-11-02 11:15:16.937500,Sitting_With_Movement
2021-11-02 11:15:23.087500,Sitting_With_Movement
2021-11-02 11:15:29.250000,Sitting_With_Movement
2021-11-02 11:15:35.400000,Sitting_With_Movement
2021-11-02 11:15:41.550000,Sitting_With_Movement
2021-11-02 11:15:47.700000,Sitting_With_Movement
2021-11-02 11:15:53.862500,Sitting_With_Movement
2021-11-02 11:16:00.012500,Sitting_With_Movement
2021-11-02 11:16:06.162500,Sitting_With_Movement
2021-11-02 11:16:12.325000,Sitting_With_Movement
2021-11-02 11:16:18.475000,Sitting_With_Movement
2021-11-02 11:16:24.625000,Sitting_With_Movement
2021-11-02 11:16:30.787500,Sitting_With_Movement
2021-11-02 11:16:36.937500,Sitting_With_Movement
2021-11-02 11:16:43.087500,Sitting_With_Movement
2021-11-02 11:16:49.250000,Sitting_With_Movement
2021-11-02 11:16:55.400000,Sitting_With_Movement
2021-11-02 11:17:01.550000,Sitting_With_Movement
2021-11-02 11:17:07.700000,Sitting_With_Movement
2021-11-02 11:17:13.862500,Sitting_With_Movement
2021-11-02 11:17:20.012500,Sitting_With_Movement
2021-11-02 11:17:26.162500,Sitting_With_Movement
2021-11-02 11:17:32.325000,Sitting_With_Movement
2021-11-02 11:17:38.475000,Sitting_With_Movement
2021-11-02 11:17:44.625000,Sitting_With_Movement
2021-11-02 11:17:50.787500,Sitting_With_Movement
2021-11-02 11:17:56.937500,Walking
2021-11-02 11:18:03.087500,Walking
2021-11-02 11:18:09.250000,Walking
2021-11-02 11:18:15.400000,Walking
2021-11-02 11:18:21.550000,Walking
2021-11-02 11:18:27.700000,Standing_With_Movement
2021-11-02 11:18:33.862500,PA_Type_Other
2021-11-02 11:18:40.012500,PA_Type_Other
2021-11-02 11:18:46.162500,PA_Type_Other
2021-11-02 11:18:52.325000,PA_Type_Other
2021-11-02 11:18:58.475000,PA_Type_Other
2021-11-02 11:19:04.625000,Puttering_Around
2021-11-02 11:19:10.787500,PA_Type_Video_Unavailable/Indecipherable
2021-11-02 11:19:16.937500,PA_Type_Video_Unavailable/Indecipherable
2021-11-02 11:19:23.087500,PA_Type_Video_Unavailable/Indecipherable
2021-11-02 11:19:29.250000,PA_Type_Video_Unavailable/Indecipherable
2021-11-02 11:19:35.400000,PA_Type_Video_Unavailable/Indecipherable
2021-11-02 11:19:41.550000,PA_Type_Video_Unavailable/Indecipherable
2021-11-02 11:19:47.700000,PA_Type_Video_Unavailable/Indecipherable
2021-11-02 11:19:53.862500,PA_Type_Video_Unavailable/Indecipherable
2021-11-02 11:20:00.012500,PA_Type_Video_Unavailable/Indecipherable
2021-11-02 11:20:06.162500,PA_Type_Video_Unavailable/Indecipherable
2021-11-02 11:20:12.325000,Walking
2021-11-02 11:20:18.475000,Walking
2021-11-02 11:20:24.625000,Sitting_With_Movement
2021-11-02 11:20:30.787500,Sitting_With_Movement
2021-11-02 11:20:36.937500,Sitting_With_Movement
2021-11-02 11:20:43.087500,Sitting_With_Movement
2021-11-02 11:20:49.250000,Sitting_With_Movement
2021-11-02 11:20:55.400000,Sitting_With_Movement
2021-11-02 11:21:01.550000,Sitting_With_Movement
2021-11-02 11:21:07.700000,Sitting_With_Movement
2021-11-02 11:21:13.862500,Sitting_With_Movement
2021-11-02 11:21:20.012500,Sitting_With_Movement
2021-11-02 11:21:26.162500,Sitting_With_Movement
2021-11-02 11:21:32.325000,Sitting_With_Movement
2021-11-02 11:21:38.475000,Sitting_With_Movement
2021-11-02 11:21:44.625000,Sitting_With_Movement
2021-11-02 11:21:50.787500,Sitting_With_Movement
2021-11-02 11:21:56.937500,Sitting_With_Movement
2021-11-02 11:22:03.087500,Sitting_With_Movement
2021-11-02 11:22:09.250000,Sitting_With_Movement
2021-11-02 11:22:15.400000,Sitting_With_Movement
2021-11-02 11:22:21.550000,Sitting_With_Movement
2021-11-02 11:22:27.700000,Sitting_With_Movement
2021-11-02 11:22:33.862500,Sitting_With_Movement
2021-11-02 11:22:40.012500,Sitting_With_Movement
2021-11-02 11:22:46.162500,Sitting_With_Movement
2021-11-02 11:22:52.325000,Sitting_With_Movement
2021-11-02 11:22:58.475000,Sitting_With_Movement
2021-11-02 11:23:04.625000,Sitting_With_Movement
2021-11-02 11:23:10.787500,Sitting_With_Movement
2021-11-02 11:23:16.937500,Sitting_With_Movement
2021-11-02 11:23:23.087500,Sitting_With_Movement
2021-11-02 11:23:29.250000,Sitting_With_Movement
2021-11-02 11:23:35.400000,Sitting_With_Movement
2021-11-02 11:23:41.550000,Sitting_With_Movement
2021-11-02 11:23:47.700000,Sitting_With_Movement
2021-11-02 11:23:53.862500,Sitting_With_Movement
2021-11-02 11:24:00.012500,Sitting_With_Movement
2021-11-02 11:24:06.162500,Sitting_With_Movement
2021-11-02 11:24:12.325000,Sitting_With_Movement
2021-11-02 11:24:18.475000,Sitting_With_Movement
2021-11-02 11:24:24.625000,PA_Type_Video_Unavailable/Indecipherable
2021-11-02 11:24:30.787500,PA_Type_Video_Unavailable/Indecipherable
2021-11-02 11:24:36.937500,PA_Type_Video_Unavailable/Indecipherable
2021-11-02 11:24:43.087500,PA_Type_Video_Unavailable/Indecipherable
2021-11-02 11:24:49.250000,PA_Type_Video_Unavailable/Indecipherable
2021-11-02 11:24:55.400000,PA_Type_Video_Unavailable/Indecipherable
2021-11-02 11:25:01.550000,PA_Type_Video_Unavailable/Indecipherable
2021-11-02 11:25:07.700000,PA_Type_Video_Unavailable/Indecipherable
2021-11-02 11:25:13.862500,PA_Type_Video_Unavailable/Indecipherable
2021-11-02 11:25:20.012500,PA_Type_Video_Unavailable/Indecipherable
2021-11-02 11:25:26.162500,PA_Type_Video_Unavailable/Indecipherable
2021-11-02 11:25:32.325000,PA_Type_Video_Unavailable/Indecipherable
2021-11-02 11:25:38.475000,PA_Type_Video_Unavailable/Indecipherable
2021-11-02 11:25:44.625000,PA_Type_Video_Unavailable/Indecipherable
2021-11-02 11:25:50.787500,PA_Type_Video_Unavailable/Indecipherable
2021-11-02 11:25:56.937500,PA_Type_Video_Unavailable/Indecipherable
2021-11-02 11:26:03.087500,PA_Type_Video_Unavailable/Indecipherable
2021-11-02 11:26:09.250000,PA_Type_Video_Unavailable/Indecipherable
2021-11-02 11:26:15.400000,PA_Type_Video_Unavailable/Indecipherable
2021-11-02 11:26:21.550000,PA_Type_Video_Unavailable/Indecipherable
2021-11-02 11:26:27.700000,PA_Type_Video_Unavailable/Indecipherable
2021-11-02 11:26:33.862500,PA_Type_Video_Unavailable/Indecipherable
2021-11-02 11:26:40.012500,PA_Type_Video_Unavailable/Indecipherable
2021-11-02 11:26:46.162500,PA_Type_Video_Unavailable/Indecipherable
2021-11-02 11:26:52.325000,PA_Type_Video_Unavailable/Indecipherable
2021-11-02 11:26:58.475000,PA_Type_Video_Unavailable/Indecipherable
2021-11-02 11:27:04.625000,PA_Type_Video_Unavailable/Indecipherable
2021-11-02 11:27:10.787500,PA_Type_Video_Unavailable/Indecipherable
2021-11-02 11:27:16.937500,PA_Type_Video_Unavailable/Indecipherable
2021-11-02 11:27:23.087500,PA_Type_Video_Unavailable/Indecipherable
2021-11-02 11:27:29.250000,PA_Type_Video_Unavailable/Indecipherable
2021-11-02 11:27:35.400000,PA_Type_Video_Unavailable/Indecipherable
2021-11-02 11:27:41.550000,PA_Type_Video_Unavailable/Indecipherable
2021-11-02 11:27:47.700000,PA_Type_Video_Unavailable/Indecipherable
2021-11-02 11:27:53.862500,PA_Type_Video_Unavailable/Indecipherable
2021-11-02 11:28:00.012500,PA_Type_Video_Unavailable/Indecipherable
2021-11-02 11:28:06.162500,PA_Type_Video_Unavailable/Indecipherable
2021-11-02 11:28:12.325000,PA_Type_Video_Unavailable/Indecipherable
2021-11-02 11:28:18.475000,PA_Type_Video_Unavailable/Indecipherable
2021-11-02 11:28:24.625000,PA_Type_Video_Unavailable/Indecipherable
2021-11-02 11:28:30.787500,PA_Type_Video_Unavailable/Indecipherable
2021-11-02 11:28:36.937500,PA_Type_Video_Unavailable/Indecipherable
2021-11-02 11:28:43.087500,PA_Type_Video_Unavailable/Indecipherable
2021-11-02 11:28:49.250000,PA_Type_Video_Unavailable/Indecipherable
2021-11-02 11:28:55.400000,PA_Type_Video_Unavailable/Indecipherable
2021-11-02 11:29:01.550000,PA_Type_Video_Unavailable/Indecipherable
2021-11-02 11:29:07.700000,PA_Type_Video_Unavailable/Indecipherable
2021-11-02 11:29:13.862500,PA_Type_Video_Unavailable/Indecipherable
2021-11-02 11:29:20.012500,PA_Type_Video_Unavailable/Indecipherable
2021-11-02 11:29:26.162500,PA_Type_Video_Unavailable/Indecipherable
2021-11-02 11:29:32.325000,PA_Type_Video_Unavailable/Indecipherable
2021-11-02 11:29:38.475000,PA_Type_Video_Unavailable/Indecipherable
2021-11-02 11:29:44.625000,PA_Type_Video_Unavailable/Indecipherable
2021-11-02 11:29:50.787500,PA_Type_Video_Unavailable/Indecipherable
2021-11-02 11:29:56.937500,PA_Type_Video_Unavailable/Indecipherable
2021-11-02 11:30:03.087500,PA_Type_Video_Unavailable/Indecipherable
2021-11-02 11:30:09.250000,PA_Type_Video_Unavailable/Indecipherable
2021-11-02 11:30:15.400000,PA_Type_Video_Unavailable/Indecipherable
2021-11-02 11:30:21.550000,PA_Type_Video_Unavailable/Indecipherable
2021-11-02 11:30:27.700000,PA_Type_Video_Unavailable/Indecipherable
2021-11-02 11:30:33.862500,PA_Type_Video_Unavailable/Indecipherable
2021-11-02 11:30:40.012500,PA_Type_Video_Unavailable/Indecipherable
2021-11-02 11:30:46.162500,PA_Type_Video_Unavailable/Indecipherable
2021-11-02 11:30:52.325000,PA_Type_Video_Unavailable/Indecipherable
2021-11-02 11:30:58.475000,PA_Type_Video_Unavailable/Indecipherable
2021-11-02 11:31:04.625000,PA_Type_Video_Unavailable/Indecipherable
2021-11-02 11:31:10.787500,PA_Type_Video_Unavailable/Indecipherable
2021-11-02 11:31:16.937500,PA_Type_Video_Unavailable/Indecipherable
2021-11-02 11:31:23.087500,PA_Type_Video_Unavailable/Indecipherable
2021-11-02 11:31:29.250000,PA_Type_Video_Unavailable/Indecipherable
2021-11-02 11:31:35.400000,PA_Type_Video_Unavailable/Indecipherable
2021-11-02 11:31:41.550000,PA_Type_Video_Unavailable/Indecipherable
2021-11-02 11:31:47.700000,PA_Type_Video_Unavailable/Indecipherable
2021-11-02 11:31:53.862500,PA_Type_Video_Unavailable/Indecipherable
2021-11-02 11:32:00.012500,PA_Type_Video_Unavailable/Indecipherable
2021-11-02 11:32:06.162500,PA_Type_Video_Unavailable/Indecipherable
2021-11-02 11:32:12.325000,PA_Type_Video_Unavailable/Indecipherable
2021-11-02 11:32:18.475000,PA_Type_Video_Unavailable/Indecipherable
2021-11-02 11:32:24.625000,PA_Type_Video_Unavailable/Indecipherable
2021-11-02 11:32:30.787500,PA_Type_Video_Unavailable/Indecipherable
2021-11-02 11:32:36.937500,PA_Type_Video_Unavailable/Indecipherable
2021-11-02 11:32:43.087500,PA_Type_Video_Unavailable/Indecipherable
2021-11-02 11:32:49.250000,PA_Type_Video_Unavailable/Indecipherable
2021-11-02 11:32:55.400000,PA_Type_Video_Unavailable/Indecipherable
2021-11-02 11:33:01.550000,PA_Type_Video_Unavailable/Indecipherable
2021-11-02 11:33:07.700000,PA_Type_Video_Unavailable/Indecipherable
2021-11-02 11:33:13.862500,PA_Type_Video_Unavailable/Indecipherable
2021-11-02 11:33:20.012500,PA_Type_Video_Unavailable/Indecipherable
2021-11-02 11:33:26.162500,PA_Type_Video_Unavailable/Indecipherable
2021-11-02 11:33:32.325000,PA_Type_Video_Unavailable/Indecipherable
2021-11-02 11:33:38.475000,PA_Type_Video_Unavailable/Indecipherable
2021-11-02 11:33:44.625000,PA_Type_Video_Unavailable/Indecipherable
2021-11-02 11:33:50.787500,PA_Type_Video_Unavailable/Indecipherable
2021-11-02 11:33:56.937500,PA_Type_Video_Unavailable/Indecipherable
2021-11-02 11:34:03.087500,PA_Type_Video_Unavailable/Indecipherable
2021-11-02 11:34:09.250000,PA_Type_Video_Unavailable/Indecipherable
2021-11-02 11:34:15.400000,PA_Type_Video_Unavailable/Indecipherable
2021-11-02 11:34:21.550000,PA_Type_Video_Unavailable/Indecipherable
2021-11-02 11:34:27.700000,PA_Type_Video_Unavailable/Indecipherable
2021-11-02 11:34:33.862500,PA_Type_Video_Unavailable/Indecipherable
2021-11-02 11:34:40.012500,PA_Type_Video_Unavailable/Indecipherable
2021-11-02 11:34:46.162500,PA_Type_Video_Unavailable/Indecipherable
2021-11-02 11:34:52.325000,PA_Type_Video_Unavailable/Indecipherable
2021-11-02 11:34:58.475000,PA_Type_Video_Unavailable/Indecipherable
2021-11-02 11:35:04.625000,PA_Type_Video_Unavailable/Indecipherable
2021-11-02 11:35:10.787500,PA_Type_Video_Unavailable/Indecipherable
2021-11-02 11:35:16.937500,PA_Type_Video_Unavailable/Indecipherable
2021-11-02 11:35:23.087500,PA_Type_Video_Unavailable/Indecipherable
2021-11-02 11:35:29.250000,PA_Type_Video_Unavailable/Indecipherable
2021-11-02 11:35:35.400000,PA_Type_Video_Unavailable/Indecipherable
2021-11-02 11:35:41.550000,PA_Type_Video_Unavailable/Indecipherable
2021-11-02 11:35:47.700000,PA_Type_Video_Unavailable/Indecipherable
2021-11-02 11:35:53.862500,PA_Type_Video_Unavailable/Indecipherable
2021-11-02 11:36:00.012500,PA_Type_Video_Unavailable/Indecipherable
2021-11-02 11:36:06.162500,PA_Type_Video_Unavailable/Indecipherable
2021-11-02 11:36:12.325000,PA_Type_Video_Unavailable/Indecipherable
2021-11-02 11:36:18.475000,PA_Type_Video_Unavailable/Indecipherable
2021-11-02 11:36:24.625000,PA_Type_Video_Unavailable/Indecipherable
2021-11-02 11:36:30.787500,PA_Type_Video_Unavailable/Indecipherable
2021-11-02 11:36:36.937500,PA_Type_Video_Unavailable/Indecipherable
2021-11-02 11:36:43.087500,PA_Type_Video_Unavailable/Indecipherable
2021-11-02 11:36:49.250000,PA_Type_Video_Unavailable/Indecipherable
2021-11-02 11:36:55.400000,PA_Type_Video_Unavailable/Indecipherable
2021-11-02 11:37:01.550000,PA_Type_Video_Unavailable/Indecipherable
2021-11-02 11:37:07.700000,PA_Type_Video_Unavailable/Indecipherable
2021-11-02 11:37:13.862500,PA_Type_Video_Unavailable/Indecipherable
2021-11-02 11:37:20.012500,PA_Type_Video_Unavailable/Indecipherable
2021-11-02 11:37:26.162500,PA_Type_Video_Unavailable/Indecipherable
2021-11-02 11:37:32.325000,PA_Type_Video_Unavailable/Indecipherable
2021-11-02 11:37:38.475000,PA_Type_Video_Unavailable/Indecipherable
2021-11-02 11:37:44.625000,PA_Type_Video_Unavailable/Indecipherable
2021-11-02 11:37:50.787500,PA_Type_Video_Unavailable/Indecipherable
2021-11-02 11:37:56.937500,PA_Type_Video_Unavailable/Indecipherable
2021-11-02 11:38:03.087500,PA_Type_Video_Unavailable/Indecipherable
2021-11-02 11:38:09.250000,PA_Type_Video_Unavailable/Indecipherable
2021-11-02 11:38:15.400000,PA_Type_Video_Unavailable/Indecipherable
2021-11-02 11:38:21.550000,PA_Type_Video_Unavailable/Indecipherable
2021-11-02 11:38:27.700000,PA_Type_Video_Unavailable/Indecipherable
2021-11-02 11:38:33.862500,PA_Type_Video_Unavailable/Indecipherable
2021-11-02 11:38:40.012500,PA_Type_Video_Unavailable/Indecipherable
2021-11-02 11:38:46.162500,PA_Type_Video_Unavailable/Indecipherable
2021-11-02 11:38:52.325000,PA_Type_Video_Unavailable/Indecipherable
2021-11-02 11:38:58.475000,PA_Type_Video_Unavailable/Indecipherable
2021-11-02 11:39:04.625000,PA_Type_Video_Unavailable/Indecipherable
2021-11-02 11:39:10.787500,PA_Type_Video_Unavailable/Indecipherable
2021-11-02 11:39:16.937500,PA_Type_Video_Unavailable/Indecipherable
2021-11-02 11:39:23.087500,PA_Type_Video_Unavailable/Indecipherable
2021-11-02 11:39:29.250000,PA_Type_Video_Unavailable/Indecipherable
2021-11-02 11:39:35.400000,PA_Type_Video_Unavailable/Indecipherable
2021-11-02 11:39:41.550000,PA_Type_Video_Unavailable/Indecipherable
2021-11-02 11:39:47.712500,PA_Type_Video_Unavailable/Indecipherable
2021-11-02 11:39:53.862500,PA_Type_Video_Unavailable/Indecipherable
2021-11-02 11:40:00.012500,PA_Type_Video_Unavailable/Indecipherable
2021-11-02 11:40:06.162500,PA_Type_Video_Unavailable/Indecipherable
2021-11-02 11:40:12.325000,PA_Type_Video_Unavailable/Indecipherable
2021-11-02 11:40:18.475000,PA_Type_Video_Unavailable/Indecipherable
2021-11-02 11:40:24.625000,PA_Type_Video_Unavailable/Indecipherable
2021-11-02 11:40:30.787500,PA_Type_Video_Unavailable/Indecipherable
2021-11-02 11:40:36.937500,PA_Type_Video_Unavailable/Indecipherable
2021-11-02 11:40:43.087500,PA_Type_Video_Unavailable/Indecipherable
2021-11-02 11:40:49.250000,PA_Type_Video_Unavailable/Indecipherable
2021-11-02 11:40:55.400000,PA_Type_Video_Unavailable/Indecipherable
2021-11-02 11:41:01.550000,PA_Type_Video_Unavailable/Indecipherable
2021-11-02 11:41:07.712500,PA_Type_Video_Unavailable/Indecipherable
2021-11-02 11:41:13.862500,PA_Type_Video_Unavailable/Indecipherable
2021-11-02 11:41:20.012500,PA_Type_Video_Unavailable/Indecipherable
2021-11-02 11:41:26.162500,PA_Type_Video_Unavailable/Indecipherable
2021-11-02 11:41:32.325000,PA_Type_Video_Unavailable/Indecipherable
2021-11-02 11:41:38.475000,PA_Type_Video_Unavailable/Indecipherable
2021-11-02 11:41:44.625000,PA_Type_Video_Unavailable/Indecipherable
2021-11-02 11:41:50.787500,PA_Type_Video_Unavailable/Indecipherable
2021-11-02 11:41:56.937500,PA_Type_Video_Unavailable/Indecipherable
2021-11-02 11:42:03.087500,PA_Type_Video_Unavailable/Indecipherable
2021-11-02 11:42:09.250000,PA_Type_Video_Unavailable/Indecipherable
2021-11-02 11:42:15.400000,PA_Type_Video_Unavailable/Indecipherable
2021-11-02 11:42:21.550000,PA_Type_Video_Unavailable/Indecipherable
2021-11-02 11:42:27.712500,Sitting_With_Movement
2021-11-02 11:42:33.862500,Sitting_With_Movement
2021-11-02 11:42:40.012500,Sitting_With_Movement
2021-11-02 11:42:46.162500,Sitting_With_Movement
2021-11-02 11:42:52.325000,Sitting_With_Movement
2021-11-02 11:42:58.475000,Sitting_With_Movement
2021-11-02 11:43:04.625000,Sitting_With_Movement
2021-11-02 11:43:10.787500,Sitting_With_Movement
2021-11-02 11:43:16.937500,Sitting_With_Movement
2021-11-02 11:43:23.087500,Sitting_With_Movement
2021-11-02 11:43:29.250000,Sitting_With_Movement
2021-11-02 11:43:35.400000,Sitting_With_Movement
2021-11-02 11:43:41.550000,Sitting_With_Movement
2021-11-02 11:43:47.712500,Sitting_With_Movement
2021-11-02 11:43:53.862500,Sitting_With_Movement
2021-11-02 11:44:00.012500,Sitting_With_Movement
2021-11-02 11:44:06.162500,Sitting_With_Movement
2021-11-02 11:44:12.325000,Sitting_With_Movement
2021-11-02 11:44:18.475000,Sitting_With_Movement
2021-11-02 11:44:24.625000,Sitting_With_Movement
2021-11-02 11:44:30.787500,Sitting_With_Movement
2021-11-02 11:44:36.937500,Sitting_With_Movement
2021-11-02 11:44:43.087500,Sitting_With_Movement
2021-11-02 11:44:49.250000,Sitting_With_Movement
2021-11-02 11:44:55.400000,Sitting_With_Movement
2021-11-02 11:45:01.550000,Sitting_With_Movement
2021-11-02 11:45:07.712500,Sitting_With_Movement
2021-11-02 11:45:13.862500,Sitting_With_Movement
2021-11-02 11:45:20.012500,Sitting_With_Movement
2021-11-02 11:45:26.162500,Sitting_With_Movement
2021-11-02 11:45:32.325000,Sitting_With_Movement
2021-11-02 11:45:38.475000,Sitting_With_Movement
2021-11-02 11:45:44.625000,Sitting_With_Movement
2021-11-02 11:45:50.787500,Sitting_With_Movement
2021-11-02 11:45:56.937500,Sitting_With_Movement
2021-11-02 11:46:03.087500,Sitting_With_Movement
2021-11-02 11:46:09.250000,Sitting_With_Movement
2021-11-02 11:46:15.400000,Sitting_With_Movement
2021-11-02 11:46:21.550000,Sitting_With_Movement
2021-11-02 11:46:27.712500,Sitting_With_Movement
2021-11-02 11:46:33.862500,Sitting_With_Movement
2021-11-02 11:46:40.012500,Sitting_With_Movement
2021-11-02 11:46:46.162500,Sitting_With_Movement
2021-11-02 11:46:52.325000,Sitting_With_Movement
2021-11-02 11:46:58.475000,Sitting_With_Movement
2021-11-02 11:47:04.625000,Sitting_With_Movement
2021-11-02 11:47:10.787500,Sitting_With_Movement
2021-11-02 11:47:16.937500,Sitting_With_Movement
2021-11-02 11:47:23.087500,Sitting_With_Movement
2021-11-02 11:47:29.250000,Sitting_With_Movement
2021-11-02 11:47:35.400000,Sitting_With_Movement
2021-11-02 11:47:41.550000,Sitting_With_Movement
2021-11-02 11:47:47.712500,Sitting_With_Movement
2021-11-02 11:47:53.862500,PA_Type_Video_Unavailable/Indecipherable
2021-11-02 11:48:00.012500,PA_Type_Video_Unavailable/Indecipherable
2021-11-02 11:48:06.162500,PA_Type_Video_Unavailable/Indecipherable
2021-11-02 11:48:12.325000,Sitting_With_Movement
2021-11-02 11:48:18.475000,Sitting_With_Movement
2021-11-02 11:48:24.625000,Sitting_With_Movement
2021-11-02 11:48:30.787500,Sitting_With_Movement
2021-11-02 11:48:36.937500,Sitting_With_Movement
2021-11-02 11:48:43.087500,Sitting_With_Movement
2021-11-02 11:48:49.250000,Sitting_With_Movement
2021-11-02 11:48:55.400000,Sitting_With_Movement
2021-11-02 11:49:01.550000,Sitting_With_Movement
2021-11-02 11:49:07.712500,Sitting_With_Movement
2021-11-02 11:49:13.862500,Sitting_With_Movement
2021-11-02 11:49:20.012500,Sitting_With_Movement
2021-11-02 11:49:26.162500,Sitting_With_Movement
2021-11-02 11:49:32.325000,Sitting_With_Movement
2021-11-02 11:49:38.475000,Sitting_With_Movement
2021-11-02 11:49:44.625000,Sitting_With_Movement
2021-11-02 11:49:50.787500,Sitting_With_Movement
2021-11-02 11:49:56.937500,Sitting_With_Movement
2021-11-02 11:50:03.087500,Sitting_With_Movement
2021-11-02 11:50:09.250000,Sitting_With_Movement
2021-11-02 11:50:15.400000,Sitting_With_Movement
2021-11-02 11:50:21.550000,Sitting_With_Movement
2021-11-02 11:50:27.712500,Sitting_With_Movement
2021-11-02 11:50:33.862500,Sitting_With_Movement
2021-11-02 11:50:40.012500,Sitting_With_Movement
2021-11-02 11:50:46.162500,Sitting_With_Movement
2021-11-02 11:50:52.325000,Sitting_With_Movement
2021-11-02 11:50:58.475000,Sitting_With_Movement
2021-11-02 11:51:04.625000,Sitting_With_Movement
2021-11-02 11:51:10.787500,Sitting_With_Movement
2021-11-02 11:51:16.937500,Sitting_With_Movement
2021-11-02 11:51:23.087500,Sitting_With_Movement
2021-11-02 11:51:29.250000,Sitting_With_Movement
2021-11-02 11:51:35.400000,Sitting_With_Movement
2021-11-02 11:51:41.550000,Sitting_With_Movement
2021-11-02 11:51:47.712500,Sitting_With_Movement
2021-11-02 11:51:53.862500,Sitting_With_Movement
2021-11-02 11:52:00.012500,Sitting_With_Movement
2021-11-02 11:52:06.162500,Sitting_With_Movement
2021-11-02 11:52:12.325000,Sitting_With_Movement
2021-11-02 11:52:18.475000,Sitting_With_Movement
2021-11-02 11:52:24.625000,Sitting_With_Movement
2021-11-02 11:52:30.787500,Sitting_With_Movement
2021-11-02 11:52:36.937500,Sitting_With_Movement
2021-11-02 11:52:43.087500,Sitting_With_Movement
2021-11-02 11:52:49.250000,Sitting_With_Movement
2021-11-02 11:52:55.400000,Sitting_With_Movement
2021-11-02 11:53:01.550000,Sitting_With_Movement
2021-11-02 11:53:07.712500,Sitting_With_Movement
2021-11-02 11:53:13.862500,Sitting_With_Movement
2021-11-02 11:53:20.012500,Sitting_With_Movement
2021-11-02 11:53:26.162500,Sitting_With_Movement
2021-11-02 11:53:32.325000,Sitting_With_Movement
2021-11-02 11:53:38.475000,Sitting_With_Movement
2021-11-02 11:53:44.625000,Sitting_With_Movement
2021-11-02 11:53:50.787500,Sitting_With_Movement
2021-11-02 11:53:56.937500,Sitting_With_Movement
2021-11-02 11:54:03.087500,Sitting_With_Movement
2021-11-02 11:54:09.250000,Sitting_With_Movement
2021-11-02 11:54:15.400000,Sitting_With_Movement
2021-11-02 11:54:21.550000,Sitting_With_Movement
2021-11-02 11:54:27.712500,Sitting_With_Movement
2021-11-02 11:54:33.862500,Sitting_With_Movement
2021-11-02 11:54:40.012500,Sitting_With_Movement
2021-11-02 11:54:46.162500,Sitting_With_Movement
2021-11-02 11:54:52.325000,Sitting_With_Movement
2021-11-02 11:54:58.475000,Sitting_With_Movement
2021-11-02 11:55:04.625000,Sitting_With_Movement
2021-11-02 11:55:10.787500,Sitting_With_Movement
2021-11-02 11:55:16.937500,Sitting_With_Movement
2021-11-02 11:55:23.087500,Sitting_With_Movement
2021-11-02 11:55:29.250000,Sitting_With_Movement
2021-11-02 11:55:35.400000,Sitting_With_Movement
2021-11-02 11:55:41.550000,Sitting_With_Movement
2021-11-02 11:55:47.712500,Sitting_With_Movement
2021-11-02 11:55:53.862500,Sitting_With_Movement
2021-11-02 11:56:00.012500,Sitting_With_Movement
2021-11-02 11:56:06.162500,Sitting_With_Movement
2021-11-02 11:56:12.325000,Sitting_With_Movement
2021-11-02 11:56:18.475000,Sitting_With_Movement
2021-11-02 11:56:24.625000,Sitting_With_Movement
2021-11-02 11:56:30.787500,Sitting_With_Movement
2021-11-02 11:56:36.937500,Sitting_With_Movement
2021-11-02 11:56:43.087500,Sitting_With_Movement
2021-11-02 11:56:49.250000,Sitting_With_Movement
2021-11-02 11:56:55.400000,Sitting_With_Movement
2021-11-02 11:57:01.550000,Sitting_With_Movement
2021-11-02 11:57:07.712500,Sitting_With_Movement
2021-11-02 11:57:13.862500,Sitting_With_Movement
2021-11-02 11:57:20.012500,Sitting_With_Movement
2021-11-02 11:57:26.162500,Sitting_With_Movement
2021-11-02 11:57:32.325000,Sitting_With_Movement
2021-11-02 11:57:38.475000,Sitting_With_Movement
2021-11-02 11:57:44.625000,Sitting_With_Movement
2021-11-02 11:57:50.787500,Sitting_With_Movement
2021-11-02 11:57:56.937500,Sitting_With_Movement
2021-11-02 11:58:03.087500,Sitting_With_Movement
2021-11-02 11:58:09.250000,Sitting_With_Movement
2021-11-02 11:58:15.400000,Sitting_With_Movement
2021-11-02 11:58:21.550000,Sitting_With_Movement
2021-11-02 11:58:27.712500,Sitting_With_Movement
2021-11-02 11:58:33.862500,Sitting_With_Movement
2021-11-02 11:58:40.012500,Sitting_With_Movement
2021-11-02 11:58:46.162500,Sitting_With_Movement
2021-11-02 11:58:52.325000,Sitting_With_Movement
2021-11-02 11:58:58.475000,Sitting_With_Movement
2021-11-02 11:59:04.625000,Sitting_With_Movement
2021-11-02 11:59:10.787500,Sitting_With_Movement
2021-11-02 11:59:16.937500,Sitting_With_Movement
2021-11-02 11:59:23.087500,Sitting_With_Movement
2021-11-02 11:59:29.250000,Sitting_With_Movement
2021-11-02 11:59:35.400000,Sitting_With_Movement
2021-11-02 11:59:41.550000,Sitting_With_Movement
2021-11-02 11:59:47.712500,Sitting_With_Movement
2021-11-02 11:59:53.862500,Sitting_With_Movement
2021-11-02 12:00:00.012500,Sitting_With_Movement
2021-11-02 12:00:06.162500,Sitting_With_Movement
2021-11-02 12:00:12.325000,Sitting_With_Movement
2021-11-02 12:00:18.475000,Sitting_With_Movement
2021-11-02 12:00:24.625000,Sitting_With_Movement
2021-11-02 12:00:30.787500,Sitting_With_Movement
2021-11-02 12:00:36.937500,Sitting_With_Movement
2021-11-02 12:00:43.087500,Sitting_With_Movement
2021-11-02 12:00:49.250000,Sitting_With_Movement
2021-11-02 12:00:55.400000,Sitting_With_Movement
2021-11-02 12:01:01.550000,Sitting_With_Movement
2021-11-02 12:01:07.712500,Sitting_With_Movement
2021-11-02 12:01:13.862500,Sitting_With_Movement
2021-11-02 12:01:20.012500,Sitting_With_Movement
2021-11-02 12:01:26.162500,Sitting_With_Movement
2021-11-02 12:01:32.325000,Sitting_With_Movement
2021-11-02 12:01:38.475000,Sitting_With_Movement
2021-11-02 12:01:44.625000,Sitting_With_Movement
2021-11-02 12:01:50.787500,
2021-11-02 12:01:56.937500,Walking
2021-11-02 12:02:03.087500,Walking
2021-11-02 12:02:09.250000,
2021-11-02 12:02:15.400000,Standing_With_Movement
2021-11-02 12:02:21.550000,Standing_With_Movement
2021-11-02 12:02:27.712500,Standing_With_Movement
2021-11-02 12:02:33.862500,Standing_With_Movement
2021-11-02 12:02:40.012500,Standing_With_Movement
2021-11-02 12:02:46.162500,Walking
2021-11-02 12:02:52.325000,Walking
2021-11-02 12:02:58.475000,Sitting_With_Movement
2021-11-02 12:03:04.625000,Sitting_With_Movement
2021-11-02 12:03:10.787500,Sitting_With_Movement
2021-11-02 12:03:16.937500,Sitting_With_Movement
2021-11-02 12:03:23.087500,Sitting_With_Movement
2021-11-02 12:03:29.250000,Sitting_With_Movement
2021-11-02 12:03:35.400000,Sitting_With_Movement
2021-11-02 12:03:41.550000,Sitting_With_Movement
2021-11-02 12:03:47.712500,Sitting_With_Movement
2021-11-02 12:03:53.862500,Sitting_With_Movement
2021-11-02 12:04:00.012500,Sitting_With_Movement
2021-11-02 12:04:06.162500,Sitting_With_Movement
2021-11-02 12:04:12.325000,Sitting_With_Movement
2021-11-02 12:04:18.475000,Sitting_With_Movement
2021-11-02 12:04:24.625000,Sitting_With_Movement
2021-11-02 12:04:30.787500,Sitting_With_Movement
2021-11-02 12:04:36.937500,Sitting_With_Movement
2021-11-02 12:04:43.087500,Sitting_With_Movement
2021-11-02 12:04:49.250000,Sitting_With_Movement
2021-11-02 12:04:55.400000,Sitting_With_Movement
2021-11-02 12:05:01.550000,Sitting_With_Movement
2021-11-02 12:05:07.712500,Sitting_With_Movement
2021-11-02 12:05:13.862500,Sitting_With_Movement
2021-11-02 12:05:20.012500,Sitting_With_Movement
2021-11-02 12:05:26.162500,Sitting_With_Movement
2021-11-02 12:05:32.325000,Sitting_With_Movement
2021-11-02 12:05:38.475000,Sitting_With_Movement
2021-11-02 12:05:44.625000,Sitting_With_Movement
2021-11-02 12:05:50.787500,Sitting_With_Movement
2021-11-02 12:05:56.937500,Sitting_With_Movement
2021-11-02 12:06:03.087500,Sitting_With_Movement
2021-11-02 12:06:09.250000,Sitting_With_Movement
2021-11-02 12:06:15.400000,Sitting_With_Movement
2021-11-02 12:06:21.550000,Sitting_With_Movement
2021-11-02 12:06:27.712500,Sitting_With_Movement
2021-11-02 12:06:33.862500,Sitting_With_Movement
2021-11-02 12:06:40.012500,Sitting_With_Movement
2021-11-02 12:06:46.162500,Sitting_With_Movement
2021-11-02 12:06:52.325000,Sitting_With_Movement
2021-11-02 12:06:58.475000,Sitting_With_Movement
2021-11-02 12:07:04.625000,Sitting_With_Movement
2021-11-02 12:07:10.787500,Sitting_With_Movement
2021-11-02 12:07:16.937500,Sitting_With_Movement
2021-11-02 12:07:23.087500,Sitting_With_Movement
2021-11-02 12:07:29.250000,Sitting_With_Movement
2021-11-02 12:07:35.400000,Sitting_With_Movement
2021-11-02 12:07:41.550000,Sitting_With_Movement
2021-11-02 12:07:47.712500,Sitting_With_Movement
2021-11-02 12:07:53.862500,Sitting_With_Movement
2021-11-02 12:08:00.012500,Sitting_With_Movement
2021-11-02 12:08:06.162500,Sitting_With_Movement
2021-11-02 12:08:12.325000,Sitting_With_Movement
2021-11-02 12:08:18.475000,Sitting_With_Movement
2021-11-02 12:08:24.625000,Sitting_With_Movement
2021-11-02 12:08:30.787500,Sitting_With_Movement
2021-11-02 12:08:36.937500,Sitting_With_Movement
2021-11-02 12:08:43.087500,Sitting_With_Movement
2021-11-02 12:08:49.250000,Sitting_With_Movement
2021-11-02 12:08:55.400000,Sitting_With_Movement
2021-11-02 12:09:01.550000,Sitting_With_Movement
2021-11-02 12:09:07.712500,Sitting_With_Movement
2021-11-02 12:09:13.862500,Sitting_With_Movement
2021-11-02 12:09:20.012500,Sitting_With_Movement
2021-11-02 12:09:26.162500,Sitting_With_Movement
2021-11-02 12:09:32.325000,Sitting_With_Movement
2021-11-02 12:09:38.475000,Sitting_With_Movement
2021-11-02 12:09:44.625000,Sitting_With_Movement
2021-11-02 12:09:50.787500,Sitting_With_Movement
2021-11-02 12:09:56.937500,Sitting_With_Movement
2021-11-02 12:10:03.087500,Sitting_With_Movement
2021-11-02 12:10:09.250000,Sitting_With_Movement
2021-11-02 12:10:15.400000,Sitting_With_Movement
2021-11-02 12:10:21.550000,Sitting_With_Movement
2021-11-02 12:10:27.712500,Sitting_With_Movement
2021-11-02 12:10:33.862500,Sitting_With_Movement
2021-11-02 12:10:40.012500,Sitting_With_Movement
2021-11-02 12:10:46.162500,Sitting_With_Movement
2021-11-02 12:10:52.325000,Sitting_With_Movement
2021-11-02 12:10:58.475000,Sitting_With_Movement
2021-11-02 12:11:04.625000,Sitting_With_Movement
2021-11-02 12:11:10.787500,Sitting_With_Movement
2021-11-02 12:11:16.937500,Sitting_With_Movement
2021-11-02 12:11:23.087500,Sitting_With_Movement
2021-11-02 12:11:29.250000,Sitting_With_Movement
2021-11-02 12:11:35.400000,Sitting_With_Movement
2021-11-02 12:11:41.550000,Sitting_With_Movement
2021-11-02 12:11:47.712500,Sitting_With_Movement
2021-11-02 12:11:53.862500,Sitting_With_Movement
2021-11-02 12:12:00.012500,Sitting_With_Movement
2021-11-02 12:12:06.162500,Sitting_With_Movement
2021-11-02 12:12:12.325000,Sitting_With_Movement
2021-11-02 12:12:18.475000,Sitting_With_Movement
2021-11-02 12:12:24.625000,Sitting_With_Movement
2021-11-02 12:12:30.787500,Sitting_With_Movement
2021-11-02 12:12:36.937500,Sitting_With_Movement
2021-11-02 12:12:43.087500,Sitting_With_Movement
2021-11-02 12:12:49.250000,Sitting_With_Movement
2021-11-02 12:12:55.400000,Sitting_With_Movement
2021-11-02 12:13:01.550000,Sitting_With_Movement
2021-11-02 12:13:07.712500,Sitting_With_Movement
2021-11-02 12:13:13.862500,Sitting_With_Movement
2021-11-02 12:13:20.012500,Sitting_With_Movement
2021-11-02 12:13:26.162500,Sitting_With_Movement
2021-11-02 12:13:32.325000,Sitting_With_Movement
2021-11-02 12:13:38.475000,Sitting_With_Movement
2021-11-02 12:13:44.625000,Sitting_With_Movement
2021-11-02 12:13:50.787500,Sitting_With_Movement
2021-11-02 12:13:56.937500,Sitting_With_Movement
2021-11-02 12:14:03.087500,Sitting_With_Movement
2021-11-02 12:14:09.250000,Sitting_With_Movement
2021-11-02 12:14:15.400000,Sitting_With_Movement
2021-11-02 12:14:21.550000,Walking
2021-11-02 12:14:27.712500,Walking
2021-11-02 12:14:33.862500,Puttering_Around
2021-11-02 12:14:40.012500,Puttering_Around
2021-11-02 12:14:46.162500,Puttering_Around
2021-11-02 12:14:52.325000,Puttering_Around
2021-11-02 12:14:58.475000,Puttering_Around
2021-11-02 12:15:04.625000,Puttering_Around
2021-11-02 12:15:10.787500,Puttering_Around
2021-11-02 12:15:16.937500,Puttering_Around
2021-11-02 12:15:23.087500,Puttering_Around
2021-11-02 12:15:29.250000,Puttering_Around
2021-11-02 12:15:35.400000,Puttering_Around
2021-11-02 12:15:41.550000,Puttering_Around
2021-11-02 12:15:47.712500,Puttering_Around
2021-11-02 12:15:53.862500,Puttering_Around
2021-11-02 12:16:00.012500,Puttering_Around
2021-11-02 12:16:06.162500,Puttering_Around
2021-11-02 12:16:12.325000,Puttering_Around
2021-11-02 12:16:18.475000,Puttering_Around
2021-11-02 12:16:24.625000,Puttering_Around
2021-11-02 12:16:30.787500,Puttering_Around
2021-11-02 12:16:36.937500,Puttering_Around
2021-11-02 12:16:43.087500,Puttering_Around
2021-11-02 12:16:49.250000,Puttering_Around
2021-11-02 12:16:55.400000,Standing_With_Movement
2021-11-02 12:17:01.550000,Standing_With_Movement
2021-11-02 12:17:07.712500,Standing_With_Movement
2021-11-02 12:17:13.862500,Standing_With_Movement
2021-11-02 12:17:20.012500,Standing_With_Movement
2021-11-02 12:17:26.162500,Standing_With_Movement
2021-11-02 12:17:32.325000,Standing_With_Movement
2021-11-02 12:17:38.475000,Standing_With_Movement
2021-11-02 12:17:44.625000,Standing_With_Movement
2021-11-02 12:17:50.787500,Puttering_Around
2021-11-02 12:17:56.937500,Puttering_Around
2021-11-02 12:18:03.087500,Standing_With_Movement
2021-11-02 12:18:09.250000,Standing_With_Movement
2021-11-02 12:18:15.400000,Standing_With_Movement
2021-11-02 12:18:21.550000,Standing_With_Movement
2021-11-02 12:18:27.712500,Standing_With_Movement
2021-11-02 12:18:33.862500,Standing_With_Movement
2021-11-02 12:18:40.012500,Standing_With_Movement
2021-11-02 12:18:46.162500,Standing_With_Movement
2021-11-02 12:18:52.325000,Puttering_Around
2021-11-02 12:18:58.475000,Puttering_Around
2021-11-02 12:19:04.625000,Standing_With_Movement
2021-11-02 12:19:10.787500,Standing_With_Movement
2021-11-02 12:19:16.937500,Standing_With_Movement
2021-11-02 12:19:23.087500,Puttering_Around
2021-11-02 12:19:29.250000,
2021-11-02 12:19:35.400000,
2021-11-02 12:19:41.550000,
2021-11-02 12:19:47.712500,PA_Type_Video_Unavailable/Indecipherable
2021-11-02 12:19:53.862500,PA_Type_Video_Unavailable/Indecipherable
2021-11-02 12:20:00.012500,PA_Type_Video_Unavailable/Indecipherable
2021-11-02 12:20:06.162500,PA_Type_Video_Unavailable/Indecipherable
2021-11-02 12:20:12.325000,PA_Type_Video_Unavailable/Indecipherable
2021-11-02 12:20:18.475000,PA_Type_Video_Unavailable/Indecipherable
2021-11-02 12:20:24.625000,PA_Type_Video_Unavailable/Indecipherable
2021-11-02 12:20:30.787500,PA_Type_Video_Unavailable/Indecipherable
2021-11-02 12:20:36.937500,
2021-11-02 12:20:43.087500,Walking
2021-11-02 12:20:49.250000,Walking
2021-11-02 12:20:55.400000,Walking
2021-11-02 12:21:01.550000,Walking
2021-11-02 12:21:07.712500,Walking
2021-11-02 12:21:13.862500,Walking
2021-11-02 12:21:20.012500,Walking
2021-11-02 12:21:26.162500,Walking
2021-11-02 12:21:32.325000,Walking
2021-11-02 12:21:38.475000,Sitting_With_Movement
2021-11-02 12:21:44.625000,Sitting_With_Movement
2021-11-02 12:21:50.787500,Sitting_With_Movement
2021-11-02 12:21:56.937500,Sitting_With_Movement
2021-11-02 12:22:03.087500,Sitting_With_Movement
2021-11-02 12:22:09.250000,Sitting_With_Movement
2021-11-02 12:22:15.400000,Sitting_With_Movement
2021-11-02 12:22:21.550000,Sitting_With_Movement
2021-11-02 12:22:27.712500,Sitting_With_Movement
2021-11-02 12:22:33.862500,Sitting_With_Movement
2021-11-02 12:22:40.012500,Sitting_With_Movement
2021-11-02 12:22:46.162500,Sitting_With_Movement
2021-11-02 12:22:52.325000,Sitting_With_Movement
2021-11-02 12:22:58.475000,Sitting_With_Movement
2021-11-02 12:23:04.625000,Sitting_With_Movement
2021-11-02 12:23:10.787500,Sitting_With_Movement
2021-11-02 12:23:16.937500,Sitting_With_Movement
2021-11-02 12:23:23.087500,Sitting_With_Movement
2021-11-02 12:23:29.250000,Sitting_With_Movement
2021-11-02 12:23:35.400000,Sitting_With_Movement
2021-11-02 12:23:41.550000,Sitting_With_Movement
2021-11-02 12:23:47.712500,Sitting_With_Movement
2021-11-02 12:23:53.862500,Sitting_With_Movement
2021-11-02 12:24:00.012500,Sitting_With_Movement
2021-11-02 12:24:06.162500,Sitting_With_Movement
2021-11-02 12:24:12.325000,Sitting_With_Movement
2021-11-02 12:24:18.475000,Sitting_With_Movement
2021-11-02 12:24:24.625000,Sitting_With_Movement
2021-11-02 12:24:30.787500,Sitting_With_Movement
2021-11-02 12:24:36.937500,Sitting_With_Movement
2021-11-02 12:24:43.087500,Sitting_With_Movement
2021-11-02 12:24:49.250000,Sitting_With_Movement
2021-11-02 12:24:55.400000,Sitting_With_Movement
2021-11-02 12:25:01.550000,Sitting_With_Movement
2021-11-02 12:25:07.712500,Sitting_With_Movement
2021-11-02 12:25:13.862500,Sitting_With_Movement
2021-11-02 12:25:20.012500,Sitting_With_Movement
2021-11-02 12:25:26.162500,Sitting_With_Movement
2021-11-02 12:25:32.325000,Sitting_With_Movement
2021-11-02 12:25:38.475000,Sitting_With_Movement
2021-11-02 12:25:44.625000,Sitting_With_Movement
2021-11-02 12:25:50.787500,Sitting_With_Movement
2021-11-02 12:25:56.937500,Sitting_With_Movement
2021-11-02 12:26:03.087500,Sitting_With_Movement
2021-11-02 12:26:09.250000,Sitting_With_Movement
2021-11-02 12:26:15.400000,Sitting_With_Movement
2021-11-02 12:26:21.550000,Sitting_With_Movement
2021-11-02 12:26:27.712500,Sitting_With_Movement
2021-11-02 12:26:33.862500,Sitting_With_Movement
2021-11-02 12:26:40.012500,Sitting_With_Movement
2021-11-02 12:26:46.162500,Sitting_With_Movement
2021-11-02 12:26:52.325000,Sitting_With_Movement
2021-11-02 12:26:58.475000,Sitting_With_Movement
2021-11-02 12:27:04.625000,Sitting_With_Movement
2021-11-02 12:27:10.787500,Sitting_With_Movement
2021-11-02 12:27:16.937500,Walking
2021-11-02 12:27:23.087500,Walking
2021-11-02 12:27:29.250000,Standing_With_Movement
2021-11-02 12:27:35.400000,Walking
2021-11-02 12:27:41.550000,Walking
2021-11-02 12:27:47.712500,Sitting_With_Movement
2021-11-02 12:27:53.862500,Sitting_With_Movement
2021-11-02 12:28:00.012500,Sitting_With_Movement
2021-11-02 12:28:06.162500,Sitting_With_Movement
2021-11-02 12:28:12.325000,Sitting_With_Movement
2021-11-02 12:28:18.475000,Sitting_With_Movement
2021-11-02 12:28:24.625000,Sitting_With_Movement
2021-11-02 12:28:30.787500,Sitting_With_Movement
2021-11-02 12:28:36.937500,Sitting_With_Movement
2021-11-02 12:28:43.087500,Sitting_With_Movement
2021-11-02 12:28:49.250000,Sitting_With_Movement
2021-11-02 12:28:55.400000,Sitting_With_Movement
2021-11-02 12:29:01.550000,Sitting_With_Movement
2021-11-02 12:29:07.712500,Sitting_With_Movement
2021-11-02 12:29:13.862500,Sitting_With_Movement
2021-11-02 12:29:20.012500,Sitting_With_Movement
2021-11-02 12:29:26.162500,Sitting_With_Movement
2021-11-02 12:29:32.325000,Sitting_With_Movement
2021-11-02 12:29:38.475000,Sitting_With_Movement
2021-11-02 12:29:44.625000,Sitting_With_Movement
2021-11-02 12:29:50.787500,Sitting_With_Movement
2021-11-02 12:29:56.937500,Sitting_With_Movement
2021-11-02 12:30:03.087500,Sitting_With_Movement
2021-11-02 12:30:09.250000,Sitting_With_Movement
2021-11-02 12:30:15.400000,Sitting_With_Movement
2021-11-02 12:30:21.550000,Sitting_With_Movement
2021-11-02 12:30:27.712500,Sitting_With_Movement
2021-11-02 12:30:33.862500,Sitting_With_Movement
2021-11-02 12:30:40.012500,Sitting_With_Movement
2021-11-02 12:30:46.162500,Sitting_With_Movement
2021-11-02 12:30:52.325000,Sitting_With_Movement
2021-11-02 12:30:58.475000,Sitting_With_Movement
2021-11-02 12:31:04.625000,Sitting_With_Movement
2021-11-02 12:31:10.787500,Sitting_With_Movement
2021-11-02 12:31:16.937500,Sitting_With_Movement
2021-11-02 12:31:23.087500,Sitting_With_Movement
2021-11-02 12:31:29.250000,Sitting_With_Movement
2021-11-02 12:31:35.400000,Sitting_With_Movement
2021-11-02 12:31:41.550000,Sitting_With_Movement
2021-11-02 12:31:47.712500,Sitting_With_Movement
2021-11-02 12:31:53.862500,Sitting_With_Movement
2021-11-02 12:32:00.012500,Sitting_With_Movement
2021-11-02 12:32:06.162500,Sitting_With_Movement
2021-11-02 12:32:12.325000,Sitting_With_Movement
2021-11-02 12:32:18.475000,Sitting_With_Movement
2021-11-02 12:32:24.625000,Sitting_With_Movement
2021-11-02 12:32:30.787500,Sitting_With_Movement
2021-11-02 12:32:36.937500,Sitting_With_Movement
2021-11-02 12:32:43.087500,Sitting_With_Movement
2021-11-02 12:32:49.250000,Sitting_With_Movement
2021-11-02 12:32:55.400000,Sitting_With_Movement
2021-11-02 12:33:01.550000,Sitting_With_Movement
2021-11-02 12:33:07.712500,Sitting_With_Movement
2021-11-02 12:33:13.862500,Sitting_With_Movement
2021-11-02 12:33:20.012500,Sitting_With_Movement
2021-11-02 12:33:26.162500,Sitting_With_Movement
2021-11-02 12:33:32.325000,Sitting_With_Movement
2021-11-02 12:33:38.475000,Sitting_With_Movement
2021-11-02 12:33:44.625000,Walking
2021-11-02 12:33:50.787500,Walking
2021-11-02 12:33:56.937500,Walking
2021-11-02 12:34:03.087500,Walking
2021-11-02 12:34:09.250000,Walking
2021-11-02 12:34:15.400000,Sitting_With_Movement
2021-11-02 12:34:21.550000,Sitting_With_Movement
2021-11-02 12:34:27.712500,Sitting_With_Movement
2021-11-02 12:34:33.862500,Sitting_With_Movement
2021-11-02 12:34:40.012500,Sitting_With_Movement
2021-11-02 12:34:46.162500,Sitting_With_Movement
2021-11-02 12:34:52.325000,Sitting_With_Movement
2021-11-02 12:34:58.475000,Sitting_With_Movement
2021-11-02 12:35:04.625000,Sitting_With_Movement
2021-11-02 12:35:10.787500,Sitting_With_Movement
2021-11-02 12:35:16.937500,Sitting_With_Movement
2021-11-02 12:35:23.087500,Sitting_With_Movement
2021-11-02 12:35:29.250000,Sitting_With_Movement
2021-11-02 12:35:35.400000,Sitting_With_Movement
2021-11-02 12:35:41.550000,Sitting_With_Movement
2021-11-02 12:35:47.712500,Sitting_With_Movement
2021-11-02 12:35:53.862500,Sitting_With_Movement
2021-11-02 12:36:00.012500,Sitting_With_Movement
2021-11-02 12:36:06.162500,Sitting_With_Movement
2021-11-02 12:36:12.325000,Sitting_With_Movement
2021-11-02 12:36:18.475000,Sitting_With_Movement
2021-11-02 12:36:24.625000,Sitting_With_Movement
2021-11-02 12:36:30.787500,Sitting_With_Movement
2021-11-02 12:36:36.937500,Sitting_With_Movement
2021-11-02 12:36:43.087500,Sitting_With_Movement
2021-11-02 12:36:49.250000,Sitting_With_Movement
2021-11-02 12:36:55.400000,Sitting_With_Movement
2021-11-02 12:37:01.550000,Sitting_With_Movement
2021-11-02 12:37:07.712500,Sitting_With_Movement
2021-11-02 12:37:13.862500,Sitting_With_Movement
2021-11-02 12:37:20.012500,Sitting_With_Movement
2021-11-02 12:37:26.162500,Sitting_With_Movement
2021-11-02 12:37:32.325000,Sitting_With_Movement
2021-11-02 12:37:38.475000,Sitting_With_Movement
2021-11-02 12:37:44.625000,Sitting_With_Movement
2021-11-02 12:37:50.787500,Sitting_With_Movement
2021-11-02 12:37:56.937500,Sitting_With_Movement
2021-11-02 12:38:03.087500,Sitting_With_Movement
2021-11-02 12:38:09.250000,Sitting_With_Movement
2021-11-02 12:38:15.400000,Sitting_With_Movement
2021-11-02 12:38:21.550000,Sitting_With_Movement
2021-11-02 12:38:27.712500,Sitting_With_Movement
2021-11-02 12:38:33.862500,Sitting_With_Movement
2021-11-02 12:38:40.012500,Sitting_With_Movement
2021-11-02 12:38:46.162500,Sitting_With_Movement
2021-11-02 12:38:52.325000,Sitting_With_Movement
2021-11-02 12:38:58.475000,Sitting_With_Movement
2021-11-02 12:39:04.625000,Sitting_With_Movement
2021-11-02 12:39:10.787500,Sitting_With_Movement
2021-11-02 12:39:16.937500,Sitting_With_Movement
2021-11-02 12:39:23.087500,Sitting_With_Movement
2021-11-02 12:39:29.250000,Sitting_With_Movement
2021-11-02 12:39:35.400000,Sitting_With_Movement
2021-11-02 12:39:41.550000,Sitting_With_Movement
2021-11-02 12:39:47.712500,Sitting_With_Movement
2021-11-02 12:39:53.862500,Sitting_With_Movement
2021-11-02 12:40:00.012500,Sitting_With_Movement
2021-11-02 12:40:06.162500,Sitting_With_Movement
2021-11-02 12:40:12.325000,Sitting_With_Movement
2021-11-02 12:40:18.475000,Sitting_With_Movement
2021-11-02 12:40:24.625000,Sitting_With_Movement
2021-11-02 12:40:30.787500,Sitting_With_Movement
2021-11-02 12:40:36.937500,Sitting_With_Movement
2021-11-02 12:40:43.087500,Sitting_With_Movement
2021-11-02 12:40:49.250000,Sitting_With_Movement
2021-11-02 12:40:55.400000,Sitting_With_Movement
2021-11-02 12:41:01.550000,Sitting_With_Movement
2021-11-02 12:41:07.712500,Sitting_With_Movement
2021-11-02 12:41:13.862500,Sitting_With_Movement
2021-11-02 12:41:20.012500,Sitting_With_Movement
2021-11-02 12:41:26.162500,Sitting_With_Movement
2021-11-02 12:41:32.325000,Sitting_With_Movement
2021-11-02 12:41:38.475000,Sitting_With_Movement
2021-11-02 12:41:44.625000,Sitting_With_Movement
2021-11-02 12:41:50.787500,Sitting_With_Movement
2021-11-02 12:41:56.937500,Sitting_With_Movement
2021-11-02 12:42:03.087500,Sitting_With_Movement
2021-11-02 12:42:09.250000,Sitting_With_Movement
2021-11-02 12:42:15.400000,Sitting_With_Movement
2021-11-02 12:42:21.550000,Sitting_With_Movement
2021-11-02 12:42:27.712500,Sitting_With_Movement
2021-11-02 12:42:33.862500,Sitting_With_Movement
2021-11-02 12:42:40.012500,Sitting_With_Movement
2021-11-02 12:42:46.162500,Sitting_With_Movement
2021-11-02 12:42:52.325000,Sitting_With_Movement
2021-11-02 12:42:58.475000,Sitting_With_Movement
2021-11-02 12:43:04.625000,Sitting_With_Movement
2021-11-02 12:43:10.787500,Sitting_With_Movement
2021-11-02 12:43:16.937500,Sitting_With_Movement
2021-11-02 12:43:23.087500,Sitting_With_Movement
2021-11-02 12:43:29.250000,Sitting_With_Movement
2021-11-02 12:43:35.400000,Sitting_With_Movement
2021-11-02 12:43:41.550000,Sitting_With_Movement
2021-11-02 12:43:47.712500,Sitting_With_Movement
2021-11-02 12:43:53.862500,Sitting_With_Movement
2021-11-02 12:44:00.012500,Sitting_With_Movement
2021-11-02 12:44:06.162500,Sitting_With_Movement
2021-11-02 12:44:12.325000,Sitting_With_Movement
2021-11-02 12:44:18.475000,Sitting_With_Movement
2021-11-02 12:44:24.625000,Sitting_With_Movement
2021-11-02 12:44:30.787500,Sitting_With_Movement
2021-11-02 12:44:36.937500,Sitting_With_Movement
2021-11-02 12:44:43.087500,Sitting_With_Movement
2021-11-02 12:44:49.250000,Sitting_With_Movement
2021-11-02 12:44:55.400000,Sitting_With_Movement
2021-11-02 12:45:01.550000,Sitting_With_Movement
2021-11-02 12:45:07.712500,Sitting_With_Movement
2021-11-02 12:45:13.862500,Sitting_With_Movement
2021-11-02 12:45:20.012500,Sitting_With_Movement
2021-11-02 12:45:26.162500,Sitting_With_Movement
2021-11-02 12:45:32.325000,Sitting_With_Movement
2021-11-02 12:45:38.475000,Sitting_With_Movement
2021-11-02 12:45:44.625000,Sitting_With_Movement
2021-11-02 12:45:50.787500,Sitting_With_Movement
2021-11-02 12:45:56.937500,Sitting_With_Movement
2021-11-02 12:46:03.087500,Sitting_With_Movement
2021-11-02 12:46:09.250000,Sitting_With_Movement
2021-11-02 12:46:15.400000,Sitting_With_Movement
2021-11-02 12:46:21.550000,Sitting_With_Movement
2021-11-02 12:46:27.712500,Sitting_With_Movement
2021-11-02 12:46:33.862500,Sitting_With_Movement
2021-11-02 12:46:40.012500,Sitting_With_Movement
2021-11-02 12:46:46.162500,Sitting_With_Movement
2021-11-02 12:46:52.325000,Sitting_With_Movement
2021-11-02 12:46:58.475000,Sitting_With_Movement
2021-11-02 12:47:04.625000,Sitting_With_Movement
2021-11-02 12:47:10.787500,Sitting_With_Movement
2021-11-02 12:47:16.937500,Sitting_With_Movement
2021-11-02 12:47:23.087500,Sitting_With_Movement
2021-11-02 12:47:29.250000,Sitting_With_Movement
2021-11-02 12:47:35.400000,Sitting_With_Movement
2021-11-02 12:47:41.550000,Sitting_With_Movement
2021-11-02 12:47:47.712500,Sitting_With_Movement
2021-11-02 12:47:53.862500,Sitting_With_Movement
2021-11-02 12:48:00.012500,Sitting_With_Movement
2021-11-02 12:48:06.162500,Sitting_With_Movement
2021-11-02 12:48:12.325000,Sitting_With_Movement
2021-11-02 12:48:18.475000,Sitting_With_Movement
2021-11-02 12:48:24.625000,Sitting_With_Movement
2021-11-02 12:48:30.787500,Sitting_With_Movement
2021-11-02 12:48:36.937500,Sitting_With_Movement
2021-11-02 12:48:43.087500,Sitting_With_Movement
2021-11-02 12:48:49.250000,Sitting_With_Movement
2021-11-02 12:48:55.400000,Sitting_With_Movement
2021-11-02 12:49:01.550000,Sitting_With_Movement
2021-11-02 12:49:07.712500,Sitting_With_Movement
2021-11-02 12:49:13.862500,Sitting_With_Movement
2021-11-02 12:49:20.012500,Sitting_With_Movement
2021-11-02 12:49:26.162500,Sitting_With_Movement
2021-11-02 12:49:32.325000,Sitting_With_Movement
2021-11-02 12:49:38.475000,Sitting_With_Movement
2021-11-02 12:49:44.625000,Sitting_With_Movement
2021-11-02 12:49:50.787500,Sitting_With_Movement
2021-11-02 12:49:56.937500,Sitting_With_Movement
2021-11-02 12:50:03.087500,Sitting_With_Movement
2021-11-02 12:50:09.250000,Sitting_With_Movement
2021-11-02 12:50:15.400000,Sitting_With_Movement
2021-11-02 12:50:21.550000,Sitting_With_Movement
2021-11-02 12:50:27.712500,Sitting_With_Movement
2021-11-02 12:50:33.862500,Sitting_With_Movement
2021-11-02 12:50:40.012500,Sitting_With_Movement
2021-11-02 12:50:46.162500,Sitting_With_Movement
2021-11-02 12:50:52.325000,Sitting_With_Movement
2021-11-02 12:50:58.475000,Sitting_With_Movement
2021-11-02 12:51:04.625000,Sitting_With_Movement
2021-11-02 12:51:10.787500,Sitting_With_Movement
2021-11-02 12:51:16.937500,Sitting_With_Movement
2021-11-02 12:51:23.087500,Sitting_With_Movement
2021-11-02 12:51:29.250000,Sitting_With_Movement
2021-11-02 12:51:35.400000,Sitting_With_Movement
2021-11-02 12:51:41.550000,Sitting_With_Movement
2021-11-02 12:51:47.712500,Sitting_With_Movement
2021-11-02 12:51:53.862500,Sitting_With_Movement
2021-11-02 12:52:00.012500,Sitting_With_Movement
2021-11-02 12:52:06.162500,Sitting_With_Movement
2021-11-02 12:52:12.325000,Sitting_With_Movement
2021-11-02 12:52:18.475000,Sitting_With_Movement
2021-11-02 12:52:24.625000,Sitting_With_Movement
2021-11-02 12:52:30.787500,Sitting_With_Movement
2021-11-02 12:52:36.937500,Sitting_With_Movement
2021-11-02 12:52:43.087500,Sitting_With_Movement
2021-11-02 12:52:49.250000,Sitting_With_Movement
2021-11-02 12:52:55.400000,Sitting_With_Movement
2021-11-02 12:53:01.550000,Sitting_With_Movement
2021-11-02 12:53:07.712500,Sitting_With_Movement
2021-11-02 12:53:13.862500,Sitting_With_Movement
2021-11-02 12:53:20.012500,Sitting_With_Movement
2021-11-02 12:53:26.175000,Sitting_With_Movement
2021-11-02 12:53:32.325000,Sitting_With_Movement
2021-11-02 12:53:38.475000,Sitting_With_Movement
2021-11-02 12:53:44.625000,Sitting_With_Movement
2021-11-02 12:53:50.787500,Sitting_With_Movement
2021-11-02 12:53:56.937500,Sitting_With_Movement
2021-11-02 12:54:03.087500,Sitting_With_Movement
2021-11-02 12:54:09.250000,Sitting_With_Movement
2021-11-02 12:54:15.400000,Sitting_With_Movement
2021-11-02 12:54:21.550000,Sitting_With_Movement
2021-11-02 12:54:27.712500,Sitting_With_Movement
2021-11-02 12:54:33.862500,Sitting_With_Movement
2021-11-02 12:54:40.012500,Sitting_With_Movement
2021-11-02 12:54:46.175000,Sitting_With_Movement
2021-11-02 12:54:52.325000,Sitting_With_Movement
2021-11-02 12:54:58.475000,Sitting_With_Movement
2021-11-02 12:55:04.625000,Sitting_With_Movement
2021-11-02 12:55:10.787500,Sitting_With_Movement
2021-11-02 12:55:16.937500,Sitting_With_Movement
2021-11-02 12:55:23.087500,Sitting_With_Movement
2021-11-02 12:55:29.250000,Sitting_With_Movement
2021-11-02 12:55:35.400000,Sitting_With_Movement
2021-11-02 12:55:41.550000,Sitting_With_Movement
2021-11-02 12:55:47.712500,Sitting_With_Movement
2021-11-02 12:55:53.862500,Sitting_With_Movement
2021-11-02 12:56:00.012500,Sitting_With_Movement
2021-11-02 12:56:06.175000,Sitting_With_Movement
2021-11-02 12:56:12.325000,Sitting_With_Movement
2021-11-02 12:56:18.475000,Sitting_With_Movement
2021-11-02 12:56:24.625000,Sitting_With_Movement
2021-11-02 12:56:30.787500,Sitting_With_Movement
2021-11-02 12:56:36.937500,Sitting_With_Movement
2021-11-02 12:56:43.087500,Sitting_With_Movement
2021-11-02 12:56:49.250000,Sitting_With_Movement
2021-11-02 12:56:55.400000,Sitting_With_Movement
2021-11-02 12:57:01.550000,Sitting_With_Movement
2021-11-02 12:57:07.712500,Sitting_With_Movement
2021-11-02 12:57:13.862500,Sitting_With_Movement
2021-11-02 12:57:20.012500,Sitting_With_Movement
2021-11-02 12:57:26.175000,Sitting_With_Movement
2021-11-02 12:57:32.325000,Sitting_With_Movement
2021-11-02 12:57:38.475000,Sitting_With_Movement
2021-11-02 12:57:44.625000,Sitting_With_Movement
2021-11-02 12:57:50.787500,Sitting_With_Movement
2021-11-02 12:57:56.937500,Sitting_With_Movement
2021-11-02 12:58:03.087500,Sitting_With_Movement
2021-11-02 12:58:09.250000,Sitting_With_Movement
2021-11-02 12:58:15.400000,Sitting_With_Movement
2021-11-02 12:58:21.550000,Sitting_With_Movement
2021-11-02 12:58:27.712500,Sitting_With_Movement
2021-11-02 12:58:33.862500,Sitting_With_Movement
2021-11-02 12:58:40.012500,Sitting_With_Movement
2021-11-02 12:58:46.175000,Sitting_With_Movement
2021-11-02 12:58:52.325000,Sitting_With_Movement
2021-11-02 12:58:58.475000,Sitting_With_Movement
2021-11-02 12:59:04.625000,Sitting_With_Movement
2021-11-02 12:59:10.787500,Sitting_With_Movement
2021-11-02 12:59:16.937500,Sitting_With_Movement
2021-11-02 12:59:23.087500,Sitting_With_Movement
2021-11-02 12:59:29.250000,Sitting_With_Movement
2021-11-02 12:59:35.400000,Sitting_With_Movement
2021-11-02 12:59:41.550000,Sitting_With_Movement
2021-11-02 12:59:47.712500,Sitting_With_Movement
2021-11-02 12:59:53.862500,Sitting_With_Movement
2021-11-02 13:00:00.012500,Sitting_With_Movement
2021-11-02 13:00:06.175000,Sitting_With_Movement
2021-11-02 13:00:12.325000,Walking
2021-11-02 13:00:18.475000,Walking
2021-11-02 13:00:24.625000,Standing_With_Movement
2021-11-02 13:00:30.787500,Walking
2021-11-02 13:00:36.937500,Standing_With_Movement
2021-11-02 13:00:43.087500,Standing_With_Movement
2021-11-02 13:00:49.250000,Standing_With_Movement
2021-11-02 13:00:55.400000,Walking
2021-11-02 13:01:01.550000,Walking
2021-11-02 13:01:07.712500,Walking
2021-11-02 13:01:13.862500,Sitting_With_Movement
2021-11-02 13:01:20.012500,Sitting_With_Movement
2021-11-02 13:01:26.175000,Sitting_With_Movement
2021-11-02 13:01:32.325000,Sitting_With_Movement
2021-11-02 13:01:38.475000,Sitting_With_Movement
2021-11-02 13:01:44.625000,Sitting_With_Movement
2021-11-02 13:01:50.787500,Sitting_With_Movement
2021-11-02 13:01:56.937500,Sitting_With_Movement
2021-11-02 13:02:03.087500,Sitting_With_Movement
2021-11-02 13:02:09.250000,Sitting_With_Movement
2021-11-02 13:02:15.400000,Sitting_With_Movement
2021-11-02 13:02:21.550000,Sitting_With_Movement
2021-11-02 13:02:27.712500,Sitting_With_Movement
2021-11-02 13:02:33.862500,Sitting_With_Movement
2021-11-02 13:02:40.012500,Sitting_With_Movement
2021-11-02 13:02:46.175000,Sitting_With_Movement
2021-11-02 13:02:52.325000,Sitting_With_Movement
2021-11-02 13:02:58.475000,Sitting_With_Movement
2021-11-02 13:03:04.625000,Sitting_With_Movement
2021-11-02 13:03:10.787500,Sitting_With_Movement
2021-11-02 13:03:16.937500,Sitting_With_Movement
2021-11-02 13:03:23.087500,Sitting_With_Movement
2021-11-02 13:03:29.250000,Sitting_With_Movement
2021-11-02 13:03:35.400000,Sitting_With_Movement
2021-11-02 13:03:41.550000,Sitting_With_Movement
2021-11-02 13:03:47.712500,Sitting_With_Movement
2021-11-02 13:03:53.862500,Sitting_With_Movement
2021-11-02 13:04:00.012500,Sitting_With_Movement
2021-11-02 13:04:06.175000,Sitting_With_Movement
2021-11-02 13:04:12.325000,Sitting_With_Movement
2021-11-02 13:04:18.475000,Sitting_With_Movement
2021-11-02 13:04:24.625000,Sitting_With_Movement
2021-11-02 13:04:30.787500,Sitting_With_Movement
2021-11-02 13:04:36.937500,Sitting_With_Movement
2021-11-02 13:04:43.087500,Sitting_With_Movement
2021-11-02 13:04:49.250000,Sitting_With_Movement
2021-11-02 13:04:55.400000,Sitting_With_Movement
2021-11-02 13:05:01.550000,Sitting_With_Movement
2021-11-02 13:05:07.712500,Sitting_With_Movement
2021-11-02 13:05:13.862500,Sitting_With_Movement
2021-11-02 13:05:20.012500,Sitting_With_Movement
2021-11-02 13:05:26.175000,Sitting_With_Movement
2021-11-02 13:05:32.325000,Sitting_With_Movement
2021-11-02 13:05:38.475000,Sitting_With_Movement
2021-11-02 13:05:44.625000,Sitting_With_Movement
2021-11-02 13:05:50.787500,Sitting_With_Movement
2021-11-02 13:05:56.937500,Sitting_With_Movement
2021-11-02 13:06:03.087500,Sitting_With_Movement
2021-11-02 13:06:09.250000,Sitting_With_Movement
2021-11-02 13:06:15.400000,Sitting_With_Movement
2021-11-02 13:06:21.550000,Sitting_With_Movement
2021-11-02 13:06:27.712500,Sitting_With_Movement
2021-11-02 13:06:33.862500,Sitting_With_Movement
2021-11-02 13:06:40.012500,Sitting_With_Movement
2021-11-02 13:06:46.175000,Sitting_With_Movement
2021-11-02 13:06:52.325000,Sitting_With_Movement
2021-11-02 13:06:58.475000,Sitting_With_Movement
2021-11-02 13:07:04.625000,Sitting_With_Movement
2021-11-02 13:07:10.787500,Sitting_With_Movement
2021-11-02 13:07:16.937500,Sitting_With_Movement
2021-11-02 13:07:23.087500,Sitting_With_Movement
2021-11-02 13:07:29.250000,Sitting_With_Movement
2021-11-02 13:07:35.400000,Sitting_With_Movement
2021-11-02 13:07:41.550000,Sitting_With_Movement
2021-11-02 13:07:47.712500,Sitting_With_Movement
2021-11-02 13:07:53.862500,Sitting_With_Movement
2021-11-02 13:08:00.012500,Sitting_With_Movement
2021-11-02 13:08:06.175000,Sitting_With_Movement
2021-11-02 13:08:12.325000,Sitting_With_Movement
2021-11-02 13:08:18.475000,Sitting_With_Movement
2021-11-02 13:08:24.625000,Sitting_With_Movement
2021-11-02 13:08:30.787500,Sitting_With_Movement
2021-11-02 13:08:36.937500,Sitting_With_Movement
2021-11-02 13:08:43.087500,Sitting_With_Movement
2021-11-02 13:08:49.250000,Sitting_With_Movement
2021-11-02 13:08:55.400000,Sitting_With_Movement
2021-11-02 13:09:01.550000,Sitting_With_Movement
2021-11-02 13:09:07.712500,Sitting_With_Movement
2021-11-02 13:09:13.862500,Sitting_With_Movement
2021-11-02 13:09:20.012500,Sitting_With_Movement
2021-11-02 13:09:26.175000,Sitting_With_Movement
2021-11-02 13:09:32.325000,Sitting_With_Movement
2021-11-02 13:09:38.475000,Sitting_With_Movement
2021-11-02 13:09:44.625000,Sitting_With_Movement
2021-11-02 13:09:50.787500,Sitting_With_Movement
2021-11-02 13:09:56.937500,Sitting_With_Movement
2021-11-02 13:10:03.087500,Sitting_With_Movement
2021-11-02 13:10:09.250000,Sitting_With_Movement
2021-11-02 13:10:15.400000,Sitting_With_Movement
2021-11-02 13:10:21.550000,Sitting_With_Movement
2021-11-02 13:10:27.712500,Sitting_With_Movement
2021-11-02 13:10:33.862500,Sitting_With_Movement
2021-11-02 13:10:40.012500,Sitting_With_Movement
2021-11-02 13:10:46.175000,Sitting_With_Movement
2021-11-02 13:10:52.325000,Sitting_With_Movement
2021-11-02 13:10:58.475000,Sitting_With_Movement
2021-11-02 13:11:04.625000,Sitting_With_Movement
2021-11-02 13:11:10.787500,Walking
2021-11-02 13:11:16.937500,Walking
2021-11-02 13:11:23.087500,
2021-11-02 13:11:29.250000,Standing_With_Movement
2021-11-02 13:11:35.400000,Standing_With_Movement
2021-11-02 13:11:41.550000,Standing_With_Movement
2021-11-02 13:11:47.712500,Standing_With_Movement
2021-11-02 13:11:53.862500,Standing_With_Movement
2021-11-02 13:12:00.012500,Walking
2021-11-02 13:12:06.175000,Sitting_With_Movement
2021-11-02 13:12:12.325000,Sitting_With_Movement
2021-11-02 13:12:18.475000,Sitting_With_Movement
2021-11-02 13:12:24.625000,Sitting_With_Movement
2021-11-02 13:12:30.787500,Sitting_With_Movement
2021-11-02 13:12:36.937500,Sitting_With_Movement
2021-11-02 13:12:43.087500,Sitting_With_Movement
2021-11-02 13:12:49.250000,Sitting_With_Movement
2021-11-02 13:12:55.400000,Sitting_With_Movement
2021-11-02 13:13:01.550000,Sitting_With_Movement
2021-11-02 13:13:07.712500,Sitting_With_Movement
2021-11-02 13:13:13.862500,Sitting_With_Movement
2021-11-02 13:13:20.012500,Sitting_With_Movement
2021-11-02 13:13:26.175000,Sitting_With_Movement
2021-11-02 13:13:32.325000,Sitting_With_Movement
2021-11-02 13:13:38.475000,Sitting_With_Movement
2021-11-02 13:13:44.625000,Sitting_With_Movement
2021-11-02 13:13:50.787500,Sitting_With_Movement
2021-11-02 13:13:56.937500,Sitting_With_Movement
2021-11-02 13:14:03.087500,Sitting_With_Movement
2021-11-02 13:14:09.250000,Sitting_With_Movement
2021-11-02 13:14:15.400000,Sitting_With_Movement
2021-11-02 13:14:21.550000,Sitting_With_Movement
2021-11-02 13:14:27.712500,Sitting_With_Movement
2021-11-02 13:14:33.862500,Sitting_With_Movement
2021-11-02 13:14:40.012500,Sitting_With_Movement
2021-11-02 13:14:46.175000,Sitting_With_Movement
2021-11-02 13:14:52.325000,Sitting_With_Movement
2021-11-02 13:14:58.475000,Sitting_With_Movement
2021-11-02 13:15:04.625000,Sitting_With_Movement
2021-11-02 13:15:10.787500,Sitting_With_Movement
2021-11-02 13:15:16.937500,Sitting_With_Movement
2021-11-02 13:15:23.087500,Sitting_With_Movement
2021-11-02 13:15:29.250000,Sitting_With_Movement
2021-11-02 13:15:35.400000,Sitting_With_Movement
2021-11-02 13:15:41.550000,Sitting_With_Movement
2021-11-02 13:15:47.712500,Sitting_With_Movement
2021-11-02 13:15:53.862500,Sitting_With_Movement
2021-11-02 13:16:00.012500,Sitting_With_Movement
2021-11-02 13:16:06.175000,Sitting_With_Movement
2021-11-02 13:16:12.325000,Sitting_With_Movement
2021-11-02 13:16:18.475000,Sitting_With_Movement
2021-11-02 13:16:24.625000,Sitting_With_Movement
2021-11-02 13:16:30.787500,Sitting_With_Movement
2021-11-02 13:16:36.937500,Sitting_With_Movement
2021-11-02 13:16:43.087500,Sitting_With_Movement
2021-11-02 13:16:49.250000,Sitting_With_Movement
2021-11-02 13:16:55.400000,Sitting_With_Movement
2021-11-02 13:17:01.550000,Sitting_With_Movement
2021-11-02 13:17:07.712500,Sitting_With_Movement
2021-11-02 13:17:13.862500,Sitting_With_Movement
2021-11-02 13:17:20.012500,Sitting_With_Movement
2021-11-02 13:17:26.175000,Sitting_With_Movement
2021-11-02 13:17:32.325000,Sitting_With_Movement
2021-11-02 13:17:38.475000,Sitting_With_Movement
2021-11-02 13:17:44.625000,Sitting_With_Movement
2021-11-02 13:17:50.787500,Sitting_With_Movement
2021-11-02 13:17:56.937500,Sitting_With_Movement
2021-11-02 13:18:03.087500,Sitting_With_Movement
2021-11-02 13:18:09.250000,Sitting_With_Movement
2021-11-02 13:18:15.400000,Sitting_With_Movement
2021-11-02 13:18:21.550000,Sitting_With_Movement
2021-11-02 13:18:27.712500,Sitting_With_Movement
2021-11-02 13:18:33.862500,Sitting_With_Movement
2021-11-02 13:18:40.012500,Sitting_With_Movement
2021-11-02 13:18:46.175000,Sitting_With_Movement
2021-11-02 13:18:52.325000,Sitting_With_Movement
2021-11-02 13:18:58.475000,Sitting_With_Movement
2021-11-02 13:19:04.625000,Sitting_With_Movement
2021-11-02 13:19:10.787500,Sitting_With_Movement
2021-11-02 13:19:16.937500,Sitting_With_Movement
2021-11-02 13:19:23.087500,Sitting_With_Movement
2021-11-02 13:19:29.250000,Sitting_With_Movement
2021-11-02 13:19:35.400000,Sitting_With_Movement
2021-11-02 13:19:41.550000,Sitting_With_Movement
2021-11-02 13:19:47.712500,Sitting_With_Movement
2021-11-02 13:19:53.862500,Sitting_With_Movement
2021-11-02 13:20:00.012500,Sitting_With_Movement
2021-11-02 13:20:06.175000,Sitting_With_Movement
2021-11-02 13:20:12.325000,Sitting_With_Movement
2021-11-02 13:20:18.475000,Sitting_With_Movement
2021-11-02 13:20:24.625000,Sitting_With_Movement
2021-11-02 13:20:30.787500,Sitting_With_Movement
2021-11-02 13:20:36.937500,Sitting_With_Movement
2021-11-02 13:20:43.087500,Sitting_With_Movement
2021-11-02 13:20:49.250000,Sitting_With_Movement
2021-11-02 13:20:55.400000,Sitting_With_Movement
2021-11-02 13:21:01.550000,Sitting_With_Movement
2021-11-02 13:21:07.712500,Sitting_With_Movement
2021-11-02 13:21:13.862500,Sitting_With_Movement
2021-11-02 13:21:20.012500,Sitting_With_Movement
2021-11-02 13:21:26.175000,Sitting_With_Movement
2021-11-02 13:21:32.325000,Sitting_With_Movement
2021-11-02 13:21:38.475000,Sitting_With_Movement
2021-11-02 13:21:44.625000,Sitting_With_Movement
2021-11-02 13:21:50.787500,Sitting_With_Movement
2021-11-02 13:21:56.937500,Sitting_With_Movement
2021-11-02 13:22:03.087500,Sitting_With_Movement
2021-11-02 13:22:09.250000,Sitting_With_Movement
2021-11-02 13:22:15.400000,Sitting_With_Movement
2021-11-02 13:22:21.550000,Sitting_With_Movement
2021-11-02 13:22:27.712500,Sitting_With_Movement
2021-11-02 13:22:33.862500,Sitting_With_Movement
2021-11-02 13:22:40.012500,Sitting_With_Movement
2021-11-02 13:22:46.175000,Sitting_With_Movement
2021-11-02 13:22:52.325000,Sitting_With_Movement
2021-11-02 13:22:58.475000,Sitting_With_Movement
2021-11-02 13:23:04.625000,Sitting_With_Movement
2021-11-02 13:23:10.787500,Sitting_With_Movement
2021-11-02 13:23:16.937500,Sitting_With_Movement
2021-11-02 13:23:23.087500,Sitting_With_Movement
2021-11-02 13:23:29.250000,Sitting_With_Movement
2021-11-02 13:23:35.400000,Sitting_With_Movement
2021-11-02 13:23:41.550000,Sitting_With_Movement
2021-11-02 13:23:47.712500,Sitting_With_Movement
2021-11-02 13:23:53.862500,Sitting_With_Movement
2021-11-02 13:24:00.012500,Sitting_With_Movement
2021-11-02 13:24:06.175000,Sitting_With_Movement
2021-11-02 13:24:12.325000,Sitting_With_Movement
2021-11-02 13:24:18.475000,Sitting_With_Movement
2021-11-02 13:24:24.625000,Sitting_With_Movement
2021-11-02 13:24:30.787500,Sitting_With_Movement
2021-11-02 13:24:36.937500,Sitting_With_Movement
2021-11-02 13:24:43.087500,Sitting_With_Movement
2021-11-02 13:24:49.250000,Sitting_With_Movement
2021-11-02 13:24:55.400000,Sitting_With_Movement
2021-11-02 13:25:01.550000,Sitting_With_Movement
2021-11-02 13:25:07.712500,Sitting_With_Movement
2021-11-02 13:25:13.862500,Sitting_With_Movement
2021-11-02 13:25:20.012500,Sitting_With_Movement
2021-11-02 13:25:26.175000,Sitting_With_Movement
2021-11-02 13:25:32.325000,Sitting_With_Movement
2021-11-02 13:25:38.475000,Sitting_With_Movement
2021-11-02 13:25:44.625000,Sitting_With_Movement
2021-11-02 13:25:50.787500,Sitting_With_Movement
2021-11-02 13:25:56.937500,Sitting_With_Movement
2021-11-02 13:26:03.087500,Sitting_With_Movement
2021-11-02 13:26:09.250000,Sitting_With_Movement
2021-11-02 13:26:15.400000,Sitting_With_Movement
2021-11-02 13:26:21.550000,Sitting_With_Movement
2021-11-02 13:26:27.712500,Sitting_With_Movement
2021-11-02 13:26:33.862500,Sitting_With_Movement
2021-11-02 13:26:40.012500,Sitting_With_Movement
2021-11-02 13:26:46.175000,Sitting_With_Movement
2021-11-02 13:26:52.325000,Sitting_With_Movement
2021-11-02 13:26:58.475000,Sitting_With_Movement
2021-11-02 13:27:04.625000,Sitting_With_Movement
2021-11-02 13:27:10.787500,Sitting_With_Movement
2021-11-02 13:27:16.937500,Sitting_With_Movement
2021-11-02 13:27:23.087500,Sitting_With_Movement
2021-11-02 13:27:29.250000,Sitting_With_Movement
2021-11-02 13:27:35.400000,Sitting_With_Movement
2021-11-02 13:27:41.550000,Sitting_With_Movement
2021-11-02 13:27:47.712500,Sitting_With_Movement
2021-11-02 13:27:53.862500,Sitting_With_Movement
2021-11-02 13:28:00.012500,Sitting_With_Movement
2021-11-02 13:28:06.175000,Sitting_With_Movement
2021-11-02 13:28:12.325000,Sitting_With_Movement
2021-11-02 13:28:18.475000,Sitting_With_Movement
2021-11-02 13:28:24.625000,Sitting_With_Movement
2021-11-02 13:28:30.787500,Sitting_With_Movement
2021-11-02 13:28:36.937500,Sitting_With_Movement
2021-11-02 13:28:43.087500,Sitting_With_Movement
2021-11-02 13:28:49.250000,Sitting_With_Movement
2021-11-02 13:28:55.400000,Sitting_With_Movement
2021-11-02 13:29:01.550000,Sitting_With_Movement
2021-11-02 13:29:07.712500,Sitting_With_Movement
2021-11-02 13:29:13.862500,Sitting_With_Movement
2021-11-02 13:29:20.012500,Sitting_With_Movement
2021-11-02 13:29:26.175000,Sitting_With_Movement
2021-11-02 13:29:32.325000,Sitting_With_Movement
2021-11-02 13:29:38.475000,Sitting_With_Movement
2021-11-02 13:29:44.625000,Sitting_With_Movement
2021-11-02 13:29:50.787500,Sitting_With_Movement
2021-11-02 13:29:56.937500,Sitting_With_Movement
2021-11-02 13:30:03.087500,Sitting_With_Movement
2021-11-02 13:30:09.250000,Sitting_With_Movement
2021-11-02 13:30:15.400000,Sitting_With_Movement
2021-11-02 13:30:21.550000,Sitting_With_Movement
2021-11-02 13:30:27.712500,Sitting_With_Movement
2021-11-02 13:30:33.862500,Sitting_With_Movement
2021-11-02 13:30:40.012500,Sitting_With_Movement
2021-11-02 13:30:46.175000,Sitting_With_Movement
2021-11-02 13:30:52.325000,Sitting_With_Movement
2021-11-02 13:30:58.475000,Sitting_With_Movement
2021-11-02 13:31:04.625000,Sitting_With_Movement
2021-11-02 13:31:10.787500,Sitting_With_Movement
2021-11-02 13:31:16.937500,Sitting_With_Movement
2021-11-02 13:31:23.087500,Sitting_With_Movement
2021-11-02 13:31:29.250000,Sitting_With_Movement
2021-11-02 13:31:35.400000,Sitting_With_Movement
2021-11-02 13:31:41.550000,Sitting_With_Movement
2021-11-02 13:31:47.712500,Sitting_With_Movement
2021-11-02 13:31:53.862500,Sitting_With_Movement
2021-11-02 13:32:00.012500,Sitting_With_Movement
2021-11-02 13:32:06.175000,Sitting_With_Movement
2021-11-02 13:32:12.325000,Sitting_With_Movement
2021-11-02 13:32:18.475000,Sitting_With_Movement
2021-11-02 13:32:24.625000,Sitting_With_Movement
2021-11-02 13:32:30.787500,Sitting_With_Movement
2021-11-02 13:32:36.937500,Sitting_With_Movement
2021-11-02 13:32:43.087500,Sitting_With_Movement
2021-11-02 13:32:49.250000,Sitting_With_Movement
2021-11-02 13:32:55.400000,Sitting_With_Movement
2021-11-02 13:33:01.550000,Sitting_With_Movement
2021-11-02 13:33:07.712500,Sitting_With_Movement
2021-11-02 13:33:13.862500,Sitting_With_Movement
2021-11-02 13:33:20.012500,Sitting_With_Movement
2021-11-02 13:33:26.175000,Sitting_With_Movement
2021-11-02 13:33:32.325000,Sitting_With_Movement
2021-11-02 13:33:38.475000,Sitting_With_Movement
2021-11-02 13:33:44.625000,Sitting_With_Movement
2021-11-02 13:33:50.787500,Sitting_With_Movement
2021-11-02 13:33:56.937500,Sitting_With_Movement
2021-11-02 13:34:03.087500,Sitting_With_Movement
2021-11-02 13:34:09.250000,Sitting_With_Movement
2021-11-02 13:34:15.400000,Sitting_With_Movement
2021-11-02 13:34:21.550000,Sitting_With_Movement
2021-11-02 13:34:27.712500,Sitting_With_Movement
2021-11-02 13:34:33.862500,Sitting_With_Movement
2021-11-02 13:34:40.012500,Sitting_With_Movement
2021-11-02 13:34:46.175000,Sitting_With_Movement
2021-11-02 13:34:52.325000,Sitting_With_Movement
2021-11-02 13:34:58.475000,Sitting_With_Movement
2021-11-02 13:35:04.625000,Sitting_With_Movement
2021-11-02 13:35:10.787500,Sitting_With_Movement
2021-11-02 13:35:16.937500,Sitting_With_Movement
2021-11-02 13:35:23.087500,Sitting_With_Movement
2021-11-02 13:35:29.250000,Sitting_With_Movement
2021-11-02 13:35:35.400000,Sitting_With_Movement
2021-11-02 13:35:41.550000,Sitting_With_Movement
2021-11-02 13:35:47.712500,Sitting_With_Movement
2021-11-02 13:35:53.862500,Sitting_With_Movement
2021-11-02 13:36:00.012500,Sitting_With_Movement
2021-11-02 13:36:06.175000,Sitting_With_Movement
2021-11-02 13:36:12.325000,Sitting_With_Movement
2021-11-02 13:36:18.475000,Sitting_With_Movement
2021-11-02 13:36:24.625000,Sitting_With_Movement
2021-11-02 13:36:30.787500,Sitting_With_Movement
2021-11-02 13:36:36.937500,Sitting_With_Movement
2021-11-02 13:36:43.087500,Sitting_With_Movement
2021-11-02 13:36:49.250000,Sitting_With_Movement
2021-11-02 13:36:55.400000,Sitting_With_Movement
2021-11-02 13:37:01.550000,Sitting_With_Movement
2021-11-02 13:37:07.712500,Sitting_With_Movement
2021-11-02 13:37:13.862500,Sitting_With_Movement
2021-11-02 13:37:20.012500,Sitting_With_Movement
2021-11-02 13:37:26.175000,Sitting_With_Movement
2021-11-02 13:37:32.325000,Sitting_With_Movement
2021-11-02 13:37:38.475000,Sitting_With_Movement
2021-11-02 13:37:44.625000,Sitting_With_Movement
2021-11-02 13:37:50.787500,Sitting_With_Movement
2021-11-02 13:37:56.937500,Sitting_With_Movement
2021-11-02 13:38:03.087500,Sitting_With_Movement
2021-11-02 13:38:09.250000,Sitting_With_Movement
2021-11-02 13:38:15.400000,Sitting_With_Movement
2021-11-02 13:38:21.550000,Sitting_With_Movement
2021-11-02 13:38:27.712500,Sitting_With_Movement
2021-11-02 13:38:33.862500,Sitting_With_Movement
2021-11-02 13:38:40.012500,Sitting_With_Movement
2021-11-02 13:38:46.175000,Sitting_With_Movement
2021-11-02 13:38:52.325000,Sitting_With_Movement
2021-11-02 13:38:58.475000,Sitting_With_Movement
2021-11-02 13:39:04.625000,Sitting_With_Movement
2021-11-02 13:39:10.787500,Sitting_With_Movement
2021-11-02 13:39:16.937500,Sitting_With_Movement
2021-11-02 13:39:23.087500,Sitting_With_Movement
2021-11-02 13:39:29.250000,Sitting_With_Movement
2021-11-02 13:39:35.400000,Sitting_With_Movement
2021-11-02 13:39:41.550000,Sitting_With_Movement
2021-11-02 13:39:47.712500,Sitting_With_Movement
2021-11-02 13:39:53.862500,Sitting_With_Movement
2021-11-02 13:40:00.012500,Sitting_With_Movement
2021-11-02 13:40:06.175000,Sitting_With_Movement
2021-11-02 13:40:12.325000,Sitting_With_Movement
2021-11-02 13:40:18.475000,Sitting_With_Movement
2021-11-02 13:40:24.625000,Sitting_With_Movement
2021-11-02 13:40:30.787500,Sitting_With_Movement
2021-11-02 13:40:36.937500,Sitting_With_Movement
2021-11-02 13:40:43.087500,Sitting_With_Movement
2021-11-02 13:40:49.250000,Sitting_With_Movement
2021-11-02 13:40:55.400000,Sitting_With_Movement
2021-11-02 13:41:01.550000,Sitting_With_Movement
2021-11-02 13:41:07.712500,Sitting_With_Movement
2021-11-02 13:41:13.862500,Sitting_With_Movement
2021-11-02 13:41:20.012500,Sitting_With_Movement
2021-11-02 13:41:26.175000,Sitting_With_Movement
2021-11-02 13:41:32.325000,Sitting_With_Movement
2021-11-02 13:41:38.475000,Sitting_With_Movement
2021-11-02 13:41:44.625000,Sitting_With_Movement
2021-11-02 13:41:50.787500,Sitting_With_Movement
2021-11-02 13:41:56.937500,Sitting_With_Movement
2021-11-02 13:42:03.087500,Sitting_With_Movement
2021-11-02 13:42:09.250000,Sitting_With_Movement
2021-11-02 13:42:15.400000,Sitting_With_Movement
2021-11-02 13:42:21.550000,Sitting_With_Movement
2021-11-02 13:42:27.712500,Sitting_With_Movement
2021-11-02 13:42:33.862500,Sitting_With_Movement
2021-11-02 13:42:40.012500,Sitting_With_Movement
2021-11-02 13:42:46.175000,Sitting_With_Movement
2021-11-02 13:42:52.325000,Sitting_With_Movement
2021-11-02 13:42:58.475000,Sitting_With_Movement
2021-11-02 13:43:04.625000,Sitting_With_Movement
2021-11-02 13:43:10.787500,Sitting_With_Movement
2021-11-02 13:43:16.937500,Sitting_With_Movement
2021-11-02 13:43:23.087500,Sitting_With_Movement
2021-11-02 13:43:29.250000,Sitting_With_Movement
2021-11-02 13:43:35.400000,Sitting_With_Movement
2021-11-02 13:43:41.550000,Sitting_With_Movement
2021-11-02 13:43:47.712500,Sitting_With_Movement
2021-11-02 13:43:53.862500,Sitting_With_Movement
2021-11-02 13:44:00.012500,Sitting_With_Movement
2021-11-02 13:44:06.175000,Sitting_With_Movement
2021-11-02 13:44:12.325000,Sitting_With_Movement
2021-11-02 13:44:18.475000,Sitting_With_Movement
2021-11-02 13:44:24.625000,Sitting_With_Movement
2021-11-02 13:44:30.787500,Sitting_With_Movement
2021-11-02 13:44:36.937500,Sitting_With_Movement
2021-11-02 13:44:43.087500,Sitting_With_Movement
2021-11-02 13:44:49.250000,Sitting_With_Movement
2021-11-02 13:44:55.400000,Sitting_With_Movement
2021-11-02 13:45:01.550000,Sitting_With_Movement
2021-11-02 13:45:07.712500,Sitting_With_Movement
2021-11-02 13:45:13.862500,Sitting_With_Movement
2021-11-02 13:45:20.012500,Sitting_With_Movement
2021-11-02 13:45:26.175000,Sitting_With_Movement
2021-11-02 13:45:32.325000,Sitting_With_Movement
2021-11-02 13:45:38.475000,Sitting_With_Movement
2021-11-02 13:45:44.625000,Sitting_With_Movement
2021-11-02 13:45:50.787500,Sitting_With_Movement
2021-11-02 13:45:56.937500,Sitting_With_Movement
2021-11-02 13:46:03.087500,Sitting_With_Movement
2021-11-02 13:46:09.250000,Sitting_With_Movement
2021-11-02 13:46:15.400000,Sitting_With_Movement
2021-11-02 13:46:21.550000,Sitting_With_Movement
2021-11-02 13:46:27.712500,Sitting_With_Movement
2021-11-02 13:46:33.862500,Sitting_With_Movement
2021-11-02 13:46:40.012500,Sitting_With_Movement
2021-11-02 13:46:46.175000,Sitting_With_Movement
2021-11-02 13:46:52.325000,Sitting_With_Movement
2021-11-02 13:46:58.475000,Sitting_With_Movement
2021-11-02 13:47:04.625000,Sitting_With_Movement
2021-11-02 13:47:10.787500,Sitting_With_Movement
2021-11-02 13:47:16.937500,Sitting_With_Movement
2021-11-02 13:47:23.087500,Sitting_With_Movement
2021-11-02 13:47:29.250000,Sitting_With_Movement
2021-11-02 13:47:35.400000,Sitting_With_Movement
2021-11-02 13:47:41.550000,Sitting_With_Movement
2021-11-02 13:47:47.712500,Sitting_With_Movement
2021-11-02 13:47:53.862500,Sitting_With_Movement
2021-11-02 13:48:00.012500,Sitting_With_Movement
2021-11-02 13:48:06.175000,Sitting_With_Movement
2021-11-02 13:48:12.325000,Sitting_With_Movement
2021-11-02 13:48:18.475000,Sitting_With_Movement
2021-11-02 13:48:24.625000,Sitting_With_Movement
2021-11-02 13:48:30.787500,Sitting_With_Movement
2021-11-02 13:48:36.937500,Sitting_With_Movement
2021-11-02 13:48:43.087500,Sitting_With_Movement
2021-11-02 13:48:49.250000,Sitting_With_Movement
2021-11-02 13:48:55.400000,Sitting_With_Movement
2021-11-02 13:49:01.550000,Sitting_With_Movement
2021-11-02 13:49:07.712500,Sitting_With_Movement
2021-11-02 13:49:13.862500,Sitting_With_Movement
2021-11-02 13:49:20.012500,Sitting_With_Movement
2021-11-02 13:49:26.175000,Sitting_With_Movement
2021-11-02 13:49:32.325000,Sitting_With_Movement
2021-11-02 13:49:38.475000,Sitting_With_Movement
2021-11-02 13:49:44.625000,Sitting_With_Movement
2021-11-02 13:49:50.787500,Sitting_With_Movement
2021-11-02 13:49:56.937500,Sitting_With_Movement
2021-11-02 13:50:03.087500,Sitting_With_Movement
2021-11-02 13:50:09.250000,Sitting_With_Movement
2021-11-02 13:50:15.400000,Sitting_With_Movement
2021-11-02 13:50:21.550000,Sitting_With_Movement
2021-11-02 13:50:27.712500,Sitting_With_Movement
2021-11-02 13:50:33.862500,Sitting_With_Movement
2021-11-02 13:50:40.012500,Sitting_With_Movement
2021-11-02 13:50:46.175000,Sitting_With_Movement
2021-11-02 13:50:52.325000,Sitting_With_Movement
2021-11-02 13:50:58.475000,Sitting_With_Movement
2021-11-02 13:51:04.625000,Sitting_With_Movement
2021-11-02 13:51:10.787500,Sitting_With_Movement
2021-11-02 13:51:16.937500,Sitting_With_Movement
2021-11-02 13:51:23.087500,Sitting_With_Movement
2021-11-02 13:51:29.250000,Sitting_With_Movement
2021-11-02 13:51:35.400000,Sitting_With_Movement
2021-11-02 13:51:41.550000,Sitting_With_Movement
2021-11-02 13:51:47.712500,Sitting_With_Movement
2021-11-02 13:51:53.862500,Sitting_With_Movement
2021-11-02 13:52:00.012500,Sitting_With_Movement
2021-11-02 13:52:06.175000,Sitting_With_Movement
2021-11-02 13:52:12.325000,Sitting_With_Movement
2021-11-02 13:52:18.475000,Sitting_With_Movement
2021-11-02 13:52:24.625000,Sitting_With_Movement
2021-11-02 13:52:30.787500,Sitting_With_Movement
2021-11-02 13:52:36.937500,Sitting_With_Movement
2021-11-02 13:52:43.087500,Sitting_With_Movement
2021-11-02 13:52:49.250000,Sitting_With_Movement
2021-11-02 13:52:55.400000,Sitting_With_Movement
2021-11-02 13:53:01.550000,Sitting_With_Movement
2021-11-02 13:53:07.712500,Sitting_With_Movement
2021-11-02 13:53:13.862500,Sitting_With_Movement
2021-11-02 13:53:20.012500,Sitting_With_Movement
2021-11-02 13:53:26.175000,Sitting_With_Movement
2021-11-02 13:53:32.325000,Sitting_With_Movement
2021-11-02 13:53:38.475000,Sitting_With_Movement
2021-11-02 13:53:44.625000,Sitting_With_Movement
2021-11-02 13:53:50.787500,Sitting_With_Movement
2021-11-02 13:53:56.937500,Sitting_With_Movement
2021-11-02 13:54:03.087500,Sitting_With_Movement
2021-11-02 13:54:09.250000,Sitting_With_Movement
2021-11-02 13:54:15.400000,Sitting_With_Movement
2021-11-02 13:54:21.550000,Sitting_With_Movement
2021-11-02 13:54:27.712500,Sitting_With_Movement
2021-11-02 13:54:33.862500,Sitting_With_Movement
2021-11-02 13:54:40.012500,Sitting_With_Movement
2021-11-02 13:54:46.175000,Sitting_With_Movement
2021-11-02 13:54:52.325000,Sitting_With_Movement
2021-11-02 13:54:58.475000,Sitting_With_Movement
2021-11-02 13:55:04.625000,Sitting_With_Movement
2021-11-02 13:55:10.787500,Sitting_With_Movement
2021-11-02 13:55:16.937500,Sitting_With_Movement
2021-11-02 13:55:23.087500,Sitting_With_Movement
2021-11-02 13:55:29.250000,Sitting_With_Movement
2021-11-02 13:55:35.400000,Sitting_With_Movement
2021-11-02 13:55:41.550000,Sitting_With_Movement
2021-11-02 13:55:47.712500,Sitting_With_Movement
2021-11-02 13:55:53.862500,Sitting_With_Movement
2021-11-02 13:56:00.012500,Sitting_With_Movement
2021-11-02 13:56:06.175000,Sitting_With_Movement
2021-11-02 13:56:12.325000,Sitting_With_Movement
2021-11-02 13:56:18.475000,Sitting_With_Movement
2021-11-02 13:56:24.625000,Sitting_With_Movement
2021-11-02 13:56:30.787500,Sitting_With_Movement
2021-11-02 13:56:36.937500,Sitting_With_Movement
2021-11-02 13:56:43.087500,Sitting_With_Movement
2021-11-02 13:56:49.250000,Sitting_With_Movement
2021-11-02 13:56:55.400000,Sitting_With_Movement
2021-11-02 13:57:01.550000,Sitting_With_Movement
2021-11-02 13:57:07.712500,Sitting_With_Movement
2021-11-02 13:57:13.862500,Sitting_With_Movement
2021-11-02 13:57:20.012500,Sitting_With_Movement
2021-11-02 13:57:26.175000,Sitting_With_Movement
2021-11-02 13:57:32.325000,Sitting_With_Movement
2021-11-02 13:57:38.475000,Sitting_With_Movement
2021-11-02 13:57:44.625000,Sitting_With_Movement
2021-11-02 13:57:50.787500,Sitting_With_Movement
2021-11-02 13:57:56.937500,Sitting_With_Movement
2021-11-02 13:58:03.087500,Sitting_With_Movement
2021-11-02 13:58:09.250000,Sitting_With_Movement
2021-11-02 13:58:15.400000,Sitting_With_Movement
2021-11-02 13:58:21.550000,Sitting_With_Movement
2021-11-02 13:58:27.712500,Sitting_With_Movement
2021-11-02 13:58:33.862500,Sitting_With_Movement
2021-11-02 13:58:40.012500,Sitting_With_Movement
2021-11-02 13:58:46.175000,Sitting_With_Movement
2021-11-02 13:58:52.325000,Sitting_With_Movement
2021-11-02 13:58:58.475000,Sitting_With_Movement
2021-11-02 13:59:04.625000,Sitting_With_Movement
2021-11-02 13:59:10.787500,Sitting_With_Movement
2021-11-02 13:59:16.937500,Sitting_With_Movement
2021-11-02 13:59:23.087500,Sitting_With_Movement
2021-11-02 13:59:29.250000,Sitting_With_Movement
2021-11-02 13:59:35.400000,Sitting_With_Movement
2021-11-02 13:59:41.550000,Sitting_With_Movement
2021-11-02 13:59:47.712500,Sitting_With_Movement
2021-11-02 13:59:53.862500,Sitting_With_Movement
2021-11-02 14:00:00.012500,Sitting_With_Movement
2021-11-02 14:00:06.175000,Sitting_With_Movement
2021-11-02 14:00:12.325000,Sitting_With_Movement
2021-11-02 14:00:18.475000,Sitting_With_Movement
2021-11-02 14:00:24.625000,Sitting_With_Movement
2021-11-02 14:00:30.787500,Sitting_With_Movement
2021-11-02 14:00:36.937500,Sitting_With_Movement
2021-11-02 14:00:43.087500,Sitting_With_Movement
2021-11-02 14:00:49.250000,Sitting_With_Movement
2021-11-02 14:00:55.400000,Sitting_With_Movement
2021-11-02 14:01:01.550000,Sitting_With_Movement
2021-11-02 14:01:07.712500,Sitting_With_Movement
2021-11-02 14:01:13.862500,Sitting_With_Movement
2021-11-02 14:01:20.012500,Sitting_With_Movement
2021-11-02 14:01:26.175000,Sitting_With_Movement
2021-11-02 14:01:32.325000,Sitting_With_Movement
2021-11-02 14:01:38.475000,Sitting_With_Movement
2021-11-02 14:01:44.625000,Sitting_With_Movement
2021-11-02 14:01:50.787500,Sitting_With_Movement
2021-11-02 14:01:56.937500,Sitting_With_Movement
2021-11-02 14:02:03.087500,Sitting_With_Movement
2021-11-02 14:02:09.250000,Sitting_With_Movement
2021-11-02 14:02:15.400000,Sitting_With_Movement
2021-11-02 14:02:21.550000,Sitting_With_Movement
2021-11-02 14:02:27.712500,Sitting_With_Movement
2021-11-02 14:02:33.862500,Sitting_With_Movement
2021-11-02 14:02:40.012500,Sitting_With_Movement
2021-11-02 14:02:46.175000,Sitting_With_Movement
2021-11-02 14:02:52.325000,Sitting_With_Movement
2021-11-02 14:02:58.475000,Sitting_With_Movement
2021-11-02 14:03:04.625000,Sitting_With_Movement
2021-11-02 14:03:10.787500,Sitting_With_Movement
2021-11-02 14:03:16.937500,Sitting_With_Movement
2021-11-02 14:03:23.087500,Sitting_With_Movement
2021-11-02 14:03:29.250000,Sitting_With_Movement
2021-11-02 14:03:35.400000,Sitting_With_Movement
2021-11-02 14:03:41.550000,Sitting_With_Movement
2021-11-02 14:03:47.712500,Sitting_With_Movement
2021-11-02 14:03:53.862500,Sitting_With_Movement
2021-11-02 14:04:00.012500,Sitting_With_Movement
2021-11-02 14:04:06.175000,Sitting_With_Movement
2021-11-02 14:04:12.325000,Sitting_With_Movement
2021-11-02 14:04:18.475000,Sitting_With_Movement
2021-11-02 14:04:24.625000,Sitting_With_Movement
2021-11-02 14:04:30.787500,Sitting_With_Movement
2021-11-02 14:04:36.937500,Sitting_With_Movement
2021-11-02 14:04:43.087500,Sitting_With_Movement
2021-11-02 14:04:49.250000,Sitting_With_Movement
2021-11-02 14:04:55.400000,Sitting_With_Movement
2021-11-02 14:05:01.550000,Sitting_With_Movement
2021-11-02 14:05:07.712500,Sitting_With_Movement
2021-11-02 14:05:13.862500,Sitting_With_Movement
2021-11-02 14:05:20.012500,Sitting_With_Movement
2021-11-02 14:05:26.175000,Sitting_With_Movement
2021-11-02 14:05:32.325000,Sitting_With_Movement
2021-11-02 14:05:38.475000,Sitting_With_Movement
2021-11-02 14:05:44.637500,Sitting_With_Movement
2021-11-02 14:05:50.787500,Sitting_With_Movement
2021-11-02 14:05:56.937500,Sitting_With_Movement
2021-11-02 14:06:03.087500,Sitting_With_Movement
2021-11-02 14:06:09.250000,Sitting_With_Movement
2021-11-02 14:06:15.400000,Sitting_With_Movement
2021-11-02 14:06:21.550000,Sitting_With_Movement
2021-11-02 14:06:27.712500,Sitting_With_Movement
2021-11-02 14:06:33.862500,Sitting_With_Movement
2021-11-02 14:06:40.012500,Sitting_With_Movement
2021-11-02 14:06:46.175000,Sitting_With_Movement
2021-11-02 14:06:52.325000,Sitting_With_Movement
2021-11-02 14:06:58.475000,Sitting_With_Movement
2021-11-02 14:07:04.637500,Sitting_With_Movement
2021-11-02 14:07:10.787500,Sitting_With_Movement
2021-11-02 14:07:16.937500,Sitting_With_Movement
2021-11-02 14:07:23.087500,Sitting_With_Movement
2021-11-02 14:07:29.250000,Sitting_With_Movement
2021-11-02 14:07:35.400000,Sitting_With_Movement
2021-11-02 14:07:41.550000,Sitting_With_Movement
2021-11-02 14:07:47.712500,Sitting_With_Movement
2021-11-02 14:07:53.862500,Sitting_With_Movement
2021-11-02 14:08:00.012500,Sitting_With_Movement
2021-11-02 14:08:06.175000,Sitting_With_Movement
2021-11-02 14:08:12.325000,Sitting_With_Movement
2021-11-02 14:08:18.475000,Sitting_With_Movement
2021-11-02 14:08:24.637500,Sitting_With_Movement
2021-11-02 14:08:30.787500,Sitting_With_Movement
2021-11-02 14:08:36.937500,Sitting_With_Movement
2021-11-02 14:08:43.087500,Sitting_With_Movement
2021-11-02 14:08:49.250000,Sitting_With_Movement
2021-11-02 14:08:55.400000,Sitting_With_Movement
2021-11-02 14:09:01.550000,Sitting_With_Movement
2021-11-02 14:09:07.712500,Sitting_With_Movement
2021-11-02 14:09:13.862500,Sitting_With_Movement
2021-11-02 14:09:20.012500,Sitting_With_Movement
2021-11-02 14:09:26.175000,Sitting_With_Movement
2021-11-02 14:09:32.325000,Sitting_With_Movement
2021-11-02 14:09:38.475000,Sitting_With_Movement
2021-11-02 14:09:44.637500,Sitting_With_Movement
2021-11-02 14:09:50.787500,Sitting_With_Movement
2021-11-02 14:09:56.937500,Sitting_With_Movement
2021-11-02 14:10:03.087500,Sitting_With_Movement
2021-11-02 14:10:09.250000,Sitting_With_Movement
2021-11-02 14:10:15.400000,Sitting_With_Movement
2021-11-02 14:10:21.550000,Sitting_With_Movement
2021-11-02 14:10:27.712500,Sitting_With_Movement
2021-11-02 14:10:33.862500,Sitting_With_Movement
2021-11-02 14:10:40.012500,Sitting_With_Movement
2021-11-02 14:10:46.175000,Sitting_With_Movement
2021-11-02 14:10:52.325000,Sitting_With_Movement
2021-11-02 14:10:58.475000,Sitting_With_Movement
2021-11-02 14:11:04.637500,Sitting_With_Movement
2021-11-02 14:11:10.787500,Sitting_With_Movement
2021-11-02 14:11:16.937500,Sitting_With_Movement
2021-11-02 14:11:23.087500,Sitting_With_Movement
2021-11-02 14:11:29.250000,Sitting_With_Movement
2021-11-02 14:11:35.400000,Sitting_With_Movement
2021-11-02 14:11:41.550000,Sitting_With_Movement
2021-11-02 14:11:47.712500,Sitting_With_Movement
2021-11-02 14:11:53.862500,Sitting_With_Movement
2021-11-02 14:12:00.012500,Sitting_With_Movement
2021-11-02 14:12:06.175000,Sitting_With_Movement
2021-11-02 14:12:12.325000,Sitting_With_Movement
2021-11-02 14:12:18.475000,Sitting_With_Movement
2021-11-02 14:12:24.637500,Sitting_With_Movement
2021-11-02 14:12:30.787500,Sitting_With_Movement
2021-11-02 14:12:36.937500,Sitting_With_Movement
2021-11-02 14:12:43.087500,Sitting_With_Movement
2021-11-02 14:12:49.250000,Sitting_With_Movement
2021-11-02 14:12:55.400000,Sitting_With_Movement
2021-11-02 14:13:01.550000,Sitting_With_Movement
2021-11-02 14:13:07.712500,Sitting_With_Movement
2021-11-02 14:13:13.862500,Sitting_With_Movement
2021-11-02 14:13:20.012500,Sitting_With_Movement
2021-11-02 14:13:26.175000,Sitting_With_Movement
2021-11-02 14:13:32.325000,Sitting_With_Movement
2021-11-02 14:13:38.475000,Sitting_With_Movement
2021-11-02 14:13:44.637500,Sitting_With_Movement
2021-11-02 14:13:50.787500,Sitting_With_Movement
2021-11-02 14:13:56.937500,Sitting_With_Movement
2021-11-02 14:14:03.087500,Sitting_With_Movement
2021-11-02 14:14:09.250000,Sitting_With_Movement
2021-11-02 14:14:15.400000,Sitting_With_Movement
2021-11-02 14:14:21.550000,Sitting_With_Movement
2021-11-02 14:14:27.712500,Sitting_With_Movement
2021-11-02 14:14:33.862500,Sitting_With_Movement
2021-11-02 14:14:40.012500,Sitting_With_Movement
2021-11-02 14:14:46.175000,Sitting_With_Movement
2021-11-02 14:14:52.325000,Sitting_With_Movement
2021-11-02 14:14:58.475000,Sitting_With_Movement
2021-11-02 14:15:04.637500,Sitting_With_Movement
2021-11-02 14:15:10.787500,Sitting_With_Movement
2021-11-02 14:15:16.937500,Sitting_With_Movement
2021-11-02 14:15:23.087500,Sitting_With_Movement
2021-11-02 14:15:29.250000,Sitting_With_Movement
2021-11-02 14:15:35.400000,Sitting_With_Movement
2021-11-02 14:15:41.550000,Sitting_With_Movement
2021-11-02 14:15:47.712500,Sitting_With_Movement
2021-11-02 14:15:53.862500,Sitting_With_Movement
2021-11-02 14:16:00.012500,Sitting_With_Movement
2021-11-02 14:16:06.175000,Sitting_With_Movement
2021-11-02 14:16:12.325000,Sitting_With_Movement
2021-11-02 14:16:18.475000,Sitting_With_Movement
2021-11-02 14:16:24.637500,Sitting_With_Movement
2021-11-02 14:16:30.787500,Sitting_With_Movement
2021-11-02 14:16:36.937500,Sitting_With_Movement
2021-11-02 14:16:43.087500,Sitting_With_Movement
2021-11-02 14:16:49.250000,Sitting_With_Movement
2021-11-02 14:16:55.400000,Sitting_With_Movement
2021-11-02 14:17:01.550000,Sitting_With_Movement
2021-11-02 14:17:07.712500,Sitting_With_Movement
2021-11-02 14:17:13.862500,Sitting_With_Movement
2021-11-02 14:17:20.012500,Sitting_With_Movement
2021-11-02 14:17:26.175000,Sitting_With_Movement
2021-11-02 14:17:32.325000,Sitting_With_Movement
2021-11-02 14:17:38.475000,Sitting_With_Movement
2021-11-02 14:17:44.637500,Sitting_With_Movement
2021-11-02 14:17:50.787500,Sitting_With_Movement
2021-11-02 14:17:56.937500,Sitting_With_Movement
2021-11-02 14:18:03.087500,Sitting_With_Movement
2021-11-02 14:18:09.250000,Sitting_With_Movement
2021-11-02 14:18:15.400000,Sitting_With_Movement
2021-11-02 14:18:21.550000,Sitting_With_Movement
2021-11-02 14:18:27.712500,Sitting_With_Movement
2021-11-02 14:18:33.862500,Sitting_With_Movement
2021-11-02 14:18:40.012500,Sitting_With_Movement
2021-11-02 14:18:46.175000,Sitting_With_Movement
2021-11-02 14:18:52.325000,Sitting_With_Movement
2021-11-02 14:18:58.475000,Sitting_With_Movement
2021-11-02 14:19:04.637500,Sitting_With_Movement
2021-11-02 14:19:10.787500,Sitting_With_Movement
2021-11-02 14:19:16.937500,Sitting_With_Movement
2021-11-02 14:19:23.087500,Sitting_With_Movement
2021-11-02 14:19:29.250000,Sitting_With_Movement
2021-11-02 14:19:35.400000,Sitting_With_Movement
2021-11-02 14:19:41.550000,Sitting_With_Movement
2021-11-02 14:19:47.712500,Sitting_With_Movement
2021-11-02 14:19:53.862500,Sitting_With_Movement
2021-11-02 14:20:00.012500,Sitting_With_Movement
2021-11-02 14:20:06.175000,Sitting_With_Movement
2021-11-02 14:20:12.325000,Sitting_With_Movement
2021-11-02 14:20:18.475000,Sitting_With_Movement
2021-11-02 14:20:24.637500,Sitting_With_Movement
2021-11-02 14:20:30.787500,Sitting_With_Movement
2021-11-02 14:20:36.937500,Sitting_With_Movement
2021-11-02 14:20:43.087500,Sitting_With_Movement
2021-11-02 14:20:49.250000,Sitting_With_Movement
2021-11-02 14:20:55.400000,Sitting_With_Movement
2021-11-02 14:21:01.550000,Sitting_With_Movement
2021-11-02 14:21:07.712500,Sitting_With_Movement
2021-11-02 14:21:13.862500,Sitting_With_Movement
2021-11-02 14:21:20.012500,Sitting_With_Movement
2021-11-02 14:21:26.175000,Sitting_With_Movement
2021-11-02 14:21:32.325000,Sitting_With_Movement
2021-11-02 14:21:38.475000,Sitting_With_Movement
2021-11-02 14:21:44.637500,Sitting_With_Movement
2021-11-02 14:21:50.787500,Sitting_With_Movement
2021-11-02 14:21:56.937500,Sitting_With_Movement
2021-11-02 14:22:03.087500,Sitting_With_Movement
2021-11-02 14:22:09.250000,Sitting_With_Movement
2021-11-02 14:22:15.400000,Sitting_With_Movement
2021-11-02 14:22:21.550000,Sitting_With_Movement
2021-11-02 14:22:27.712500,Sitting_With_Movement
2021-11-02 14:22:33.862500,Sitting_With_Movement
2021-11-02 14:22:40.012500,Sitting_With_Movement
2021-11-02 14:22:46.175000,Sitting_With_Movement
2021-11-02 14:22:52.325000,Sitting_With_Movement
2021-11-02 14:22:58.475000,Sitting_With_Movement
2021-11-02 14:23:04.637500,Sitting_With_Movement
2021-11-02 14:23:10.787500,Sitting_With_Movement
2021-11-02 14:23:16.937500,Sitting_With_Movement
2021-11-02 14:23:23.087500,Sitting_With_Movement
2021-11-02 14:23:29.250000,Sitting_With_Movement
2021-11-02 14:23:35.400000,Sitting_With_Movement
2021-11-02 14:23:41.550000,Sitting_With_Movement
2021-11-02 14:23:47.712500,Sitting_With_Movement
2021-11-02 14:23:53.862500,Sitting_With_Movement
2021-11-02 14:24:00.012500,Sitting_With_Movement
2021-11-02 14:24:06.175000,Sitting_With_Movement
2021-11-02 14:24:12.325000,Sitting_With_Movement
2021-11-02 14:24:18.475000,Sitting_With_Movement
2021-11-02 14:24:24.637500,Sitting_With_Movement
2021-11-02 14:24:30.787500,Sitting_With_Movement
2021-11-02 14:24:36.937500,Sitting_With_Movement
2021-11-02 14:24:43.087500,Sitting_With_Movement
2021-11-02 14:24:49.250000,Sitting_With_Movement
2021-11-02 14:24:55.400000,Sitting_With_Movement
2021-11-02 14:25:01.550000,Sitting_With_Movement
2021-11-02 14:25:07.712500,Sitting_With_Movement
2021-11-02 14:25:13.862500,Sitting_With_Movement
2021-11-02 14:25:20.012500,Sitting_With_Movement
2021-11-02 14:25:26.175000,Sitting_With_Movement
2021-11-02 14:25:32.325000,Sitting_With_Movement
2021-11-02 14:25:38.475000,Sitting_With_Movement
2021-11-02 14:25:44.637500,Sitting_With_Movement
2021-11-02 14:25:50.787500,Sitting_With_Movement
2021-11-02 14:25:56.937500,Sitting_With_Movement
2021-11-02 14:26:03.087500,Sitting_With_Movement
2021-11-02 14:26:09.250000,Sitting_With_Movement
2021-11-02 14:26:15.400000,Sitting_With_Movement
2021-11-02 14:26:21.550000,Sitting_With_Movement
2021-11-02 14:26:27.712500,Sitting_With_Movement
2021-11-02 14:26:33.862500,Sitting_With_Movement
2021-11-02 14:26:40.012500,Sitting_With_Movement
2021-11-02 14:26:46.175000,Sitting_With_Movement
2021-11-02 14:26:52.325000,Sitting_With_Movement
2021-11-02 14:26:58.475000,Sitting_With_Movement
2021-11-02 14:27:04.637500,Sitting_With_Movement
2021-11-02 14:27:10.787500,Sitting_With_Movement
2021-11-02 14:27:16.937500,Sitting_With_Movement
2021-11-02 14:27:23.087500,Sitting_With_Movement
2021-11-02 14:27:29.250000,Sitting_With_Movement
2021-11-02 14:27:35.400000,Sitting_With_Movement
2021-11-02 14:27:41.550000,Sitting_With_Movement
2021-11-02 14:27:47.712500,Sitting_With_Movement
2021-11-02 14:27:53.862500,Sitting_With_Movement
2021-11-02 14:28:00.012500,Sitting_With_Movement
2021-11-02 14:28:06.175000,Sitting_With_Movement
2021-11-02 14:28:12.325000,Sitting_With_Movement
2021-11-02 14:28:18.475000,Sitting_With_Movement
2021-11-02 14:28:24.637500,Sitting_With_Movement
2021-11-02 14:28:30.787500,Sitting_With_Movement
2021-11-02 14:28:36.937500,Sitting_With_Movement
2021-11-02 14:28:43.087500,Sitting_With_Movement
2021-11-02 14:28:49.250000,Sitting_With_Movement
2021-11-02 14:28:55.400000,Sitting_With_Movement
2021-11-02 14:29:01.550000,Sitting_With_Movement
2021-11-02 14:29:07.712500,Sitting_With_Movement
2021-11-02 14:29:13.862500,Sitting_With_Movement
2021-11-02 14:29:20.012500,Sitting_With_Movement
2021-11-02 14:29:26.175000,Sitting_With_Movement
2021-11-02 14:29:32.325000,Sitting_With_Movement
2021-11-02 14:29:38.475000,Sitting_With_Movement
2021-11-02 14:29:44.637500,Sitting_With_Movement
2021-11-02 14:29:50.787500,Sitting_With_Movement
2021-11-02 14:29:56.937500,Sitting_With_Movement
2021-11-02 14:30:03.087500,Sitting_With_Movement
2021-11-02 14:30:09.250000,Sitting_With_Movement
2021-11-02 14:30:15.400000,Sitting_With_Movement
2021-11-02 14:30:21.550000,Sitting_With_Movement
2021-11-02 14:30:27.712500,Sitting_With_Movement
2021-11-02 14:30:33.862500,Sitting_With_Movement
2021-11-02 14:30:40.012500,Sitting_With_Movement
2021-11-02 14:30:46.175000,Sitting_With_Movement
2021-11-02 14:30:52.325000,Sitting_With_Movement
2021-11-02 14:30:58.475000,Sitting_With_Movement
2021-11-02 14:31:04.637500,Sitting_With_Movement
2021-11-02 14:31:10.787500,Sitting_With_Movement
2021-11-02 14:31:16.937500,Sitting_With_Movement
2021-11-02 14:31:23.087500,Sitting_With_Movement
2021-11-02 14:31:29.250000,Sitting_With_Movement
2021-11-02 14:31:35.400000,Sitting_With_Movement
2021-11-02 14:31:41.550000,Sitting_With_Movement
2021-11-02 14:31:47.712500,Sitting_With_Movement
2021-11-02 14:31:53.862500,Sitting_With_Movement
2021-11-02 14:32:00.012500,Sitting_With_Movement
2021-11-02 14:32:06.175000,Sitting_With_Movement
2021-11-02 14:32:12.325000,Sitting_With_Movement
2021-11-02 14:32:18.475000,Sitting_With_Movement
2021-11-02 14:32:24.637500,Sitting_With_Movement
2021-11-02 14:32:30.787500,Sitting_With_Movement
2021-11-02 14:32:36.937500,Sitting_With_Movement
2021-11-02 14:32:43.087500,Sitting_With_Movement
2021-11-02 14:32:49.250000,Sitting_With_Movement
2021-11-02 14:32:55.400000,Sitting_With_Movement
2021-11-02 14:33:01.550000,Sitting_With_Movement
2021-11-02 14:33:07.712500,Sitting_With_Movement
2021-11-02 14:33:13.862500,Sitting_With_Movement
2021-11-02 14:33:20.012500,Sitting_With_Movement
2021-11-02 14:33:26.175000,Sitting_With_Movement
2021-11-02 14:33:32.325000,Sitting_With_Movement
2021-11-02 14:33:38.475000,Sitting_With_Movement
2021-11-02 14:33:44.637500,Sitting_With_Movement
2021-11-02 14:33:50.787500,Sitting_With_Movement
2021-11-02 14:33:56.937500,Sitting_With_Movement
2021-11-02 14:34:03.087500,Sitting_With_Movement
2021-11-02 14:34:09.250000,Sitting_With_Movement
2021-11-02 14:34:15.400000,Sitting_With_Movement
2021-11-02 14:34:21.550000,Sitting_With_Movement
2021-11-02 14:34:27.712500,Sitting_With_Movement
2021-11-02 14:34:33.862500,Sitting_With_Movement
2021-11-02 14:34:40.012500,Sitting_With_Movement
2021-11-02 14:34:46.175000,Sitting_With_Movement
2021-11-02 14:34:52.325000,Sitting_With_Movement
2021-11-02 14:34:58.475000,Sitting_With_Movement
2021-11-02 14:35:04.637500,Sitting_With_Movement
2021-11-02 14:35:10.787500,Sitting_With_Movement
2021-11-02 14:35:16.937500,Sitting_With_Movement
2021-11-02 14:35:23.087500,Sitting_With_Movement
2021-11-02 14:35:29.250000,Sitting_With_Movement
2021-11-02 14:35:35.400000,Sitting_With_Movement
2021-11-02 14:35:41.550000,Sitting_With_Movement
2021-11-02 14:35:47.712500,Sitting_With_Movement
2021-11-02 14:35:53.862500,Sitting_With_Movement
2021-11-02 14:36:00.012500,Sitting_With_Movement
2021-11-02 14:36:06.175000,Sitting_With_Movement
2021-11-02 14:36:12.325000,Sitting_With_Movement
2021-11-02 14:36:18.475000,Sitting_With_Movement
2021-11-02 14:36:24.637500,Sitting_With_Movement
2021-11-02 14:36:30.787500,Sitting_With_Movement
2021-11-02 14:36:36.937500,Sitting_With_Movement
2021-11-02 14:36:43.087500,Sitting_With_Movement
2021-11-02 14:36:49.250000,Sitting_With_Movement
2021-11-02 14:36:55.400000,Sitting_With_Movement
2021-11-02 14:37:01.550000,Sitting_With_Movement
2021-11-02 14:37:07.712500,Sitting_With_Movement
2021-11-02 14:37:13.862500,Sitting_With_Movement
2021-11-02 14:37:20.012500,Sitting_With_Movement
2021-11-02 14:37:26.175000,Sitting_With_Movement
2021-11-02 14:37:32.325000,Sitting_With_Movement
2021-11-02 14:37:38.475000,Sitting_With_Movement
2021-11-02 14:37:44.637500,Sitting_With_Movement
2021-11-02 14:37:50.787500,Sitting_With_Movement
2021-11-02 14:37:56.937500,Sitting_With_Movement
2021-11-02 14:38:03.087500,Sitting_With_Movement
2021-11-02 14:38:09.250000,Sitting_With_Movement
2021-11-02 14:38:15.400000,Sitting_With_Movement
2021-11-02 14:38:21.550000,Sitting_With_Movement
2021-11-02 14:38:27.712500,Sitting_With_Movement
2021-11-02 14:38:33.862500,Sitting_With_Movement
2021-11-02 14:38:40.012500,Sitting_With_Movement
2021-11-02 14:38:46.175000,Sitting_With_Movement
2021-11-02 14:38:52.325000,Sitting_With_Movement
2021-11-02 14:38:58.475000,Sitting_With_Movement
2021-11-02 14:39:04.637500,Sitting_With_Movement
2021-11-02 14:39:10.787500,Sitting_With_Movement
2021-11-02 14:39:16.937500,Sitting_With_Movement
2021-11-02 14:39:23.087500,Sitting_With_Movement
2021-11-02 14:39:29.250000,Sitting_With_Movement
2021-11-02 14:39:35.400000,Sitting_With_Movement
2021-11-02 14:39:41.550000,Sitting_With_Movement
2021-11-02 14:39:47.712500,Sitting_With_Movement
2021-11-02 14:39:53.862500,Sitting_With_Movement
2021-11-02 14:40:00.012500,Sitting_With_Movement
2021-11-02 14:40:06.175000,Sitting_With_Movement
2021-11-02 14:40:12.325000,Sitting_With_Movement
2021-11-02 14:40:18.475000,Sitting_With_Movement
2021-11-02 14:40:24.637500,Sitting_With_Movement
2021-11-02 14:40:30.787500,Sitting_With_Movement
2021-11-02 14:40:36.937500,Sitting_With_Movement
2021-11-02 14:40:43.087500,Sitting_With_Movement
2021-11-02 14:40:49.250000,Sitting_With_Movement
2021-11-02 14:40:55.400000,Sitting_With_Movement
2021-11-02 14:41:01.550000,Sitting_With_Movement
2021-11-02 14:41:07.712500,Sitting_With_Movement
2021-11-02 14:41:13.862500,Sitting_With_Movement
2021-11-02 14:41:20.012500,Sitting_With_Movement
2021-11-02 14:41:26.175000,Sitting_With_Movement
2021-11-02 14:41:32.325000,Sitting_With_Movement
2021-11-02 14:41:38.475000,Sitting_With_Movement
2021-11-02 14:41:44.637500,Sitting_With_Movement
2021-11-02 14:41:50.787500,Sitting_With_Movement
2021-11-02 14:41:56.937500,Sitting_With_Movement
2021-11-02 14:42:03.087500,Sitting_With_Movement
2021-11-02 14:42:09.250000,Sitting_With_Movement
2021-11-02 14:42:15.400000,Sitting_With_Movement
2021-11-02 14:42:21.550000,Sitting_With_Movement
2021-11-02 14:42:27.712500,Sitting_With_Movement
2021-11-02 14:42:33.862500,Sitting_With_Movement
2021-11-02 14:42:40.012500,Sitting_With_Movement
2021-11-02 14:42:46.175000,Sitting_With_Movement
2021-11-02 14:42:52.325000,Sitting_With_Movement
2021-11-02 14:42:58.475000,Sitting_With_Movement
2021-11-02 14:43:04.637500,Sitting_With_Movement
2021-11-02 14:43:10.787500,Sitting_With_Movement
2021-11-02 14:43:16.937500,Sitting_With_Movement
2021-11-02 14:43:23.087500,Sitting_With_Movement
2021-11-02 14:43:29.250000,Sitting_With_Movement
2021-11-02 14:43:35.400000,Sitting_With_Movement
2021-11-02 14:43:41.550000,Sitting_With_Movement
2021-11-02 14:43:47.712500,Sitting_With_Movement
2021-11-02 14:43:53.862500,Sitting_With_Movement
2021-11-02 14:44:00.012500,Sitting_With_Movement
2021-11-02 14:44:06.175000,Sitting_With_Movement
2021-11-02 14:44:12.325000,Sitting_With_Movement
2021-11-02 14:44:18.475000,Sitting_With_Movement
2021-11-02 14:44:24.637500,Sitting_With_Movement
2021-11-02 14:44:30.787500,Sitting_With_Movement
2021-11-02 14:44:36.937500,Sitting_With_Movement
2021-11-02 14:44:43.087500,Sitting_With_Movement
2021-11-02 14:44:49.250000,Sitting_With_Movement
2021-11-02 14:44:55.400000,Sitting_With_Movement
2021-11-02 14:45:01.550000,Sitting_With_Movement
2021-11-02 14:45:07.712500,Sitting_With_Movement
2021-11-02 14:45:13.862500,Sitting_With_Movement
2021-11-02 14:45:20.012500,Sitting_With_Movement
2021-11-02 14:45:26.175000,Sitting_With_Movement
2021-11-02 14:45:32.325000,Sitting_With_Movement
2021-11-02 14:45:38.475000,Sitting_With_Movement
2021-11-02 14:45:44.637500,Sitting_With_Movement
2021-11-02 14:45:50.787500,Sitting_With_Movement
2021-11-02 14:45:56.937500,Sitting_With_Movement
2021-11-02 14:46:03.087500,Sitting_With_Movement
2021-11-02 14:46:09.250000,Sitting_With_Movement
2021-11-02 14:46:15.400000,Sitting_With_Movement
2021-11-02 14:46:21.550000,Sitting_With_Movement
2021-11-02 14:46:27.712500,Sitting_With_Movement
2021-11-02 14:46:33.862500,Sitting_With_Movement
2021-11-02 14:46:40.012500,Sitting_With_Movement
2021-11-02 14:46:46.175000,Sitting_With_Movement
2021-11-02 14:46:52.325000,Sitting_With_Movement
2021-11-02 14:46:58.475000,Sitting_With_Movement
2021-11-02 14:47:04.637500,Sitting_With_Movement
2021-11-02 14:47:10.787500,Sitting_With_Movement
2021-11-02 14:47:16.937500,Sitting_With_Movement
2021-11-02 14:47:23.087500,Sitting_With_Movement
2021-11-02 14:47:29.250000,Sitting_With_Movement
2021-11-02 14:47:35.400000,Sitting_With_Movement
2021-11-02 14:47:41.550000,Sitting_With_Movement
2021-11-02 14:47:47.712500,Sitting_With_Movement
2021-11-02 14:47:53.862500,Sitting_With_Movement
2021-11-02 14:48:00.012500,Sitting_With_Movement
2021-11-02 14:48:06.175000,Sitting_With_Movement
2021-11-02 14:48:12.325000,Sitting_With_Movement
2021-11-02 14:48:18.475000,Sitting_With_Movement
2021-11-02 14:48:24.637500,PA_Type_Video_Unavailable/Indecipherable
2021-11-02 14:48:30.787500,PA_Type_Video_Unavailable/Indecipherable
2021-11-02 14:48:36.937500,PA_Type_Video_Unavailable/Indecipherable
2021-11-02 14:48:43.087500,PA_Type_Video_Unavailable/Indecipherable
2021-11-02 14:48:49.250000,PA_Type_Video_Unavailable/Indecipherable
2021-11-02 14:48:55.400000,PA_Type_Video_Unavailable/Indecipherable
2021-11-02 14:49:01.550000,PA_Type_Video_Unavailable/Indecipherable
2021-11-02 14:49:07.712500,PA_Type_Video_Unavailable/Indecipherable
2021-11-02 14:49:13.862500,PA_Type_Video_Unavailable/Indecipherable
2021-11-02 14:49:20.012500,PA_Type_Video_Unavailable/Indecipherable
2021-11-02 14:49:26.175000,PA_Type_Video_Unavailable/Indecipherable
2021-11-02 14:49:32.325000,PA_Type_Video_Unavailable/Indecipherable
2021-11-02 14:49:38.475000,PA_Type_Video_Unavailable/Indecipherable
2021-11-02 14:49:44.637500,PA_Type_Video_Unavailable/Indecipherable
2021-11-02 14:49:50.787500,PA_Type_Video_Unavailable/Indecipherable
2021-11-02 14:49:56.937500,PA_Type_Video_Unavailable/Indecipherable
2021-11-02 14:50:03.087500,PA_Type_Video_Unavailable/Indecipherable
2021-11-02 14:50:09.250000,PA_Type_Video_Unavailable/Indecipherable
2021-11-02 14:50:15.400000,PA_Type_Video_Unavailable/Indecipherable
2021-11-02 14:50:21.550000,PA_Type_Video_Unavailable/Indecipherable
2021-11-02 14:50:27.712500,PA_Type_Video_Unavailable/Indecipherable
2021-11-02 14:50:33.862500,PA_Type_Video_Unavailable/Indecipherable
2021-11-02 14:50:40.012500,PA_Type_Video_Unavailable/Indecipherable
2021-11-02 14:50:46.175000,PA_Type_Video_Unavailable/Indecipherable
2021-11-02 14:50:52.325000,PA_Type_Video_Unavailable/Indecipherable
2021-11-02 14:50:58.475000,PA_Type_Video_Unavailable/Indecipherable
2021-11-02 14:51:04.637500,PA_Type_Video_Unavailable/Indecipherable
2021-11-02 14:51:10.787500,PA_Type_Video_Unavailable/Indecipherable
2021-11-02 14:51:16.937500,PA_Type_Video_Unavailable/Indecipherable
2021-11-02 14:51:23.087500,PA_Type_Video_Unavailable/Indecipherable
2021-11-02 14:51:29.250000,PA_Type_Video_Unavailable/Indecipherable
2021-11-02 14:51:35.400000,PA_Type_Video_Unavailable/Indecipherable
2021-11-02 14:51:41.550000,PA_Type_Video_Unavailable/Indecipherable
2021-11-02 14:51:47.712500,PA_Type_Video_Unavailable/Indecipherable
2021-11-02 14:51:53.862500,PA_Type_Video_Unavailable/Indecipherable
2021-11-02 14:52:00.012500,PA_Type_Video_Unavailable/Indecipherable
2021-11-02 14:52:06.175000,PA_Type_Video_Unavailable/Indecipherable
2021-11-02 14:52:12.325000,PA_Type_Video_Unavailable/Indecipherable
2021-11-02 14:52:18.475000,PA_Type_Video_Unavailable/Indecipherable
2021-11-02 14:52:24.637500,PA_Type_Video_Unavailable/Indecipherable
2021-11-02 14:52:30.787500,PA_Type_Video_Unavailable/Indecipherable
2021-11-02 14:52:36.937500,PA_Type_Video_Unavailable/Indecipherable
2021-11-02 14:52:43.087500,PA_Type_Video_Unavailable/Indecipherable
2021-11-02 14:52:49.250000,PA_Type_Video_Unavailable/Indecipherable
2021-11-02 14:52:55.400000,PA_Type_Video_Unavailable/Indecipherable
2021-11-02 14:53:01.550000,PA_Type_Video_Unavailable/Indecipherable
2021-11-02 14:53:07.712500,PA_Type_Video_Unavailable/Indecipherable
2021-11-02 14:53:13.862500,PA_Type_Video_Unavailable/Indecipherable
2021-11-02 14:53:20.012500,PA_Type_Video_Unavailable/Indecipherable
2021-11-02 14:53:26.175000,PA_Type_Video_Unavailable/Indecipherable
2021-11-02 14:53:32.325000,PA_Type_Video_Unavailable/Indecipherable
2021-11-02 14:53:38.475000,PA_Type_Video_Unavailable/Indecipherable
2021-11-02 14:53:44.637500,PA_Type_Video_Unavailable/Indecipherable
2021-11-02 14:53:50.787500,PA_Type_Video_Unavailable/Indecipherable
2021-11-02 14:53:56.937500,Sitting_With_Movement
2021-11-02 14:54:03.087500,Sitting_With_Movement
2021-11-02 14:54:09.250000,Sitting_With_Movement
2021-11-02 14:54:15.400000,Sitting_With_Movement
2021-11-02 14:54:21.550000,Sitting_With_Movement
2021-11-02 14:54:27.712500,Sitting_With_Movement
2021-11-02 14:54:33.862500,Sitting_With_Movement
2021-11-02 14:54:40.012500,Sitting_With_Movement
2021-11-02 14:54:46.175000,Walking
2021-11-02 14:54:52.325000,Walking
2021-11-02 14:54:58.475000,Walking
2021-11-02 14:55:04.637500,Walking
2021-11-02 14:55:10.787500,PA_Type_Video_Unavailable/Indecipherable
2021-11-02 14:55:16.937500,PA_Type_Video_Unavailable/Indecipherable
2021-11-02 14:55:23.087500,PA_Type_Video_Unavailable/Indecipherable
2021-11-02 14:55:29.250000,PA_Type_Video_Unavailable/Indecipherable
2021-11-02 14:55:35.400000,PA_Type_Video_Unavailable/Indecipherable
2021-11-02 14:55:41.550000,PA_Type_Video_Unavailable/Indecipherable
2021-11-02 14:55:47.712500,PA_Type_Video_Unavailable/Indecipherable
2021-11-02 14:55:53.862500,PA_Type_Video_Unavailable/Indecipherable
2021-11-02 14:56:00.012500,PA_Type_Video_Unavailable/Indecipherable
2021-11-02 14:56:06.175000,PA_Type_Video_Unavailable/Indecipherable
2021-11-02 14:56:12.325000,PA_Type_Video_Unavailable/Indecipherable
2021-11-02 14:56:18.475000,PA_Type_Video_Unavailable/Indecipherable
2021-11-02 14:56:24.637500,PA_Type_Video_Unavailable/Indecipherable
2021-11-02 14:56:30.787500,PA_Type_Video_Unavailable/Indecipherable
2021-11-02 14:56:36.937500,PA_Type_Video_Unavailable/Indecipherable
2021-11-02 14:56:43.087500,PA_Type_Video_Unavailable/Indecipherable
2021-11-02 14:56:49.250000,PA_Type_Video_Unavailable/Indecipherable
2021-11-02 14:56:55.400000,PA_Type_Video_Unavailable/Indecipherable
2021-11-02 14:57:01.550000,PA_Type_Video_Unavailable/Indecipherable
2021-11-02 14:57:07.712500,PA_Type_Video_Unavailable/Indecipherable
2021-11-02 14:57:13.862500,PA_Type_Video_Unavailable/Indecipherable
2021-11-02 14:57:20.012500,PA_Type_Video_Unavailable/Indecipherable
2021-11-02 14:57:26.175000,PA_Type_Video_Unavailable/Indecipherable
2021-11-02 14:57:32.325000,PA_Type_Video_Unavailable/Indecipherable
2021-11-02 14:57:38.475000,PA_Type_Video_Unavailable/Indecipherable
2021-11-02 14:57:44.637500,Walking
2021-11-02 14:57:50.787500,Walking
2021-11-02 14:57:56.937500,Walking
2021-11-02 14:58:03.087500,Standing_With_Movement
2021-11-02 14:58:09.250000,Standing_With_Movement
2021-11-02 14:58:15.400000,Standing_With_Movement
2021-11-02 14:58:21.550000,Standing_With_Movement
2021-11-02 14:58:27.712500,Standing_With_Movement
2021-11-02 14:58:33.862500,Standing_With_Movement
2021-11-02 14:58:40.012500,Standing_With_Movement
2021-11-02 14:58:46.175000,Standing_With_Movement
2021-11-02 14:58:52.325000,Standing_With_Movement
2021-11-02 14:58:58.475000,Standing_With_Movement
2021-11-02 14:59:04.637500,Standing_With_Movement
2021-11-02 14:59:10.787500,Standing_With_Movement
2021-11-02 14:59:16.937500,Standing_With_Movement
2021-11-02 14:59:23.087500,Standing_With_Movement
2021-11-02 14:59:29.250000,Standing_With_Movement
2021-11-02 14:59:35.400000,Standing_With_Movement
2021-11-02 14:59:41.550000,Standing_With_Movement
2021-11-02 14:59:47.712500,Standing_With_Movement
2021-11-02 14:59:53.862500,Puttering_Around
2021-11-02 15:00:00.012500,Puttering_Around
2021-11-02 15:00:06.175000,Puttering_Around
2021-11-02 15:00:12.325000,Puttering_Around
2021-11-02 15:00:18.475000,Puttering_Around
2021-11-02 15:00:24.637500,Puttering_Around
2021-11-02 15:00:30.787500,Walking
2021-11-02 15:00:36.937500,Walking
2021-11-02 15:00:43.087500,Walking
2021-11-02 15:00:49.250000,Walking
2021-11-02 15:00:55.400000,Walking
2021-11-02 15:01:01.550000,PA_Type_Other
2021-11-02 15:01:07.712500,Puttering_Around
2021-11-02 15:01:13.862500,Puttering_Around
2021-11-02 15:01:20.012500,Puttering_Around
2021-11-02 15:01:26.175000,Kneeling_With_Movement
2021-11-02 15:01:32.325000,Kneeling_With_Movement
2021-11-02 15:01:38.475000,Kneeling_With_Movement
2021-11-02 15:01:44.637500,Kneeling_With_Movement
2021-11-02 15:01:50.787500,Kneeling_With_Movement
2021-11-02 15:01:56.937500,Kneeling_With_Movement
2021-11-02 15:02:03.087500,Kneeling_With_Movement
2021-11-02 15:02:09.250000,Kneeling_With_Movement
2021-11-02 15:02:15.400000,Walking
2021-11-02 15:02:21.550000,Walking
2021-11-02 15:02:27.712500,Sitting_With_Movement
2021-11-02 15:02:33.862500,Walking
2021-11-02 15:02:40.012500,Walking
2021-11-02 15:02:46.175000,Walking
2021-11-02 15:02:52.325000,Walking
2021-11-02 15:02:58.475000,Standing_With_Movement
2021-11-02 15:03:04.637500,Standing_With_Movement
2021-11-02 15:03:10.787500,Standing_With_Movement
2021-11-02 15:03:16.937500,Sitting_With_Movement
2021-11-02 15:03:23.087500,Sitting_With_Movement
2021-11-02 15:03:29.250000,Sitting_With_Movement
2021-11-02 15:03:35.400000,Sitting_With_Movement
2021-11-02 15:03:41.550000,Sitting_With_Movement
2021-11-02 15:03:47.712500,Sitting_With_Movement
2021-11-02 15:03:53.862500,Sitting_With_Movement
2021-11-02 15:04:00.012500,Sitting_With_Movement
2021-11-02 15:04:06.175000,Sitting_With_Movement
2021-11-02 15:04:12.325000,Sitting_With_Movement
2021-11-02 15:04:18.475000,Sitting_With_Movement
2021-11-02 15:04:24.637500,Sitting_With_Movement
2021-11-02 15:04:30.787500,Sitting_With_Movement
2021-11-02 15:04:36.937500,Sitting_With_Movement
2021-11-02 15:04:43.087500,Sitting_With_Movement
2021-11-02 15:04:49.250000,Sitting_With_Movement
2021-11-02 15:04:55.400000,Sitting_With_Movement
2021-11-02 15:05:01.550000,Sitting_With_Movement
2021-11-02 15:05:07.712500,Sitting_With_Movement
2021-11-02 15:05:13.862500,Sitting_With_Movement
2021-11-02 15:05:20.012500,Sitting_With_Movement
2021-11-02 15:05:26.175000,Sitting_With_Movement
2021-11-02 15:05:32.325000,Sitting_With_Movement
2021-11-02 15:05:38.475000,Sitting_With_Movement
2021-11-02 15:05:44.637500,Sitting_With_Movement
2021-11-02 15:05:50.787500,Sitting_With_Movement
2021-11-02 15:05:56.937500,Sitting_With_Movement
2021-11-02 15:06:03.087500,Sitting_With_Movement
2021-11-02 15:06:09.250000,Sitting_With_Movement
2021-11-02 15:06:15.400000,Sitting_With_Movement
2021-11-02 15:06:21.550000,Sitting_With_Movement
2021-11-02 15:06:27.712500,Sitting_With_Movement
2021-11-02 15:06:33.862500,Sitting_With_Movement
2021-11-02 15:06:40.012500,Sitting_With_Movement
2021-11-02 15:06:46.175000,Sitting_With_Movement
2021-11-02 15:06:52.325000,Sitting_With_Movement
2021-11-02 15:06:58.475000,Sitting_With_Movement
2021-11-02 15:07:04.637500,Sitting_With_Movement
2021-11-02 15:07:10.787500,Sitting_With_Movement
2021-11-02 15:07:16.937500,Sitting_With_Movement
2021-11-02 15:07:23.087500,Sitting_With_Movement
2021-11-02 15:07:29.250000,Sitting_With_Movement
2021-11-02 15:07:35.400000,Sitting_With_Movement
2021-11-02 15:07:41.550000,Sitting_With_Movement
2021-11-02 15:07:47.712500,Sitting_With_Movement
2021-11-02 15:07:53.862500,Sitting_With_Movement
2021-11-02 15:08:00.012500,Sitting_With_Movement
2021-11-02 15:08:06.175000,Sitting_With_Movement
2021-11-02 15:08:12.325000,Sitting_With_Movement
2021-11-02 15:08:18.475000,Sitting_With_Movement
2021-11-02 15:08:24.637500,Sitting_With_Movement
2021-11-02 15:08:30.787500,Sitting_With_Movement
2021-11-02 15:08:36.937500,Sitting_With_Movement
2021-11-02 15:08:43.087500,Sitting_With_Movement
2021-11-02 15:08:49.250000,Sitting_With_Movement
2021-11-02 15:08:55.400000,Sitting_With_Movement
2021-11-02 15:09:01.550000,Sitting_With_Movement
2021-11-02 15:09:07.712500,Sitting_With_Movement
2021-11-02 15:09:13.862500,Sitting_With_Movement
2021-11-02 15:09:20.012500,Sitting_With_Movement
2021-11-02 15:09:26.175000,Sitting_With_Movement
2021-11-02 15:09:32.325000,Sitting_With_Movement
2021-11-02 15:09:38.475000,Sitting_With_Movement
2021-11-02 15:09:44.637500,Sitting_With_Movement
2021-11-02 15:09:50.787500,Sitting_With_Movement
2021-11-02 15:09:56.937500,Sitting_With_Movement
2021-11-02 15:10:03.087500,Sitting_With_Movement
2021-11-02 15:10:09.250000,Sitting_With_Movement
2021-11-02 15:10:15.400000,Sitting_With_Movement
2021-11-02 15:10:21.550000,Sitting_With_Movement
2021-11-02 15:10:27.712500,Sitting_With_Movement
2021-11-02 15:10:33.862500,Sitting_With_Movement
2021-11-02 15:10:40.012500,Sitting_With_Movement
2021-11-02 15:10:46.175000,Sitting_With_Movement
2021-11-02 15:10:52.325000,Sitting_With_Movement
2021-11-02 15:10:58.475000,Sitting_With_Movement
2021-11-02 15:11:04.637500,Sitting_With_Movement
2021-11-02 15:11:10.787500,Sitting_With_Movement
2021-11-02 15:11:16.937500,Sitting_With_Movement
2021-11-02 15:11:23.087500,Sitting_With_Movement
2021-11-02 15:11:29.250000,Sitting_With_Movement
2021-11-02 15:11:35.400000,Sitting_With_Movement
2021-11-02 15:11:41.550000,Sitting_With_Movement
2021-11-02 15:11:47.712500,Sitting_With_Movement
2021-11-02 15:11:53.862500,Sitting_With_Movement
2021-11-02 15:12:00.012500,Sitting_With_Movement
2021-11-02 15:12:06.175000,Sitting_With_Movement
2021-11-02 15:12:12.325000,Sitting_With_Movement
2021-11-02 15:12:18.475000,Sitting_With_Movement
2021-11-02 15:12:24.637500,Sitting_With_Movement
2021-11-02 15:12:30.787500,Sitting_With_Movement
2021-11-02 15:12:36.937500,Sitting_With_Movement
2021-11-02 15:12:43.087500,Sitting_With_Movement
2021-11-02 15:12:49.250000,Sitting_With_Movement
2021-11-02 15:12:55.400000,Sitting_With_Movement
2021-11-02 15:13:01.550000,Sitting_With_Movement
2021-11-02 15:13:07.712500,Sitting_With_Movement
2021-11-02 15:13:13.862500,Sitting_With_Movement
2021-11-02 15:13:20.012500,Sitting_With_Movement
2021-11-02 15:13:26.175000,Sitting_With_Movement
2021-11-02 15:13:32.325000,Sitting_With_Movement
2021-11-02 15:13:38.475000,Sitting_With_Movement
2021-11-02 15:13:44.637500,Sitting_With_Movement
2021-11-02 15:13:50.787500,Sitting_With_Movement
2021-11-02 15:13:56.937500,Sitting_With_Movement
2021-11-02 15:14:03.087500,Sitting_With_Movement
2021-11-02 15:14:09.250000,Sitting_With_Movement
2021-11-02 15:14:15.400000,Sitting_With_Movement
2021-11-02 15:14:21.550000,Sitting_With_Movement
2021-11-02 15:14:27.712500,Sitting_With_Movement
2021-11-02 15:14:33.862500,Sitting_With_Movement
2021-11-02 15:14:40.012500,Sitting_With_Movement
2021-11-02 15:14:46.175000,Sitting_With_Movement
2021-11-02 15:14:52.325000,Sitting_With_Movement
2021-11-02 15:14:58.475000,Sitting_With_Movement
2021-11-02 15:15:04.637500,Sitting_With_Movement
2021-11-02 15:15:10.787500,Sitting_With_Movement
2021-11-02 15:15:16.937500,Sitting_With_Movement
2021-11-02 15:15:23.087500,Sitting_With_Movement
2021-11-02 15:15:29.250000,Sitting_With_Movement
2021-11-02 15:15:35.400000,Sitting_With_Movement
2021-11-02 15:15:41.550000,Sitting_With_Movement
2021-11-02 15:15:47.712500,Sitting_With_Movement
2021-11-02 15:15:53.862500,Sitting_With_Movement
2021-11-02 15:16:00.012500,Sitting_With_Movement
2021-11-02 15:16:06.175000,Sitting_With_Movement
2021-11-02 15:16:12.325000,Sitting_With_Movement
2021-11-02 15:16:18.475000,Sitting_With_Movement
2021-11-02 15:16:24.637500,Sitting_With_Movement
2021-11-02 15:16:30.787500,Sitting_With_Movement
2021-11-02 15:16:36.937500,Sitting_With_Movement
2021-11-02 15:16:43.087500,Sitting_With_Movement
2021-11-02 15:16:49.250000,Sitting_With_Movement
2021-11-02 15:16:55.400000,Sitting_With_Movement
2021-11-02 15:17:01.550000,Sitting_With_Movement
2021-11-02 15:17:07.712500,Sitting_With_Movement
2021-11-02 15:17:13.862500,Sitting_With_Movement
2021-11-02 15:17:20.012500,Sitting_With_Movement
2021-11-02 15:17:26.175000,Sitting_With_Movement
2021-11-02 15:17:32.325000,Sitting_With_Movement
2021-11-02 15:17:38.475000,Sitting_With_Movement
2021-11-02 15:17:44.637500,Sitting_With_Movement
2021-11-02 15:17:50.787500,Sitting_With_Movement
2021-11-02 15:17:56.937500,Sitting_With_Movement
2021-11-02 15:18:03.087500,Sitting_With_Movement
2021-11-02 15:18:09.250000,Sitting_With_Movement
2021-11-02 15:18:15.400000,Sitting_With_Movement
2021-11-02 15:18:21.550000,Sitting_With_Movement
2021-11-02 15:18:27.712500,Sitting_With_Movement
2021-11-02 15:18:33.862500,Sitting_With_Movement
2021-11-02 15:18:40.012500,Sitting_With_Movement
2021-11-02 15:18:46.175000,Sitting_With_Movement
2021-11-02 15:18:52.325000,Sitting_With_Movement
2021-11-02 15:18:58.475000,Sitting_With_Movement
2021-11-02 15:19:04.637500,Sitting_With_Movement
2021-11-02 15:19:10.787500,Sitting_With_Movement
2021-11-02 15:19:16.937500,Sitting_With_Movement
2021-11-02 15:19:23.100000,Sitting_With_Movement
2021-11-02 15:19:29.250000,Sitting_With_Movement
2021-11-02 15:19:35.400000,Sitting_With_Movement
2021-11-02 15:19:41.550000,Sitting_With_Movement
2021-11-02 15:19:47.712500,Sitting_With_Movement
2021-11-02 15:19:53.862500,Sitting_With_Movement
2021-11-02 15:20:00.012500,Sitting_With_Movement
2021-11-02 15:20:06.175000,Sitting_With_Movement
2021-11-02 15:20:12.325000,Sitting_With_Movement
2021-11-02 15:20:18.475000,Sitting_With_Movement
2021-11-02 15:20:24.637500,Sitting_With_Movement
2021-11-02 15:20:30.787500,Sitting_With_Movement
2021-11-02 15:20:36.937500,Sitting_With_Movement
2021-11-02 15:20:43.100000,Sitting_With_Movement
2021-11-02 15:20:49.250000,Sitting_With_Movement
2021-11-02 15:20:55.400000,Sitting_With_Movement
2021-11-02 15:21:01.550000,Sitting_With_Movement
2021-11-02 15:21:07.712500,Sitting_With_Movement
2021-11-02 15:21:13.862500,Sitting_With_Movement
2021-11-02 15:21:20.012500,Sitting_With_Movement
2021-11-02 15:21:26.175000,Sitting_With_Movement
2021-11-02 15:21:32.325000,Sitting_With_Movement
2021-11-02 15:21:38.475000,Sitting_With_Movement
2021-11-02 15:21:44.637500,Sitting_With_Movement
2021-11-02 15:21:50.787500,Sitting_With_Movement
2021-11-02 15:21:56.937500,Sitting_With_Movement
2021-11-02 15:22:03.100000,Sitting_With_Movement
2021-11-02 15:22:09.250000,Sitting_With_Movement
2021-11-02 15:22:15.400000,Sitting_With_Movement
2021-11-02 15:22:21.550000,Sitting_With_Movement
2021-11-02 15:22:27.712500,Sitting_With_Movement
2021-11-02 15:22:33.862500,Sitting_With_Movement
2021-11-02 15:22:40.012500,Sitting_With_Movement
2021-11-02 15:22:46.175000,Sitting_With_Movement
2021-11-02 15:22:52.325000,Sitting_With_Movement
2021-11-02 15:22:58.475000,Sitting_With_Movement
2021-11-02 15:23:04.637500,Sitting_With_Movement
2021-11-02 15:23:10.787500,Sitting_With_Movement
2021-11-02 15:23:16.937500,Sitting_With_Movement
2021-11-02 15:23:23.100000,Sitting_With_Movement
2021-11-02 15:23:29.250000,Sitting_With_Movement
2021-11-02 15:23:35.400000,Sitting_With_Movement
2021-11-02 15:23:41.550000,Sitting_With_Movement
2021-11-02 15:23:47.712500,Sitting_With_Movement
2021-11-02 15:23:53.862500,Sitting_With_Movement
2021-11-02 15:24:00.012500,Sitting_With_Movement
2021-11-02 15:24:06.175000,Sitting_With_Movement
2021-11-02 15:24:12.325000,Sitting_With_Movement
2021-11-02 15:24:18.475000,Sitting_With_Movement
2021-11-02 15:24:24.637500,Sitting_With_Movement
2021-11-02 15:24:30.787500,Sitting_With_Movement
2021-11-02 15:24:36.937500,Sitting_With_Movement
2021-11-02 15:24:43.100000,Sitting_With_Movement
2021-11-02 15:24:49.250000,Sitting_With_Movement
2021-11-02 15:24:55.400000,Sitting_With_Movement
2021-11-02 15:25:01.550000,Sitting_With_Movement
2021-11-02 15:25:07.712500,Sitting_With_Movement
2021-11-02 15:25:13.862500,Sitting_With_Movement
2021-11-02 15:25:20.012500,Sitting_With_Movement
2021-11-02 15:25:26.175000,Sitting_With_Movement
2021-11-02 15:25:32.325000,Sitting_With_Movement
2021-11-02 15:25:38.475000,Sitting_With_Movement
2021-11-02 15:25:44.637500,Sitting_With_Movement
2021-11-02 15:25:50.787500,Sitting_With_Movement
2021-11-02 15:25:56.937500,Sitting_With_Movement
2021-11-02 15:26:03.100000,Sitting_With_Movement
2021-11-02 15:26:09.250000,Sitting_With_Movement
2021-11-02 15:26:15.400000,Sitting_With_Movement
2021-11-02 15:26:21.550000,Sitting_With_Movement
2021-11-02 15:26:27.712500,Sitting_With_Movement
2021-11-02 15:26:33.862500,Sitting_With_Movement
2021-11-02 15:26:40.012500,Sitting_With_Movement
2021-11-02 15:26:46.175000,Sitting_With_Movement
2021-11-02 15:26:52.325000,Sitting_With_Movement
2021-11-02 15:26:58.475000,Sitting_With_Movement
2021-11-02 15:27:04.637500,Sitting_With_Movement
2021-11-02 15:27:10.787500,Sitting_With_Movement
2021-11-02 15:27:16.937500,Sitting_With_Movement
2021-11-02 15:27:23.100000,Walking
2021-11-02 15:27:29.250000,Walking
2021-11-02 15:27:35.400000,Walking
2021-11-02 15:27:41.550000,Walking
2021-11-02 15:27:47.712500,Sitting_With_Movement
2021-11-02 15:27:53.862500,Sitting_With_Movement
2021-11-02 15:28:00.012500,Sitting_With_Movement
2021-11-02 15:28:06.175000,Sitting_With_Movement
2021-11-02 15:28:12.325000,Sitting_With_Movement
2021-11-02 15:28:18.475000,Sitting_With_Movement
2021-11-02 15:28:24.637500,Sitting_With_Movement
2021-11-02 15:28:30.787500,Sitting_With_Movement
2021-11-02 15:28:36.937500,Sitting_With_Movement
2021-11-02 15:28:43.100000,Sitting_With_Movement
2021-11-02 15:28:49.250000,Sitting_With_Movement
2021-11-02 15:28:55.400000,Sitting_With_Movement
2021-11-02 15:29:01.550000,Sitting_With_Movement
2021-11-02 15:29:07.712500,Sitting_With_Movement
2021-11-02 15:29:13.862500,Sitting_With_Movement
2021-11-02 15:29:20.012500,Sitting_With_Movement
2021-11-02 15:29:26.175000,Sitting_With_Movement
2021-11-02 15:29:32.325000,Sitting_With_Movement
2021-11-02 15:29:38.475000,Sitting_With_Movement
2021-11-02 15:29:44.637500,Sitting_With_Movement
2021-11-02 15:29:50.787500,Sitting_With_Movement
2021-11-02 15:29:56.937500,Sitting_With_Movement
2021-11-02 15:30:03.100000,Sitting_With_Movement
2021-11-02 15:30:09.250000,Sitting_With_Movement
2021-11-02 15:30:15.400000,Sitting_With_Movement
2021-11-02 15:30:21.550000,Sitting_With_Movement
2021-11-02 15:30:27.712500,Sitting_With_Movement
2021-11-02 15:30:33.862500,Sitting_With_Movement
2021-11-02 15:30:40.012500,Sitting_With_Movement
2021-11-02 15:30:46.175000,Sitting_With_Movement
2021-11-02 15:30:52.325000,Sitting_With_Movement
2021-11-02 15:30:58.475000,Sitting_With_Movement
2021-11-02 15:31:04.637500,Sitting_With_Movement
2021-11-02 15:31:10.787500,Sitting_With_Movement
2021-11-02 15:31:16.937500,Sitting_With_Movement
2021-11-02 15:31:23.100000,Sitting_With_Movement
2021-11-02 15:31:29.250000,Sitting_With_Movement
2021-11-02 15:31:35.400000,Sitting_With_Movement
2021-11-02 15:31:41.550000,Sitting_With_Movement
2021-11-02 15:31:47.712500,Sitting_With_Movement
2021-11-02 15:31:53.862500,Sitting_With_Movement
2021-11-02 15:32:00.012500,Sitting_With_Movement
2021-11-02 15:32:06.175000,Sitting_With_Movement
2021-11-02 15:32:12.325000,Sitting_With_Movement
2021-11-02 15:32:18.475000,Sitting_With_Movement
2021-11-02 15:32:24.637500,Sitting_With_Movement
2021-11-02 15:32:30.787500,Sitting_With_Movement
2021-11-02 15:32:36.937500,Sitting_With_Movement
2021-11-02 15:32:43.100000,Sitting_With_Movement
2021-11-02 15:32:49.250000,Sitting_With_Movement
2021-11-02 15:32:55.400000,Sitting_With_Movement
2021-11-02 15:33:01.550000,Sitting_With_Movement
2021-11-02 15:33:07.712500,Sitting_With_Movement
2021-11-02 15:33:13.862500,Sitting_With_Movement
2021-11-02 15:33:20.012500,Sitting_With_Movement
2021-11-02 15:33:26.175000,Sitting_With_Movement
2021-11-02 15:33:32.325000,Sitting_With_Movement
2021-11-02 15:33:38.475000,Sitting_With_Movement
2021-11-02 15:33:44.637500,Sitting_With_Movement
2021-11-02 15:33:50.787500,Sitting_With_Movement
2021-11-02 15:33:56.937500,Sitting_With_Movement
2021-11-02 15:34:03.100000,Sitting_With_Movement
2021-11-02 15:34:09.250000,Sitting_With_Movement
2021-11-02 15:34:15.400000,Sitting_With_Movement
2021-11-02 15:34:21.550000,Sitting_With_Movement
2021-11-02 15:34:27.712500,Sitting_With_Movement
2021-11-02 15:34:33.862500,Sitting_With_Movement
2021-11-02 15:34:40.012500,Sitting_With_Movement
2021-11-02 15:34:46.175000,Sitting_With_Movement
2021-11-02 15:34:52.325000,Sitting_With_Movement
2021-11-02 15:34:58.475000,Sitting_With_Movement
2021-11-02 15:35:04.637500,Sitting_With_Movement
2021-11-02 15:35:10.787500,Sitting_With_Movement
2021-11-02 15:35:16.937500,Sitting_With_Movement
2021-11-02 15:35:23.100000,Sitting_With_Movement
2021-11-02 15:35:29.250000,Sitting_With_Movement
2021-11-02 15:35:35.400000,Sitting_With_Movement
2021-11-02 15:35:41.550000,Sitting_With_Movement
2021-11-02 15:35:47.712500,Sitting_With_Movement
2021-11-02 15:35:53.862500,Sitting_With_Movement
2021-11-02 15:36:00.012500,Sitting_With_Movement
2021-11-02 15:36:06.175000,Sitting_With_Movement
2021-11-02 15:36:12.325000,Sitting_With_Movement
2021-11-02 15:36:18.475000,Sitting_With_Movement
2021-11-02 15:36:24.637500,Sitting_With_Movement
2021-11-02 15:36:30.787500,Sitting_With_Movement
2021-11-02 15:36:36.937500,Sitting_With_Movement
2021-11-02 15:36:43.100000,Sitting_With_Movement
2021-11-02 15:36:49.250000,Sitting_With_Movement
2021-11-02 15:36:55.400000,Sitting_With_Movement
2021-11-02 15:37:01.550000,Sitting_With_Movement
2021-11-02 15:37:07.712500,Sitting_With_Movement
2021-11-02 15:37:13.862500,Sitting_With_Movement
2021-11-02 15:37:20.012500,Sitting_With_Movement
2021-11-02 15:37:26.175000,Sitting_With_Movement
2021-11-02 15:37:32.325000,Sitting_With_Movement
2021-11-02 15:37:38.475000,Sitting_With_Movement
2021-11-02 15:37:44.637500,Sitting_With_Movement
2021-11-02 15:37:50.787500,Sitting_With_Movement
2021-11-02 15:37:56.937500,Sitting_With_Movement
2021-11-02 15:38:03.100000,Sitting_With_Movement
2021-11-02 15:38:09.250000,Sitting_With_Movement
2021-11-02 15:38:15.400000,Sitting_With_Movement
2021-11-02 15:38:21.550000,Sitting_With_Movement
2021-11-02 15:38:27.712500,Sitting_With_Movement
2021-11-02 15:38:33.862500,Sitting_With_Movement
2021-11-02 15:38:40.012500,Sitting_With_Movement
2021-11-02 15:38:46.175000,Sitting_With_Movement
2021-11-02 15:38:52.325000,Sitting_With_Movement
2021-11-02 15:38:58.475000,Sitting_With_Movement
2021-11-02 15:39:04.637500,Sitting_With_Movement
2021-11-02 15:39:10.787500,Sitting_With_Movement
2021-11-02 15:39:16.937500,Sitting_With_Movement
2021-11-02 15:39:23.100000,Sitting_With_Movement
2021-11-02 15:39:29.250000,Sitting_With_Movement
2021-11-02 15:39:35.400000,Sitting_With_Movement
2021-11-02 15:39:41.550000,Sitting_With_Movement
2021-11-02 15:39:47.712500,Sitting_With_Movement
2021-11-02 15:39:53.862500,Sitting_With_Movement
2021-11-02 15:40:00.012500,Sitting_With_Movement
2021-11-02 15:40:06.175000,Sitting_With_Movement
2021-11-02 15:40:12.325000,Sitting_With_Movement
2021-11-02 15:40:18.475000,Sitting_With_Movement
2021-11-02 15:40:24.637500,Sitting_With_Movement
2021-11-02 15:40:30.787500,Sitting_With_Movement
2021-11-02 15:40:36.937500,Sitting_With_Movement
2021-11-02 15:40:43.100000,Sitting_With_Movement
2021-11-02 15:40:49.250000,Sitting_With_Movement
2021-11-02 15:40:55.400000,Sitting_With_Movement
2021-11-02 15:41:01.550000,Sitting_With_Movement
2021-11-02 15:41:07.712500,Sitting_With_Movement
2021-11-02 15:41:13.862500,Sitting_With_Movement
2021-11-02 15:41:20.012500,Sitting_With_Movement
2021-11-02 15:41:26.175000,Sitting_With_Movement
2021-11-02 15:41:32.325000,Sitting_With_Movement
2021-11-02 15:41:38.475000,Sitting_With_Movement
2021-11-02 15:41:44.637500,Sitting_With_Movement
2021-11-02 15:41:50.787500,Sitting_With_Movement
2021-11-02 15:41:56.937500,Sitting_With_Movement
2021-11-02 15:42:03.100000,Sitting_With_Movement
2021-11-02 15:42:09.250000,Sitting_With_Movement
2021-11-02 15:42:15.400000,Sitting_With_Movement
2021-11-02 15:42:21.550000,Sitting_With_Movement
2021-11-02 15:42:27.712500,Sitting_With_Movement
2021-11-02 15:42:33.862500,Sitting_With_Movement
2021-11-02 15:42:40.012500,Sitting_With_Movement
2021-11-02 15:42:46.175000,Sitting_With_Movement
2021-11-02 15:42:52.325000,Sitting_With_Movement
2021-11-02 15:42:58.475000,Sitting_With_Movement
2021-11-02 15:43:04.637500,Sitting_With_Movement
2021-11-02 15:43:10.787500,Sitting_With_Movement
2021-11-02 15:43:16.937500,Sitting_With_Movement
2021-11-02 15:43:23.100000,Sitting_With_Movement
2021-11-02 15:43:29.250000,Sitting_With_Movement
2021-11-02 15:43:35.400000,Sitting_With_Movement
2021-11-02 15:43:41.550000,Sitting_With_Movement
2021-11-02 15:43:47.712500,Sitting_With_Movement
2021-11-02 15:43:53.862500,Sitting_With_Movement
2021-11-02 15:44:00.012500,Sitting_With_Movement
2021-11-02 15:44:06.175000,Sitting_With_Movement
2021-11-02 15:44:12.325000,Sitting_With_Movement
2021-11-02 15:44:18.475000,Sitting_With_Movement
2021-11-02 15:44:24.637500,Sitting_With_Movement
2021-11-02 15:44:30.787500,Sitting_With_Movement
2021-11-02 15:44:36.937500,Sitting_With_Movement
2021-11-02 15:44:43.100000,Sitting_With_Movement
2021-11-02 15:44:49.250000,Sitting_With_Movement
2021-11-02 15:44:55.400000,Sitting_With_Movement
2021-11-02 15:45:01.550000,Sitting_With_Movement
2021-11-02 15:45:07.712500,Sitting_With_Movement
2021-11-02 15:45:13.862500,Sitting_With_Movement
2021-11-02 15:45:20.012500,Sitting_With_Movement
2021-11-02 15:45:26.175000,Sitting_With_Movement
2021-11-02 15:45:32.325000,Sitting_With_Movement
2021-11-02 15:45:38.475000,Sitting_With_Movement
2021-11-02 15:45:44.637500,Sitting_With_Movement
2021-11-02 15:45:50.787500,Sitting_With_Movement
2021-11-02 15:45:56.937500,Sitting_With_Movement
2021-11-02 15:46:03.100000,Sitting_With_Movement
2021-11-02 15:46:09.250000,Sitting_With_Movement
2021-11-02 15:46:15.400000,Sitting_With_Movement
2021-11-02 15:46:21.550000,Sitting_With_Movement
2021-11-02 15:46:27.712500,Sitting_With_Movement
2021-11-02 15:46:33.862500,Sitting_With_Movement
2021-11-02 15:46:40.012500,Sitting_With_Movement
2021-11-02 15:46:46.175000,Sitting_With_Movement
2021-11-02 15:46:52.325000,Sitting_With_Movement
2021-11-02 15:46:58.475000,Sitting_With_Movement
2021-11-02 15:47:04.637500,Sitting_With_Movement
2021-11-02 15:47:10.787500,Sitting_With_Movement
2021-11-02 15:47:16.937500,Sitting_With_Movement
2021-11-02 15:47:23.100000,Sitting_With_Movement
2021-11-02 15:47:29.250000,Sitting_With_Movement
2021-11-02 15:47:35.400000,Sitting_With_Movement
2021-11-02 15:47:41.550000,Sitting_With_Movement
2021-11-02 15:47:47.712500,Sitting_With_Movement
2021-11-02 15:47:53.862500,Sitting_With_Movement
2021-11-02 15:48:00.012500,Sitting_With_Movement
2021-11-02 15:48:06.175000,Sitting_With_Movement
2021-11-02 15:48:12.325000,Sitting_With_Movement
2021-11-02 15:48:18.475000,Sitting_With_Movement
2021-11-02 15:48:24.637500,Sitting_With_Movement
2021-11-02 15:48:30.787500,Sitting_With_Movement
2021-11-02 15:48:36.937500,Sitting_With_Movement
2021-11-02 15:48:43.100000,Sitting_With_Movement
2021-11-02 15:48:49.250000,Sitting_With_Movement
2021-11-02 15:48:55.400000,Sitting_With_Movement
2021-11-02 15:49:01.550000,Sitting_With_Movement
2021-11-02 15:49:07.712500,Sitting_With_Movement
2021-11-02 15:49:13.862500,Sitting_With_Movement
2021-11-02 15:49:20.012500,Sitting_With_Movement
2021-11-02 15:49:26.175000,Sitting_With_Movement
2021-11-02 15:49:32.325000,Sitting_With_Movement
2021-11-02 15:49:38.475000,Sitting_With_Movement
2021-11-02 15:49:44.637500,Sitting_With_Movement
2021-11-02 15:49:50.787500,Sitting_With_Movement
2021-11-02 15:49:56.937500,Sitting_With_Movement
2021-11-02 15:50:03.100000,Sitting_With_Movement
2021-11-02 15:50:09.250000,Sitting_With_Movement
2021-11-02 15:50:15.400000,Sitting_With_Movement
2021-11-02 15:50:21.550000,Sitting_With_Movement
2021-11-02 15:50:27.712500,Sitting_With_Movement
2021-11-02 15:50:33.862500,Sitting_With_Movement
2021-11-02 15:50:40.012500,Sitting_With_Movement
2021-11-02 15:50:46.175000,Sitting_With_Movement
2021-11-02 15:50:52.325000,Sitting_With_Movement
2021-11-02 15:50:58.475000,Sitting_With_Movement
2021-11-02 15:51:04.637500,Sitting_With_Movement
2021-11-02 15:51:10.787500,Sitting_With_Movement
2021-11-02 15:51:16.937500,Sitting_With_Movement
2021-11-02 15:51:23.100000,Sitting_With_Movement
2021-11-02 15:51:29.250000,Sitting_With_Movement
2021-11-02 15:51:35.400000,Sitting_With_Movement
2021-11-02 15:51:41.550000,Sitting_With_Movement
2021-11-02 15:51:47.712500,Sitting_With_Movement
2021-11-02 15:51:53.862500,Sitting_With_Movement
2021-11-02 15:52:00.012500,Sitting_With_Movement
2021-11-02 15:52:06.175000,Sitting_With_Movement
2021-11-02 15:52:12.325000,Sitting_With_Movement
2021-11-02 15:52:18.475000,Sitting_With_Movement
2021-11-02 15:52:24.637500,Sitting_With_Movement
2021-11-02 15:52:30.787500,Sitting_With_Movement
2021-11-02 15:52:36.937500,Sitting_With_Movement
2021-11-02 15:52:43.100000,Sitting_With_Movement
2021-11-02 15:52:49.250000,Sitting_With_Movement
2021-11-02 15:52:55.400000,Sitting_With_Movement
2021-11-02 15:53:01.550000,Sitting_With_Movement
2021-11-02 15:53:07.712500,Sitting_With_Movement
2021-11-02 15:53:13.862500,Sitting_With_Movement
2021-11-02 15:53:20.012500,Sitting_With_Movement
2021-11-02 15:53:26.175000,Sitting_With_Movement
2021-11-02 15:53:32.325000,Sitting_With_Movement
2021-11-02 15:53:38.475000,Sitting_With_Movement
2021-11-02 15:53:44.637500,Sitting_With_Movement
2021-11-02 15:53:50.787500,Sitting_With_Movement
2021-11-02 15:53:56.937500,Sitting_With_Movement
2021-11-02 15:54:03.100000,Sitting_With_Movement
2021-11-02 15:54:09.250000,Sitting_With_Movement
2021-11-02 15:54:15.400000,Sitting_With_Movement
2021-11-02 15:54:21.550000,Sitting_With_Movement
2021-11-02 15:54:27.712500,Sitting_With_Movement
2021-11-02 15:54:33.862500,Sitting_With_Movement
2021-11-02 15:54:40.012500,Sitting_With_Movement
2021-11-02 15:54:46.175000,Sitting_With_Movement
2021-11-02 15:54:52.325000,Sitting_With_Movement
2021-11-02 15:54:58.475000,Sitting_With_Movement
2021-11-02 15:55:04.637500,Sitting_With_Movement
2021-11-02 15:55:10.787500,Sitting_With_Movement
2021-11-02 15:55:16.937500,Sitting_With_Movement
2021-11-02 15:55:23.100000,Sitting_With_Movement
2021-11-02 15:55:29.250000,Sitting_With_Movement
2021-11-02 15:55:35.400000,Sitting_With_Movement
2021-11-02 15:55:41.550000,Sitting_With_Movement
2021-11-02 15:55:47.712500,Sitting_With_Movement
2021-11-02 15:55:53.862500,Sitting_With_Movement
2021-11-02 15:56:00.012500,Sitting_With_Movement
2021-11-02 15:56:06.175000,Sitting_With_Movement
2021-11-02 15:56:12.325000,Sitting_With_Movement
2021-11-02 15:56:18.475000,Sitting_With_Movement
2021-11-02 15:56:24.637500,Sitting_With_Movement
2021-11-02 15:56:30.787500,Sitting_With_Movement
2021-11-02 15:56:36.937500,Sitting_With_Movement
2021-11-02 15:56:43.100000,Sitting_With_Movement
2021-11-02 15:56:49.250000,Sitting_With_Movement
2021-11-02 15:56:55.400000,Sitting_With_Movement
2021-11-02 15:57:01.550000,Sitting_With_Movement
2021-11-02 15:57:07.712500,Sitting_With_Movement
2021-11-02 15:57:13.862500,Sitting_With_Movement
2021-11-02 15:57:20.012500,Sitting_With_Movement
2021-11-02 15:57:26.175000,Sitting_With_Movement
2021-11-02 15:57:32.325000,Sitting_With_Movement
2021-11-02 15:57:38.475000,PA_Type_Video_Unavailable/Indecipherable
2021-11-02 15:57:44.637500,PA_Type_Video_Unavailable/Indecipherable
2021-11-02 15:57:50.787500,PA_Type_Video_Unavailable/Indecipherable
2021-11-02 15:57:56.937500,Sitting_With_Movement
2021-11-02 15:58:03.100000,Sitting_With_Movement
2021-11-02 15:58:09.250000,Sitting_With_Movement
2021-11-02 15:58:15.400000,Sitting_With_Movement
2021-11-02 15:58:21.550000,Sitting_With_Movement
2021-11-02 15:58:27.712500,Sitting_With_Movement
2021-11-02 15:58:33.862500,Sitting_With_Movement
2021-11-02 15:58:40.012500,Sitting_With_Movement
2021-11-02 15:58:46.175000,Sitting_With_Movement
2021-11-02 15:58:52.325000,Sitting_With_Movement
2021-11-02 15:58:58.475000,Sitting_With_Movement
2021-11-02 15:59:04.637500,Sitting_With_Movement
2021-11-02 15:59:10.787500,Sitting_With_Movement
2021-11-02 15:59:16.937500,Sitting_With_Movement
2021-11-02 15:59:23.100000,Sitting_With_Movement
2021-11-02 15:59:29.250000,Sitting_With_Movement
2021-11-02 15:59:35.400000,Sitting_With_Movement
2021-11-02 15:59:41.550000,Sitting_With_Movement
2021-11-02 15:59:47.712500,Sitting_With_Movement
2021-11-02 15:59:53.862500,Sitting_With_Movement
2021-11-02 16:00:00.012500,Sitting_With_Movement
2021-11-02 16:00:06.175000,Sitting_With_Movement
2021-11-02 16:00:12.325000,Sitting_With_Movement
2021-11-02 16:00:18.475000,Sitting_With_Movement
2021-11-02 16:00:24.637500,Sitting_With_Movement
2021-11-02 16:00:30.787500,Sitting_With_Movement
2021-11-02 16:00:36.937500,Sitting_With_Movement
2021-11-02 16:00:43.100000,Sitting_With_Movement
2021-11-02 16:00:49.250000,Sitting_With_Movement
2021-11-02 16:00:55.400000,Sitting_With_Movement
2021-11-02 16:01:01.550000,Sitting_With_Movement
2021-11-02 16:01:07.712500,Sitting_With_Movement
2021-11-02 16:01:13.862500,Sitting_With_Movement
2021-11-02 16:01:20.012500,Sitting_With_Movement
2021-11-02 16:01:26.175000,Sitting_With_Movement
2021-11-02 16:01:32.325000,Sitting_With_Movement
2021-11-02 16:01:38.475000,Sitting_With_Movement
2021-11-02 16:01:44.637500,Sitting_With_Movement
2021-11-02 16:01:50.787500,Sitting_With_Movement
2021-11-02 16:01:56.937500,Sitting_With_Movement
2021-11-02 16:02:03.100000,Sitting_With_Movement
2021-11-02 16:02:09.250000,Sitting_With_Movement
2021-11-02 16:02:15.400000,Sitting_With_Movement
2021-11-02 16:02:21.550000,Sitting_With_Movement
2021-11-02 16:02:27.712500,Sitting_With_Movement
2021-11-02 16:02:33.862500,Sitting_With_Movement
2021-11-02 16:02:40.012500,Sitting_With_Movement
2021-11-02 16:02:46.175000,Sitting_With_Movement
2021-11-02 16:02:52.325000,Sitting_With_Movement
2021-11-02 16:02:58.475000,Sitting_With_Movement
2021-11-02 16:03:04.637500,Sitting_With_Movement
2021-11-02 16:03:10.787500,Sitting_With_Movement
2021-11-02 16:03:16.937500,Sitting_With_Movement
2021-11-02 16:03:23.100000,Sitting_With_Movement
2021-11-02 16:03:29.250000,Sitting_With_Movement
2021-11-02 16:03:35.400000,Sitting_With_Movement
2021-11-02 16:03:41.550000,Sitting_With_Movement
2021-11-02 16:03:47.712500,Sitting_With_Movement
2021-11-02 16:03:53.862500,Sitting_With_Movement
2021-11-02 16:04:00.012500,Sitting_With_Movement
2021-11-02 16:04:06.175000,Sitting_With_Movement
2021-11-02 16:04:12.325000,Sitting_With_Movement
2021-11-02 16:04:18.475000,Sitting_With_Movement
2021-11-02 16:04:24.637500,Sitting_With_Movement
2021-11-02 16:04:30.787500,Sitting_With_Movement
2021-11-02 16:04:36.937500,Sitting_With_Movement
2021-11-02 16:04:43.100000,Sitting_With_Movement
2021-11-02 16:04:49.250000,Sitting_With_Movement
2021-11-02 16:04:55.400000,Sitting_With_Movement
2021-11-02 16:05:01.550000,Sitting_With_Movement
2021-11-02 16:05:07.712500,Sitting_With_Movement
2021-11-02 16:05:13.862500,Sitting_With_Movement
2021-11-02 16:05:20.012500,Sitting_With_Movement
2021-11-02 16:05:26.175000,Sitting_With_Movement
2021-11-02 16:05:32.325000,Sitting_With_Movement
2021-11-02 16:05:38.475000,Sitting_With_Movement
2021-11-02 16:05:44.637500,Sitting_With_Movement
2021-11-02 16:05:50.787500,Sitting_With_Movement
2021-11-02 16:05:56.937500,Sitting_With_Movement
2021-11-02 16:06:03.100000,Sitting_With_Movement
2021-11-02 16:06:09.250000,Sitting_With_Movement
2021-11-02 16:06:15.400000,Sitting_With_Movement
2021-11-02 16:06:21.550000,Sitting_With_Movement
2021-11-02 16:06:27.712500,Sitting_With_Movement
2021-11-02 16:06:33.862500,Sitting_With_Movement
2021-11-02 16:06:40.012500,Sitting_With_Movement
2021-11-02 16:06:46.175000,Sitting_With_Movement
2021-11-02 16:06:52.325000,Sitting_With_Movement
2021-11-02 16:06:58.475000,Sitting_With_Movement
2021-11-02 16:07:04.637500,Sitting_With_Movement
2021-11-02 16:07:10.787500,Sitting_With_Movement
2021-11-02 16:07:16.937500,Sitting_With_Movement
2021-11-02 16:07:23.100000,Sitting_With_Movement
2021-11-02 16:07:29.250000,Sitting_With_Movement
2021-11-02 16:07:35.400000,Sitting_With_Movement
2021-11-02 16:07:41.550000,Sitting_With_Movement
2021-11-02 16:07:47.712500,Sitting_With_Movement
2021-11-02 16:07:53.862500,Sitting_With_Movement
2021-11-02 16:08:00.012500,Sitting_With_Movement
2021-11-02 16:08:06.175000,Sitting_With_Movement
2021-11-02 16:08:12.325000,Sitting_With_Movement
2021-11-02 16:08:18.475000,Sitting_With_Movement
2021-11-02 16:08:24.637500,Sitting_With_Movement
2021-11-02 16:08:30.787500,Sitting_With_Movement
2021-11-02 16:08:36.937500,Sitting_With_Movement
2021-11-02 16:08:43.100000,Sitting_With_Movement
2021-11-02 16:08:49.250000,Sitting_With_Movement
2021-11-02 16:08:55.400000,Sitting_With_Movement
2021-11-02 16:09:01.550000,Sitting_With_Movement
2021-11-02 16:09:07.712500,Sitting_With_Movement
2021-11-02 16:09:13.862500,Sitting_With_Movement
2021-11-02 16:09:20.012500,Sitting_With_Movement
2021-11-02 16:09:26.175000,Sitting_With_Movement
2021-11-02 16:09:32.325000,Sitting_With_Movement
2021-11-02 16:09:38.475000,Sitting_With_Movement
2021-11-02 16:09:44.637500,Sitting_With_Movement
2021-11-02 16:09:50.787500,Sitting_With_Movement
2021-11-02 16:09:56.937500,Sitting_With_Movement
2021-11-02 16:10:03.100000,Sitting_With_Movement
2021-11-02 16:10:09.250000,Sitting_With_Movement
2021-11-02 16:10:15.400000,Sitting_With_Movement
2021-11-02 16:10:21.550000,Sitting_With_Movement
2021-11-02 16:10:27.712500,Sitting_With_Movement
2021-11-02 16:10:33.862500,Sitting_With_Movement
2021-11-02 16:10:40.012500,Sitting_With_Movement
2021-11-02 16:10:46.175000,Sitting_With_Movement
2021-11-02 16:10:52.325000,Sitting_With_Movement
2021-11-02 16:10:58.475000,Sitting_With_Movement
2021-11-02 16:11:04.637500,Sitting_With_Movement
2021-11-02 16:11:10.787500,Sitting_With_Movement
2021-11-02 16:11:16.937500,Sitting_With_Movement
2021-11-02 16:11:23.100000,Sitting_With_Movement
2021-11-02 16:11:29.250000,Sitting_With_Movement
2021-11-02 16:11:35.400000,Sitting_With_Movement
2021-11-02 16:11:41.550000,Sitting_With_Movement
2021-11-02 16:11:47.712500,Sitting_With_Movement
2021-11-02 16:11:53.862500,Sitting_With_Movement
2021-11-02 16:12:00.012500,Sitting_With_Movement
2021-11-02 16:12:06.175000,Sitting_With_Movement
2021-11-02 16:12:12.325000,Sitting_With_Movement
2021-11-02 16:12:18.475000,Sitting_With_Movement
2021-11-02 16:12:24.637500,Sitting_With_Movement
2021-11-02 16:12:30.787500,Sitting_With_Movement
2021-11-02 16:12:36.937500,Sitting_With_Movement
2021-11-02 16:12:43.100000,Sitting_With_Movement
2021-11-02 16:12:49.250000,Sitting_With_Movement
2021-11-02 16:12:55.400000,Sitting_With_Movement
2021-11-02 16:13:01.550000,Sitting_With_Movement
2021-11-02 16:13:07.712500,Sitting_With_Movement
2021-11-02 16:13:13.862500,Sitting_With_Movement
2021-11-02 16:13:20.012500,Sitting_With_Movement
2021-11-02 16:13:26.175000,Sitting_With_Movement
2021-11-02 16:13:32.325000,Sitting_With_Movement
2021-11-02 16:13:38.475000,Sitting_With_Movement
2021-11-02 16:13:44.637500,Sitting_With_Movement
2021-11-02 16:13:50.787500,Sitting_With_Movement
2021-11-02 16:13:56.937500,Sitting_With_Movement
2021-11-02 16:14:03.100000,Sitting_With_Movement
2021-11-02 16:14:09.250000,Sitting_With_Movement
2021-11-02 16:14:15.400000,Sitting_With_Movement
2021-11-02 16:14:21.550000,Sitting_With_Movement
2021-11-02 16:14:27.712500,Sitting_With_Movement
2021-11-02 16:14:33.862500,Sitting_With_Movement
2021-11-02 16:14:40.012500,Sitting_With_Movement
2021-11-02 16:14:46.175000,Sitting_With_Movement
2021-11-02 16:14:52.325000,Sitting_With_Movement
2021-11-02 16:14:58.475000,Sitting_With_Movement
2021-11-02 16:15:04.637500,Sitting_With_Movement
2021-11-02 16:15:10.787500,Sitting_With_Movement
2021-11-02 16:15:16.937500,Sitting_With_Movement
2021-11-02 16:15:23.100000,Sitting_With_Movement
2021-11-02 16:15:29.250000,Sitting_With_Movement
2021-11-02 16:15:35.400000,Sitting_With_Movement
2021-11-02 16:15:41.550000,Sitting_With_Movement
2021-11-02 16:15:47.712500,Sitting_With_Movement
2021-11-02 16:15:53.862500,Sitting_With_Movement
2021-11-02 16:16:00.012500,Sitting_With_Movement
2021-11-02 16:16:06.175000,Sitting_With_Movement
2021-11-02 16:16:12.325000,Sitting_With_Movement
2021-11-02 16:16:18.475000,Sitting_With_Movement
2021-11-02 16:16:24.637500,Sitting_With_Movement
2021-11-02 16:16:30.787500,Sitting_With_Movement
2021-11-02 16:16:36.937500,Sitting_With_Movement
2021-11-02 16:16:43.100000,Sitting_With_Movement
2021-11-02 16:16:49.250000,Sitting_With_Movement
2021-11-02 16:16:55.400000,Sitting_With_Movement
2021-11-02 16:17:01.550000,Sitting_With_Movement
2021-11-02 16:17:07.712500,Sitting_With_Movement
2021-11-02 16:17:13.862500,Sitting_With_Movement
2021-11-02 16:17:20.012500,Sitting_With_Movement
2021-11-02 16:17:26.175000,Sitting_With_Movement
2021-11-02 16:17:32.325000,Sitting_With_Movement
2021-11-02 16:17:38.475000,Sitting_With_Movement
2021-11-02 16:17:44.637500,Sitting_With_Movement
2021-11-02 16:17:50.787500,Sitting_With_Movement
2021-11-02 16:17:56.937500,Sitting_With_Movement
2021-11-02 16:18:03.100000,Sitting_With_Movement
2021-11-02 16:18:09.250000,Sitting_With_Movement
2021-11-02 16:18:15.400000,Sitting_With_Movement
2021-11-02 16:18:21.550000,Sitting_With_Movement
2021-11-02 16:18:27.712500,Sitting_With_Movement
2021-11-02 16:18:33.862500,Sitting_With_Movement
2021-11-02 16:18:40.012500,Sitting_With_Movement
2021-11-02 16:18:46.175000,Sitting_With_Movement
2021-11-02 16:18:52.325000,Sitting_With_Movement
2021-11-02 16:18:58.475000,Sitting_With_Movement
2021-11-02 16:19:04.637500,Sitting_With_Movement
2021-11-02 16:19:10.787500,Sitting_With_Movement
2021-11-02 16:19:16.937500,Sitting_With_Movement
2021-11-02 16:19:23.100000,Sitting_With_Movement
2021-11-02 16:19:29.250000,Sitting_With_Movement
2021-11-02 16:19:35.400000,Sitting_With_Movement
2021-11-02 16:19:41.550000,Sitting_With_Movement
2021-11-02 16:19:47.712500,Sitting_With_Movement
2021-11-02 16:19:53.862500,Sitting_With_Movement
2021-11-02 16:20:00.012500,Sitting_With_Movement
2021-11-02 16:20:06.175000,Sitting_With_Movement
2021-11-02 16:20:12.325000,Sitting_With_Movement
2021-11-02 16:20:18.475000,Sitting_With_Movement
2021-11-02 16:20:24.637500,Sitting_With_Movement
2021-11-02 16:20:30.787500,Sitting_With_Movement
2021-11-02 16:20:36.937500,Sitting_With_Movement
2021-11-02 16:20:43.100000,Sitting_With_Movement
2021-11-02 16:20:49.250000,Sitting_With_Movement
2021-11-02 16:20:55.400000,Sitting_With_Movement
2021-11-02 16:21:01.550000,Sitting_With_Movement
2021-11-02 16:21:07.712500,Sitting_With_Movement
2021-11-02 16:21:13.862500,Sitting_With_Movement
2021-11-02 16:21:20.012500,Sitting_With_Movement
2021-11-02 16:21:26.175000,Sitting_With_Movement
2021-11-02 16:21:32.325000,Sitting_With_Movement
2021-11-02 16:21:38.475000,Sitting_With_Movement
2021-11-02 16:21:44.637500,Sitting_With_Movement
2021-11-02 16:21:50.787500,Sitting_With_Movement
2021-11-02 16:21:56.937500,Walking
2021-11-02 16:22:03.100000,Walking
2021-11-02 16:22:09.250000,Walking
2021-11-02 16:22:15.400000,Walking
2021-11-02 16:22:21.550000,Sitting_With_Movement
2021-11-02 16:22:27.712500,Sitting_With_Movement
2021-11-02 16:22:33.862500,Sitting_With_Movement
2021-11-02 16:22:40.012500,Sitting_With_Movement
2021-11-02 16:22:46.175000,Sitting_With_Movement
2021-11-02 16:22:52.325000,Sitting_With_Movement
2021-11-02 16:22:58.475000,Sitting_With_Movement
2021-11-02 16:23:04.637500,Sitting_With_Movement
2021-11-02 16:23:10.787500,Sitting_With_Movement
2021-11-02 16:23:16.937500,Sitting_With_Movement
2021-11-02 16:23:23.100000,Sitting_With_Movement
2021-11-02 16:23:29.250000,Sitting_With_Movement
2021-11-02 16:23:35.400000,Sitting_With_Movement
2021-11-02 16:23:41.550000,Sitting_With_Movement
2021-11-02 16:23:47.712500,Sitting_With_Movement
2021-11-02 16:23:53.862500,Sitting_With_Movement
2021-11-02 16:24:00.012500,Sitting_With_Movement
2021-11-02 16:24:06.175000,Sitting_With_Movement
2021-11-02 16:24:12.325000,Sitting_With_Movement
2021-11-02 16:24:18.475000,Sitting_With_Movement
2021-11-02 16:24:24.637500,Sitting_With_Movement
2021-11-02 16:24:30.787500,Sitting_With_Movement
2021-11-02 16:24:36.937500,Sitting_With_Movement
2021-11-02 16:24:43.100000,Sitting_With_Movement
2021-11-02 16:24:49.250000,Sitting_With_Movement
2021-11-02 16:24:55.400000,Sitting_With_Movement
2021-11-02 16:25:01.550000,Sitting_With_Movement
2021-11-02 16:25:07.712500,Sitting_With_Movement
2021-11-02 16:25:13.862500,Sitting_With_Movement
2021-11-02 16:25:20.012500,Sitting_With_Movement
2021-11-02 16:25:26.175000,Sitting_With_Movement
2021-11-02 16:25:32.325000,Sitting_With_Movement
2021-11-02 16:25:38.475000,Sitting_With_Movement
2021-11-02 16:25:44.637500,Sitting_With_Movement
2021-11-02 16:25:50.787500,Sitting_With_Movement
2021-11-02 16:25:56.937500,Sitting_With_Movement
2021-11-02 16:26:03.100000,Sitting_With_Movement
2021-11-02 16:26:09.250000,Sitting_With_Movement
2021-11-02 16:26:15.400000,Sitting_With_Movement
2021-11-02 16:26:21.550000,Sitting_With_Movement
2021-11-02 16:26:27.712500,Sitting_With_Movement
2021-11-02 16:26:33.862500,Sitting_With_Movement
2021-11-02 16:26:40.012500,Sitting_With_Movement
2021-11-02 16:26:46.175000,Sitting_With_Movement
2021-11-02 16:26:52.325000,Sitting_With_Movement
2021-11-02 16:26:58.475000,Sitting_With_Movement
2021-11-02 16:27:04.637500,Sitting_With_Movement
2021-11-02 16:27:10.787500,Sitting_With_Movement
2021-11-02 16:27:16.937500,Sitting_With_Movement
2021-11-02 16:27:23.100000,Sitting_With_Movement
2021-11-02 16:27:29.250000,Sitting_With_Movement
2021-11-02 16:27:35.400000,Sitting_With_Movement
2021-11-02 16:27:41.550000,Sitting_With_Movement
2021-11-02 16:27:47.712500,Sitting_With_Movement
2021-11-02 16:27:53.862500,Sitting_With_Movement
2021-11-02 16:28:00.012500,Sitting_With_Movement
2021-11-02 16:28:06.175000,Sitting_With_Movement
2021-11-02 16:28:12.325000,Sitting_With_Movement
2021-11-02 16:28:18.475000,Sitting_With_Movement
2021-11-02 16:28:24.637500,Sitting_With_Movement
2021-11-02 16:28:30.787500,Sitting_With_Movement
2021-11-02 16:28:36.937500,Sitting_With_Movement
2021-11-02 16:28:43.100000,Sitting_With_Movement
2021-11-02 16:28:49.250000,Sitting_With_Movement
2021-11-02 16:28:55.400000,Sitting_With_Movement
2021-11-02 16:29:01.550000,Sitting_With_Movement
2021-11-02 16:29:07.712500,Sitting_With_Movement
2021-11-02 16:29:13.862500,Sitting_With_Movement
2021-11-02 16:29:20.012500,Sitting_With_Movement
2021-11-02 16:29:26.175000,Sitting_With_Movement
2021-11-02 16:29:32.325000,Sitting_With_Movement
2021-11-02 16:29:38.475000,Sitting_With_Movement
2021-11-02 16:29:44.637500,Sitting_With_Movement
2021-11-02 16:29:50.787500,Sitting_With_Movement
2021-11-02 16:29:56.937500,Sitting_With_Movement
2021-11-02 16:30:03.100000,Sitting_With_Movement
2021-11-02 16:30:09.250000,Sitting_With_Movement
2021-11-02 16:30:15.400000,Sitting_With_Movement
2021-11-02 16:30:21.550000,Sitting_With_Movement
2021-11-02 16:30:27.712500,Sitting_With_Movement
2021-11-02 16:30:33.862500,Sitting_With_Movement
2021-11-02 16:30:40.012500,Sitting_With_Movement
2021-11-02 16:30:46.175000,Sitting_With_Movement
2021-11-02 16:30:52.325000,Sitting_With_Movement
2021-11-02 16:30:58.475000,Sitting_With_Movement
2021-11-02 16:31:04.637500,Sitting_With_Movement
2021-11-02 16:31:10.787500,Sitting_With_Movement
2021-11-02 16:31:16.937500,Sitting_With_Movement
2021-11-02 16:31:23.100000,Sitting_With_Movement
2021-11-02 16:31:29.250000,Sitting_With_Movement
2021-11-02 16:31:35.400000,Sitting_With_Movement
2021-11-02 16:31:41.562500,Sitting_With_Movement
2021-11-02 16:31:47.712500,Sitting_With_Movement
2021-11-02 16:31:53.862500,Sitting_With_Movement
2021-11-02 16:32:00.012500,Sitting_With_Movement
2021-11-02 16:32:06.175000,Sitting_With_Movement
2021-11-02 16:32:12.325000,Sitting_With_Movement
2021-11-02 16:32:18.475000,Sitting_With_Movement
2021-11-02 16:32:24.637500,Sitting_With_Movement
2021-11-02 16:32:30.787500,Sitting_With_Movement
2021-11-02 16:32:36.937500,Sitting_With_Movement
2021-11-02 16:32:43.100000,Sitting_With_Movement
2021-11-02 16:32:49.250000,Sitting_With_Movement
2021-11-02 16:32:55.400000,Sitting_With_Movement
2021-11-02 16:33:01.562500,Sitting_With_Movement
2021-11-02 16:33:07.712500,Sitting_With_Movement
2021-11-02 16:33:13.862500,Sitting_With_Movement
2021-11-02 16:33:20.012500,Sitting_With_Movement
2021-11-02 16:33:26.175000,Sitting_With_Movement
2021-11-02 16:33:32.325000,Sitting_With_Movement
2021-11-02 16:33:38.475000,Sitting_With_Movement
2021-11-02 16:33:44.637500,Sitting_With_Movement
2021-11-02 16:33:50.787500,Sitting_With_Movement
2021-11-02 16:33:56.937500,Sitting_With_Movement
2021-11-02 16:34:03.100000,Sitting_With_Movement
2021-11-02 16:34:09.250000,Sitting_With_Movement
2021-11-02 16:34:15.400000,Sitting_With_Movement
2021-11-02 16:34:21.562500,Sitting_With_Movement
2021-11-02 16:34:27.712500,Sitting_With_Movement
2021-11-02 16:34:33.862500,Sitting_With_Movement
2021-11-02 16:34:40.012500,Sitting_With_Movement
2021-11-02 16:34:46.175000,Sitting_With_Movement
2021-11-02 16:34:52.325000,Sitting_With_Movement
2021-11-02 16:34:58.475000,Sitting_With_Movement
2021-11-02 16:35:04.637500,Sitting_With_Movement
2021-11-02 16:35:10.787500,Sitting_With_Movement
2021-11-02 16:35:16.937500,Sitting_With_Movement
2021-11-02 16:35:23.100000,Sitting_With_Movement
2021-11-02 16:35:29.250000,Sitting_With_Movement
2021-11-02 16:35:35.400000,Sitting_With_Movement
2021-11-02 16:35:41.562500,Sitting_With_Movement
2021-11-02 16:35:47.712500,Sitting_With_Movement
2021-11-02 16:35:53.862500,Sitting_With_Movement
2021-11-02 16:36:00.012500,Sitting_With_Movement
2021-11-02 16:36:06.175000,Sitting_With_Movement
2021-11-02 16:36:12.325000,Sitting_With_Movement
2021-11-02 16:36:18.475000,Sitting_With_Movement
2021-11-02 16:36:24.637500,Sitting_With_Movement
2021-11-02 16:36:30.787500,Sitting_With_Movement
2021-11-02 16:36:36.937500,Sitting_With_Movement
2021-11-02 16:36:43.100000,Sitting_With_Movement
2021-11-02 16:36:49.250000,Sitting_With_Movement
2021-11-02 16:36:55.400000,Sitting_With_Movement
2021-11-02 16:37:01.562500,Sitting_With_Movement
2021-11-02 16:37:07.712500,Sitting_With_Movement
2021-11-02 16:37:13.862500,Sitting_With_Movement
2021-11-02 16:37:20.012500,Sitting_With_Movement
2021-11-02 16:37:26.175000,Sitting_With_Movement
2021-11-02 16:37:32.325000,Sitting_With_Movement
2021-11-02 16:37:38.475000,Sitting_With_Movement
2021-11-02 16:37:44.637500,Sitting_With_Movement
2021-11-02 16:37:50.787500,Sitting_With_Movement
2021-11-02 16:37:56.937500,Sitting_With_Movement
2021-11-02 16:38:03.100000,Sitting_With_Movement
2021-11-02 16:38:09.250000,Sitting_With_Movement
2021-11-02 16:38:15.400000,Sitting_With_Movement
2021-11-02 16:38:21.562500,Sitting_With_Movement
2021-11-02 16:38:27.712500,Sitting_With_Movement
2021-11-02 16:38:33.862500,Sitting_With_Movement
2021-11-02 16:38:40.012500,Sitting_With_Movement
2021-11-02 16:38:46.175000,Sitting_With_Movement
2021-11-02 16:38:52.325000,Sitting_With_Movement
2021-11-02 16:38:58.475000,Sitting_With_Movement
2021-11-02 16:39:04.637500,Sitting_With_Movement
2021-11-02 16:39:10.787500,Sitting_With_Movement
2021-11-02 16:39:16.937500,Sitting_With_Movement
2021-11-02 16:39:23.100000,Sitting_With_Movement
2021-11-02 16:39:29.250000,Sitting_With_Movement
2021-11-02 16:39:35.400000,Sitting_With_Movement
2021-11-02 16:39:41.562500,Sitting_With_Movement
2021-11-02 16:39:47.712500,Sitting_With_Movement
2021-11-02 16:39:53.862500,Sitting_With_Movement
2021-11-02 16:40:00.012500,Sitting_With_Movement
2021-11-02 16:40:06.175000,Sitting_With_Movement
2021-11-02 16:40:12.325000,Sitting_With_Movement
2021-11-02 16:40:18.475000,Sitting_With_Movement
2021-11-02 16:40:24.637500,Sitting_With_Movement
2021-11-02 16:40:30.787500,Sitting_With_Movement
2021-11-02 16:40:36.937500,Sitting_With_Movement
2021-11-02 16:40:43.100000,Sitting_With_Movement
2021-11-02 16:40:49.250000,Sitting_With_Movement
2021-11-02 16:40:55.400000,Sitting_With_Movement
2021-11-02 16:41:01.562500,Sitting_With_Movement
2021-11-02 16:41:07.712500,Sitting_With_Movement
2021-11-02 16:41:13.862500,Sitting_With_Movement
2021-11-02 16:41:20.012500,Sitting_With_Movement
2021-11-02 16:41:26.175000,Sitting_With_Movement
2021-11-02 16:41:32.325000,Sitting_With_Movement
2021-11-02 16:41:38.475000,Sitting_With_Movement
2021-11-02 16:41:44.637500,Sitting_With_Movement
2021-11-02 16:41:50.787500,Sitting_With_Movement
2021-11-02 16:41:56.937500,Sitting_With_Movement
2021-11-02 16:42:03.100000,Sitting_With_Movement
2021-11-02 16:42:09.250000,Sitting_With_Movement
2021-11-02 16:42:15.400000,Sitting_With_Movement
2021-11-02 16:42:21.562500,Sitting_With_Movement
2021-11-02 16:42:27.712500,Sitting_With_Movement
2021-11-02 16:42:33.862500,Sitting_With_Movement
2021-11-02 16:42:40.012500,Sitting_With_Movement
2021-11-02 16:42:46.175000,Sitting_With_Movement
2021-11-02 16:42:52.325000,Sitting_With_Movement
2021-11-02 16:42:58.475000,Sitting_With_Movement
2021-11-02 16:43:04.637500,Sitting_With_Movement
2021-11-02 16:43:10.787500,Sitting_With_Movement
2021-11-02 16:43:16.937500,Sitting_With_Movement
2021-11-02 16:43:23.100000,Sitting_With_Movement
2021-11-02 16:43:29.250000,Sitting_With_Movement
2021-11-02 16:43:35.400000,Sitting_With_Movement
2021-11-02 16:43:41.562500,Sitting_With_Movement
2021-11-02 16:43:47.712500,Sitting_With_Movement
2021-11-02 16:43:53.862500,Sitting_With_Movement
2021-11-02 16:44:00.012500,Sitting_With_Movement
2021-11-02 16:44:06.175000,Sitting_With_Movement
2021-11-02 16:44:12.325000,Sitting_With_Movement
2021-11-02 16:44:18.475000,Sitting_With_Movement
2021-11-02 16:44:24.637500,Sitting_With_Movement
2021-11-02 16:44:30.787500,Sitting_With_Movement
2021-11-02 16:44:36.937500,Sitting_With_Movement
2021-11-02 16:44:43.100000,Sitting_With_Movement
2021-11-02 16:44:49.250000,Sitting_With_Movement
2021-11-02 16:44:55.400000,Sitting_With_Movement
2021-11-02 16:45:01.562500,Sitting_With_Movement
2021-11-02 16:45:07.712500,Sitting_With_Movement
2021-11-02 16:45:13.862500,Sitting_With_Movement
2021-11-02 16:45:20.012500,Sitting_With_Movement
2021-11-02 16:45:26.175000,Sitting_With_Movement
2021-11-02 16:45:32.325000,Sitting_With_Movement
2021-11-02 16:45:38.475000,Sitting_With_Movement
2021-11-02 16:45:44.637500,Sitting_With_Movement
2021-11-02 16:45:50.787500,Sitting_With_Movement
2021-11-02 16:45:56.937500,Sitting_With_Movement
2021-11-02 16:46:03.100000,Sitting_With_Movement
2021-11-02 16:46:09.250000,Sitting_With_Movement
2021-11-02 16:46:15.400000,Sitting_With_Movement
2021-11-02 16:46:21.562500,Sitting_With_Movement
2021-11-02 16:46:27.712500,Sitting_With_Movement
2021-11-02 16:46:33.862500,Sitting_With_Movement
2021-11-02 16:46:40.012500,Sitting_With_Movement
2021-11-02 16:46:46.175000,Sitting_With_Movement
2021-11-02 16:46:52.325000,Sitting_With_Movement
2021-11-02 16:46:58.475000,Sitting_With_Movement
2021-11-02 16:47:04.637500,Sitting_With_Movement
2021-11-02 16:47:10.787500,Sitting_With_Movement
2021-11-02 16:47:16.937500,Sitting_With_Movement
2021-11-02 16:47:23.100000,Sitting_With_Movement
2021-11-02 16:47:29.250000,Sitting_With_Movement
2021-11-02 16:47:35.400000,Sitting_With_Movement
2021-11-02 16:47:41.562500,Sitting_With_Movement
2021-11-02 16:47:47.712500,Sitting_With_Movement
2021-11-02 16:47:53.862500,Sitting_With_Movement
2021-11-02 16:48:00.012500,Sitting_With_Movement
2021-11-02 16:48:06.175000,Sitting_With_Movement
2021-11-02 16:48:12.325000,Sitting_With_Movement
2021-11-02 16:48:18.475000,Sitting_With_Movement
2021-11-02 16:48:24.637500,Sitting_With_Movement
2021-11-02 16:48:30.787500,Sitting_With_Movement
2021-11-02 16:48:36.937500,Sitting_With_Movement
2021-11-02 16:48:43.100000,Sitting_With_Movement
2021-11-02 16:48:49.250000,Sitting_With_Movement
2021-11-02 16:48:55.400000,Sitting_With_Movement
2021-11-02 16:49:01.562500,Sitting_With_Movement
2021-11-02 16:49:07.712500,Sitting_With_Movement
2021-11-02 16:49:13.862500,Sitting_With_Movement
2021-11-02 16:49:20.012500,Sitting_With_Movement
2021-11-02 16:49:26.175000,Sitting_With_Movement
2021-11-02 16:49:32.325000,Sitting_With_Movement
2021-11-02 16:49:38.475000,Sitting_With_Movement
2021-11-02 16:49:44.637500,Sitting_With_Movement
2021-11-02 16:49:50.787500,Sitting_With_Movement
2021-11-02 16:49:56.937500,Sitting_With_Movement
2021-11-02 16:50:03.100000,Sitting_With_Movement
2021-11-02 16:50:09.250000,Sitting_With_Movement
2021-11-02 16:50:15.400000,Sitting_With_Movement
2021-11-02 16:50:21.562500,Sitting_With_Movement
2021-11-02 16:50:27.712500,Sitting_With_Movement
2021-11-02 16:50:33.862500,Sitting_With_Movement
2021-11-02 16:50:40.012500,Sitting_With_Movement
2021-11-02 16:50:46.175000,Sitting_With_Movement
2021-11-02 16:50:52.325000,Sitting_With_Movement
2021-11-02 16:50:58.475000,Sitting_With_Movement
2021-11-02 16:51:04.637500,Sitting_With_Movement
2021-11-02 16:51:10.787500,Sitting_With_Movement
2021-11-02 16:51:16.937500,Sitting_With_Movement
2021-11-02 16:51:23.100000,Sitting_With_Movement
2021-11-02 16:51:29.250000,Sitting_With_Movement
2021-11-02 16:51:35.400000,Sitting_With_Movement
2021-11-02 16:51:41.562500,Sitting_With_Movement
2021-11-02 16:51:47.712500,Sitting_With_Movement
2021-11-02 16:51:53.862500,Sitting_With_Movement
2021-11-02 16:52:00.012500,Sitting_With_Movement
2021-11-02 16:52:06.175000,Sitting_With_Movement
2021-11-02 16:52:12.325000,Sitting_With_Movement
2021-11-02 16:52:18.475000,Sitting_With_Movement
2021-11-02 16:52:24.637500,Sitting_With_Movement
2021-11-02 16:52:30.787500,Sitting_With_Movement
2021-11-02 16:52:36.937500,Sitting_With_Movement
2021-11-02 16:52:43.100000,Sitting_With_Movement
2021-11-02 16:52:49.250000,Sitting_With_Movement
2021-11-02 16:52:55.400000,Sitting_With_Movement
2021-11-02 16:53:01.562500,Sitting_With_Movement
2021-11-02 16:53:07.712500,Sitting_With_Movement
2021-11-02 16:53:13.862500,Sitting_With_Movement
2021-11-02 16:53:20.012500,Sitting_With_Movement
2021-11-02 16:53:26.175000,Sitting_With_Movement
2021-11-02 16:53:32.325000,Sitting_With_Movement
2021-11-02 16:53:38.475000,Sitting_With_Movement
2021-11-02 16:53:44.637500,Sitting_With_Movement
2021-11-02 16:53:50.787500,Sitting_With_Movement
2021-11-02 16:53:56.937500,Sitting_With_Movement
2021-11-02 16:54:03.100000,Sitting_With_Movement
2021-11-02 16:54:09.250000,Sitting_With_Movement
2021-11-02 16:54:15.400000,Sitting_With_Movement
2021-11-02 16:54:21.562500,Sitting_With_Movement
2021-11-02 16:54:27.712500,Sitting_With_Movement
2021-11-02 16:54:33.862500,Sitting_With_Movement
2021-11-02 16:54:40.012500,Sitting_With_Movement
2021-11-02 16:54:46.175000,Sitting_With_Movement
2021-11-02 16:54:52.325000,Sitting_With_Movement
2021-11-02 16:54:58.475000,Sitting_With_Movement
2021-11-02 16:55:04.637500,Sitting_With_Movement
2021-11-02 16:55:10.787500,Sitting_With_Movement
2021-11-02 16:55:16.937500,Sitting_With_Movement
2021-11-02 16:55:23.100000,Sitting_With_Movement
2021-11-02 16:55:29.250000,Sitting_With_Movement
2021-11-02 16:55:35.400000,Sitting_With_Movement
2021-11-02 16:55:41.562500,Sitting_With_Movement
2021-11-02 16:55:47.712500,Sitting_With_Movement
2021-11-02 16:55:53.862500,Sitting_With_Movement
2021-11-02 16:56:00.012500,Sitting_With_Movement
2021-11-02 16:56:06.175000,Sitting_With_Movement
2021-11-02 16:56:12.325000,Sitting_With_Movement
2021-11-02 16:56:18.475000,Sitting_With_Movement
2021-11-02 16:56:24.637500,Sitting_With_Movement
2021-11-02 16:56:30.787500,Sitting_With_Movement
2021-11-02 16:56:36.937500,Sitting_With_Movement
2021-11-02 16:56:43.100000,Sitting_With_Movement
2021-11-02 16:56:49.250000,Sitting_With_Movement
2021-11-02 16:56:55.400000,Sitting_With_Movement
2021-11-02 16:57:01.562500,Sitting_With_Movement
2021-11-02 16:57:07.712500,Sitting_With_Movement
2021-11-02 16:57:13.862500,Sitting_With_Movement
2021-11-02 16:57:20.012500,Sitting_With_Movement
2021-11-02 16:57:26.175000,Sitting_With_Movement
2021-11-02 16:57:32.325000,Sitting_With_Movement
2021-11-02 16:57:38.475000,Sitting_With_Movement
2021-11-02 16:57:44.637500,Sitting_With_Movement
2021-11-02 16:57:50.787500,Sitting_With_Movement
2021-11-02 16:57:56.937500,Sitting_With_Movement
2021-11-02 16:58:03.100000,Sitting_With_Movement
2021-11-02 16:58:09.250000,Sitting_With_Movement
2021-11-02 16:58:15.400000,Sitting_With_Movement
2021-11-02 16:58:21.562500,Sitting_With_Movement
2021-11-02 16:58:27.712500,Sitting_With_Movement
2021-11-02 16:58:33.862500,Sitting_With_Movement
2021-11-02 16:58:40.012500,Sitting_With_Movement
2021-11-02 16:58:46.175000,Sitting_With_Movement
2021-11-02 16:58:52.325000,Sitting_With_Movement
2021-11-02 16:58:58.475000,Sitting_With_Movement
2021-11-02 16:59:04.637500,Sitting_With_Movement
2021-11-02 16:59:10.787500,Sitting_With_Movement
2021-11-02 16:59:16.937500,Sitting_With_Movement
2021-11-02 16:59:23.100000,Sitting_With_Movement
2021-11-02 16:59:29.250000,Sitting_With_Movement
2021-11-02 16:59:35.400000,Sitting_With_Movement
2021-11-02 16:59:41.562500,Sitting_With_Movement
2021-11-02 16:59:47.712500,Sitting_With_Movement
2021-11-02 16:59:53.862500,Sitting_With_Movement
2021-11-02 17:00:00.012500,Sitting_With_Movement
2021-11-02 17:00:06.175000,Sitting_With_Movement
2021-11-02 17:00:12.325000,Sitting_With_Movement
2021-11-02 17:00:18.475000,Sitting_With_Movement
2021-11-02 17:00:24.637500,Sitting_With_Movement
2021-11-02 17:00:30.787500,Sitting_With_Movement
2021-11-02 17:00:36.937500,Sitting_With_Movement
2021-11-02 17:00:43.100000,Sitting_With_Movement
2021-11-02 17:00:49.250000,Sitting_With_Movement
2021-11-02 17:00:55.400000,Sitting_With_Movement
2021-11-02 17:01:01.562500,Sitting_With_Movement
2021-11-02 17:01:07.712500,Sitting_With_Movement
2021-11-02 17:01:13.862500,Sitting_With_Movement
2021-11-02 17:01:20.012500,Sitting_With_Movement
2021-11-02 17:01:26.175000,Sitting_With_Movement
2021-11-02 17:01:32.325000,Sitting_With_Movement
2021-11-02 17:01:38.475000,Sitting_With_Movement
2021-11-02 17:01:44.637500,Sitting_With_Movement
2021-11-02 17:01:50.787500,Sitting_With_Movement
2021-11-02 17:01:56.937500,Sitting_With_Movement
2021-11-02 17:02:03.100000,Sitting_With_Movement
2021-11-02 17:02:09.250000,Sitting_With_Movement
2021-11-02 17:02:15.400000,Sitting_With_Movement
2021-11-02 17:02:21.562500,Sitting_With_Movement
2021-11-02 17:02:27.712500,Sitting_With_Movement
2021-11-02 17:02:33.862500,Sitting_With_Movement
2021-11-02 17:02:40.012500,Sitting_With_Movement
2021-11-02 17:02:46.175000,Sitting_With_Movement
2021-11-02 17:02:52.325000,Sitting_With_Movement
2021-11-02 17:02:58.475000,Sitting_With_Movement
2021-11-02 17:03:04.637500,Sitting_With_Movement
2021-11-02 17:03:10.787500,Sitting_With_Movement
2021-11-02 17:03:16.937500,Sitting_With_Movement
2021-11-02 17:03:23.100000,Sitting_With_Movement
2021-11-02 17:03:29.250000,Sitting_With_Movement
2021-11-02 17:03:35.400000,Sitting_With_Movement
2021-11-02 17:03:41.562500,Sitting_With_Movement
2021-11-02 17:03:47.712500,Sitting_With_Movement
2021-11-02 17:03:53.862500,Sitting_With_Movement
2021-11-02 17:04:00.012500,Sitting_With_Movement
2021-11-02 17:04:06.175000,Sitting_With_Movement
2021-11-02 17:04:12.325000,Sitting_With_Movement
2021-11-02 17:04:18.475000,Sitting_With_Movement
2021-11-02 17:04:24.637500,Sitting_With_Movement
2021-11-02 17:04:30.787500,Sitting_With_Movement
2021-11-02 17:04:36.937500,Sitting_With_Movement
2021-11-02 17:04:43.100000,Sitting_With_Movement
2021-11-02 17:04:49.250000,Sitting_With_Movement
2021-11-02 17:04:55.400000,Sitting_With_Movement
2021-11-02 17:05:01.562500,Sitting_With_Movement
2021-11-02 17:05:07.712500,Sitting_With_Movement
2021-11-02 17:05:13.862500,Sitting_With_Movement
2021-11-02 17:05:20.012500,Sitting_With_Movement
2021-11-02 17:05:26.175000,Sitting_With_Movement
2021-11-02 17:05:32.325000,Sitting_With_Movement
2021-11-02 17:05:38.475000,Sitting_With_Movement
2021-11-02 17:05:44.637500,Sitting_With_Movement
2021-11-02 17:05:50.787500,Sitting_With_Movement
2021-11-02 17:05:56.937500,Sitting_With_Movement
2021-11-02 17:06:03.100000,Sitting_With_Movement
2021-11-02 17:06:09.250000,Sitting_With_Movement
2021-11-02 17:06:15.400000,Sitting_With_Movement
2021-11-02 17:06:21.562500,Sitting_With_Movement
2021-11-02 17:06:27.712500,Sitting_With_Movement
2021-11-02 17:06:33.862500,Sitting_With_Movement
2021-11-02 17:06:40.012500,Sitting_With_Movement
2021-11-02 17:06:46.175000,Sitting_With_Movement
2021-11-02 17:06:52.325000,Sitting_With_Movement
2021-11-02 17:06:58.475000,Sitting_With_Movement
2021-11-02 17:07:04.637500,Sitting_With_Movement
2021-11-02 17:07:10.787500,Sitting_With_Movement
2021-11-02 17:07:16.937500,Sitting_With_Movement
2021-11-02 17:07:23.100000,Sitting_With_Movement
2021-11-02 17:07:29.250000,Sitting_With_Movement
2021-11-02 17:07:35.400000,Sitting_With_Movement
2021-11-02 17:07:41.562500,Sitting_With_Movement
2021-11-02 17:07:47.712500,Sitting_With_Movement
2021-11-02 17:07:53.862500,Sitting_With_Movement
2021-11-02 17:08:00.012500,Sitting_With_Movement
2021-11-02 17:08:06.175000,Sitting_With_Movement
2021-11-02 17:08:12.325000,Sitting_With_Movement
2021-11-02 17:08:18.475000,Sitting_With_Movement
2021-11-02 17:08:24.637500,Sitting_With_Movement
2021-11-02 17:08:30.787500,Sitting_With_Movement
2021-11-02 17:08:36.937500,Sitting_With_Movement
2021-11-02 17:08:43.100000,Sitting_With_Movement
2021-11-02 17:08:49.250000,Sitting_With_Movement
2021-11-02 17:08:55.400000,Sitting_With_Movement
2021-11-02 17:09:01.562500,Sitting_With_Movement
2021-11-02 17:09:07.712500,Sitting_With_Movement
2021-11-02 17:09:13.862500,Sitting_With_Movement
2021-11-02 17:09:20.012500,Sitting_With_Movement
2021-11-02 17:09:26.175000,Sitting_With_Movement
2021-11-02 17:09:32.325000,Sitting_With_Movement
2021-11-02 17:09:38.475000,Sitting_With_Movement
2021-11-02 17:09:44.637500,Sitting_With_Movement
2021-11-02 17:09:50.787500,Sitting_With_Movement
2021-11-02 17:09:56.937500,Sitting_With_Movement
2021-11-02 17:10:03.100000,Sitting_With_Movement
2021-11-02 17:10:09.250000,Sitting_With_Movement
2021-11-02 17:10:15.400000,Sitting_With_Movement
2021-11-02 17:10:21.562500,Sitting_With_Movement
2021-11-02 17:10:27.712500,Sitting_With_Movement
2021-11-02 17:10:33.862500,Sitting_With_Movement
2021-11-02 17:10:40.012500,Sitting_With_Movement
2021-11-02 17:10:46.175000,Sitting_With_Movement
2021-11-02 17:10:52.325000,Sitting_With_Movement
2021-11-02 17:10:58.475000,Sitting_With_Movement
2021-11-02 17:11:04.637500,Sitting_With_Movement
2021-11-02 17:11:10.787500,Sitting_With_Movement
2021-11-02 17:11:16.937500,Sitting_With_Movement
2021-11-02 17:11:23.100000,Sitting_With_Movement
2021-11-02 17:11:29.250000,Sitting_With_Movement
2021-11-02 17:11:35.400000,Sitting_With_Movement
2021-11-02 17:11:41.562500,Sitting_With_Movement
2021-11-02 17:11:47.712500,Sitting_With_Movement
2021-11-02 17:11:53.862500,Sitting_With_Movement
2021-11-02 17:12:00.012500,Sitting_With_Movement
2021-11-02 17:12:06.175000,Sitting_With_Movement
2021-11-02 17:12:12.325000,Sitting_With_Movement
2021-11-02 17:12:18.475000,Sitting_With_Movement
2021-11-02 17:12:24.637500,Sitting_With_Movement
2021-11-02 17:12:30.787500,Sitting_With_Movement
2021-11-02 17:12:36.937500,Sitting_With_Movement
2021-11-02 17:12:43.100000,Sitting_With_Movement
2021-11-02 17:12:49.250000,Sitting_With_Movement
2021-11-02 17:12:55.400000,Sitting_With_Movement
2021-11-02 17:13:01.562500,Sitting_With_Movement
2021-11-02 17:13:07.712500,Sitting_With_Movement
2021-11-02 17:13:13.862500,Sitting_With_Movement
2021-11-02 17:13:20.012500,Sitting_With_Movement
2021-11-02 17:13:26.175000,Sitting_With_Movement
2021-11-02 17:13:32.325000,Sitting_With_Movement
2021-11-02 17:13:38.475000,Sitting_With_Movement
2021-11-02 17:13:44.637500,Sitting_With_Movement
2021-11-02 17:13:50.787500,Sitting_With_Movement
2021-11-02 17:13:56.937500,Sitting_With_Movement
2021-11-02 17:14:03.100000,Sitting_With_Movement
2021-11-02 17:14:09.250000,Sitting_With_Movement
2021-11-02 17:14:15.400000,Sitting_With_Movement
2021-11-02 17:14:21.562500,Sitting_With_Movement
2021-11-02 17:14:27.712500,Sitting_With_Movement
2021-11-02 17:14:33.862500,Sitting_With_Movement
2021-11-02 17:14:40.012500,Sitting_With_Movement
2021-11-02 17:14:46.175000,Sitting_With_Movement
2021-11-02 17:14:52.325000,Sitting_With_Movement
2021-11-02 17:14:58.475000,Sitting_With_Movement
2021-11-02 17:15:04.637500,Sitting_With_Movement
2021-11-02 17:15:10.787500,Sitting_With_Movement
2021-11-02 17:15:16.937500,Sitting_With_Movement
2021-11-02 17:15:23.100000,Sitting_With_Movement
2021-11-02 17:15:29.250000,Sitting_With_Movement
2021-11-02 17:15:35.400000,Sitting_With_Movement
2021-11-02 17:15:41.562500,Sitting_With_Movement
2021-11-02 17:15:47.712500,Sitting_With_Movement
2021-11-02 17:15:53.862500,Sitting_With_Movement
2021-11-02 17:16:00.012500,Sitting_With_Movement
2021-11-02 17:16:06.175000,Sitting_With_Movement
2021-11-02 17:16:12.325000,Sitting_With_Movement
2021-11-02 17:16:18.475000,Sitting_With_Movement
2021-11-02 17:16:24.637500,Sitting_With_Movement
2021-11-02 17:16:30.787500,Sitting_With_Movement
2021-11-02 17:16:36.937500,Sitting_With_Movement
2021-11-02 17:16:43.100000,Sitting_With_Movement
2021-11-02 17:16:49.250000,Sitting_With_Movement
2021-11-02 17:16:55.400000,Sitting_With_Movement
2021-11-02 17:17:01.562500,Sitting_With_Movement
2021-11-02 17:17:07.712500,Sitting_With_Movement
2021-11-02 17:17:13.862500,Sitting_With_Movement
2021-11-02 17:17:20.012500,Sitting_With_Movement
2021-11-02 17:17:26.175000,Sitting_With_Movement
2021-11-02 17:17:32.325000,Sitting_With_Movement
2021-11-02 17:17:38.475000,Sitting_With_Movement
2021-11-02 17:17:44.637500,Sitting_With_Movement
2021-11-02 17:17:50.787500,Sitting_With_Movement
2021-11-02 17:17:56.937500,Sitting_With_Movement
2021-11-02 17:18:03.100000,Sitting_With_Movement
2021-11-02 17:18:09.250000,Sitting_With_Movement
2021-11-02 17:18:15.400000,Sitting_With_Movement
2021-11-02 17:18:21.562500,Sitting_With_Movement
2021-11-02 17:18:27.712500,Sitting_With_Movement
2021-11-02 17:18:33.862500,Sitting_With_Movement
2021-11-02 17:18:40.012500,Sitting_With_Movement
2021-11-02 17:18:46.175000,Sitting_With_Movement
2021-11-02 17:18:52.325000,Sitting_With_Movement
2021-11-02 17:18:58.475000,Sitting_With_Movement
2021-11-02 17:19:04.637500,Sitting_With_Movement
2021-11-02 17:19:10.787500,Sitting_With_Movement
2021-11-02 17:19:16.937500,Sitting_With_Movement
2021-11-02 17:19:23.100000,Sitting_With_Movement
2021-11-02 17:19:29.250000,Sitting_With_Movement
2021-11-02 17:19:35.400000,Sitting_With_Movement
2021-11-02 17:19:41.562500,Sitting_With_Movement
2021-11-02 17:19:47.712500,Sitting_With_Movement
2021-11-02 17:19:53.862500,Sitting_With_Movement
2021-11-02 17:20:00.012500,Sitting_With_Movement
2021-11-02 17:20:06.175000,Sitting_With_Movement
2021-11-02 17:20:12.325000,Sitting_With_Movement
2021-11-02 17:20:18.475000,Sitting_With_Movement
2021-11-02 17:20:24.637500,Sitting_With_Movement
2021-11-02 17:20:30.787500,Sitting_With_Movement
2021-11-02 17:20:36.937500,Sitting_With_Movement
2021-11-02 17:20:43.100000,Sitting_With_Movement
2021-11-02 17:20:49.250000,PA_Type_Video_Unavailable/Indecipherable
2021-11-02 17:20:55.400000,PA_Type_Video_Unavailable/Indecipherable
2021-11-02 17:21:01.562500,PA_Type_Video_Unavailable/Indecipherable
2021-11-02 17:21:07.712500,PA_Type_Video_Unavailable/Indecipherable
2021-11-02 17:21:13.862500,PA_Type_Video_Unavailable/Indecipherable
2021-11-02 17:21:20.012500,PA_Type_Video_Unavailable/Indecipherable
2021-11-02 17:21:26.175000,PA_Type_Video_Unavailable/Indecipherable
2021-11-02 17:21:32.325000,PA_Type_Video_Unavailable/Indecipherable
2021-11-02 17:21:38.475000,PA_Type_Video_Unavailable/Indecipherable
2021-11-02 17:21:44.637500,PA_Type_Video_Unavailable/Indecipherable
2021-11-02 17:21:50.787500,PA_Type_Video_Unavailable/Indecipherable
2021-11-02 17:21:56.937500,PA_Type_Video_Unavailable/Indecipherable
2021-11-02 17:22:03.100000,PA_Type_Video_Unavailable/Indecipherable
2021-11-02 17:22:09.250000,PA_Type_Video_Unavailable/Indecipherable
2021-11-02 17:22:15.400000,PA_Type_Video_Unavailable/Indecipherable
2021-11-02 17:22:21.562500,PA_Type_Video_Unavailable/Indecipherable
2021-11-02 17:22:27.712500,PA_Type_Video_Unavailable/Indecipherable
2021-11-02 17:22:33.862500,PA_Type_Video_Unavailable/Indecipherable
2021-11-02 17:22:40.012500,PA_Type_Video_Unavailable/Indecipherable
2021-11-02 17:22:46.175000,PA_Type_Video_Unavailable/Indecipherable
2021-11-02 17:22:52.325000,PA_Type_Video_Unavailable/Indecipherable
2021-11-02 17:22:58.475000,PA_Type_Video_Unavailable/Indecipherable
2021-11-02 17:23:04.637500,PA_Type_Video_Unavailable/Indecipherable
2021-11-02 17:23:10.787500,PA_Type_Video_Unavailable/Indecipherable
2021-11-02 17:23:16.937500,PA_Type_Video_Unavailable/Indecipherable
2021-11-02 17:23:23.100000,PA_Type_Video_Unavailable/Indecipherable
2021-11-02 17:23:29.250000,PA_Type_Video_Unavailable/Indecipherable
2021-11-02 17:23:35.400000,PA_Type_Video_Unavailable/Indecipherable
2021-11-02 17:23:41.562500,PA_Type_Video_Unavailable/Indecipherable
2021-11-02 17:23:47.712500,PA_Type_Video_Unavailable/Indecipherable
2021-11-02 17:23:53.862500,PA_Type_Video_Unavailable/Indecipherable
2021-11-02 17:24:00.012500,PA_Type_Video_Unavailable/Indecipherable
2021-11-02 17:24:06.175000,PA_Type_Video_Unavailable/Indecipherable
2021-11-02 17:24:12.325000,PA_Type_Video_Unavailable/Indecipherable
2021-11-02 17:24:18.475000,PA_Type_Video_Unavailable/Indecipherable
2021-11-02 17:24:24.637500,PA_Type_Video_Unavailable/Indecipherable
2021-11-02 17:24:30.787500,PA_Type_Video_Unavailable/Indecipherable
2021-11-02 17:24:36.937500,PA_Type_Video_Unavailable/Indecipherable
2021-11-02 17:24:43.100000,PA_Type_Video_Unavailable/Indecipherable
2021-11-02 17:24:49.250000,PA_Type_Video_Unavailable/Indecipherable
2021-11-02 17:24:55.400000,PA_Type_Video_Unavailable/Indecipherable
2021-11-02 17:25:01.562500,PA_Type_Video_Unavailable/Indecipherable
2021-11-02 17:25:07.712500,PA_Type_Video_Unavailable/Indecipherable
2021-11-02 17:25:13.862500,PA_Type_Video_Unavailable/Indecipherable
2021-11-02 17:25:20.012500,PA_Type_Video_Unavailable/Indecipherable
2021-11-02 17:25:26.175000,PA_Type_Video_Unavailable/Indecipherable
2021-11-02 17:25:32.325000,PA_Type_Video_Unavailable/Indecipherable
2021-11-02 17:25:38.475000,PA_Type_Video_Unavailable/Indecipherable
2021-11-02 17:25:44.637500,PA_Type_Video_Unavailable/Indecipherable
2021-11-02 17:25:50.787500,PA_Type_Video_Unavailable/Indecipherable
2021-11-02 17:25:56.937500,PA_Type_Video_Unavailable/Indecipherable
2021-11-02 17:26:03.100000,PA_Type_Video_Unavailable/Indecipherable
2021-11-02 17:26:09.250000,PA_Type_Video_Unavailable/Indecipherable
2021-11-02 17:26:15.400000,PA_Type_Video_Unavailable/Indecipherable
2021-11-02 17:26:21.562500,PA_Type_Video_Unavailable/Indecipherable
2021-11-02 17:26:27.712500,PA_Type_Video_Unavailable/Indecipherable
2021-11-02 17:26:33.862500,PA_Type_Video_Unavailable/Indecipherable
2021-11-02 17:26:40.012500,PA_Type_Video_Unavailable/Indecipherable
2021-11-02 17:26:46.175000,PA_Type_Video_Unavailable/Indecipherable
2021-11-02 17:26:52.325000,PA_Type_Video_Unavailable/Indecipherable
2021-11-02 17:26:58.475000,PA_Type_Video_Unavailable/Indecipherable
2021-11-02 17:27:04.637500,PA_Type_Video_Unavailable/Indecipherable
2021-11-02 17:27:10.787500,PA_Type_Video_Unavailable/Indecipherable
2021-11-02 17:27:16.937500,PA_Type_Video_Unavailable/Indecipherable
2021-11-02 17:27:23.100000,PA_Type_Video_Unavailable/Indecipherable
2021-11-02 17:27:29.250000,PA_Type_Video_Unavailable/Indecipherable
2021-11-02 17:27:35.400000,PA_Type_Video_Unavailable/Indecipherable
2021-11-02 17:27:41.562500,PA_Type_Video_Unavailable/Indecipherable
2021-11-02 17:27:47.712500,PA_Type_Video_Unavailable/Indecipherable
2021-11-02 17:27:53.862500,PA_Type_Video_Unavailable/Indecipherable
2021-11-02 17:28:00.012500,PA_Type_Video_Unavailable/Indecipherable
2021-11-02 17:28:06.175000,PA_Type_Video_Unavailable/Indecipherable
2021-11-02 17:28:12.325000,PA_Type_Video_Unavailable/Indecipherable
2021-11-02 17:28:18.475000,PA_Type_Video_Unavailable/Indecipherable
2021-11-02 17:28:24.637500,PA_Type_Video_Unavailable/Indecipherable
2021-11-02 17:28:30.787500,PA_Type_Video_Unavailable/Indecipherable
2021-11-02 17:28:36.937500,PA_Type_Video_Unavailable/Indecipherable
2021-11-02 17:28:43.100000,PA_Type_Video_Unavailable/Indecipherable
2021-11-02 17:28:49.250000,PA_Type_Video_Unavailable/Indecipherable
2021-11-02 17:28:55.400000,PA_Type_Video_Unavailable/Indecipherable
2021-11-02 17:29:01.562500,PA_Type_Video_Unavailable/Indecipherable
2021-11-02 17:29:07.712500,PA_Type_Video_Unavailable/Indecipherable
2021-11-02 17:29:13.862500,PA_Type_Video_Unavailable/Indecipherable
2021-11-02 17:29:20.012500,PA_Type_Video_Unavailable/Indecipherable
2021-11-02 17:29:26.175000,Walking
2021-11-02 17:29:32.325000,Walking
2021-11-02 17:29:38.475000,Walking
2021-11-02 17:29:44.637500,Walking
2021-11-02 17:29:50.787500,Walking
2021-11-02 17:29:56.937500,Walking
2021-11-02 17:30:03.100000,Walking
2021-11-02 17:30:09.250000,Standing_With_Movement
2021-11-02 17:30:15.400000,Standing_With_Movement
2021-11-02 17:30:21.562500,Standing_With_Movement
2021-11-02 17:30:27.712500,Standing_With_Movement
2021-11-02 17:30:33.862500,Standing_With_Movement
2021-11-02 17:30:40.012500,Walking
2021-11-02 17:30:46.175000,Standing_With_Movement
2021-11-02 17:30:52.325000,Standing_With_Movement
2021-11-02 17:30:58.475000,Standing_With_Movement
2021-11-02 17:31:04.637500,Standing_With_Movement
2021-11-02 17:31:10.787500,Standing_With_Movement
2021-11-02 17:31:16.937500,Standing_With_Movement
2021-11-02 17:31:23.100000,Standing_With_Movement
2021-11-02 17:31:29.250000,Standing_With_Movement
2021-11-02 17:31:35.400000,Standing_With_Movement
2021-11-02 17:31:41.562500,Standing_With_Movement
2021-11-02 17:31:47.712500,Standing_With_Movement
2021-11-02 17:31:53.862500,Standing_With_Movement
2021-11-02 17:32:00.012500,Standing_With_Movement
2021-11-02 17:32:06.175000,Standing_With_Movement
2021-11-02 17:32:12.325000,Standing_With_Movement
2021-11-02 17:32:18.475000,Standing_With_Movement
2021-11-02 17:32:24.637500,Standing_With_Movement
2021-11-02 17:32:30.787500,Standing_With_Movement
2021-11-02 17:32:36.937500,Standing_With_Movement
2021-11-02 17:32:43.100000,Standing_With_Movement
2021-11-02 17:32:49.250000,Standing_With_Movement
2021-11-02 17:32:55.400000,Standing_With_Movement
2021-11-02 17:33:01.562500,Standing_With_Movement
2021-11-02 17:33:07.712500,Standing_With_Movement
2021-11-02 17:33:13.862500,Standing_With_Movement
2021-11-02 17:33:20.012500,Standing_With_Movement
2021-11-02 17:33:26.175000,Standing_With_Movement
2021-11-02 17:33:32.325000,Standing_With_Movement
2021-11-02 17:33:38.475000,Standing_With_Movement
2021-11-02 17:33:44.637500,Standing_With_Movement
2021-11-02 17:33:50.787500,Standing_With_Movement
2021-11-02 17:33:56.937500,Standing_With_Movement
2021-11-02 17:34:03.100000,Standing_With_Movement
2021-11-02 17:34:09.250000,Standing_With_Movement
2021-11-02 17:34:15.400000,Standing_With_Movement
2021-11-02 17:34:21.562500,Standing_With_Movement
2021-11-02 17:34:27.712500,Standing_With_Movement
2021-11-02 17:34:33.862500,Standing_With_Movement
2021-11-02 17:34:40.012500,Standing_With_Movement
2021-11-02 17:34:46.175000,Standing_With_Movement
2021-11-02 17:34:52.325000,Standing_With_Movement
2021-11-02 17:34:58.475000,Standing_With_Movement
2021-11-02 17:35:04.637500,Standing_With_Movement
2021-11-02 17:35:10.787500,Standing_With_Movement
2021-11-02 17:35:16.937500,Standing_With_Movement
2021-11-02 17:35:23.100000,Standing_With_Movement
2021-11-02 17:35:29.250000,Standing_With_Movement
2021-11-02 17:35:35.400000,Standing_With_Movement
2021-11-02 17:35:41.562500,Standing_With_Movement
2021-11-02 17:35:47.712500,Standing_With_Movement
2021-11-02 17:35:53.862500,Standing_With_Movement
2021-11-02 17:36:00.012500,Standing_With_Movement
2021-11-02 17:36:06.175000,Standing_With_Movement
2021-11-02 17:36:12.325000,Standing_With_Movement
2021-11-02 17:36:18.475000,Walking
2021-11-02 17:36:24.637500,Walking
2021-11-02 17:36:30.787500,Walking
2021-11-02 17:36:36.937500,Puttering_Around
2021-11-02 17:36:43.100000,Puttering_Around
2021-11-02 17:36:49.250000,Puttering_Around
2021-11-02 17:36:55.400000,Puttering_Around
2021-11-02 17:37:01.562500,Puttering_Around
2021-11-02 17:37:07.712500,Puttering_Around
2021-11-02 17:37:13.862500,Puttering_Around
2021-11-02 17:37:20.012500,Puttering_Around
2021-11-02 17:37:26.175000,Puttering_Around
2021-11-02 17:37:32.325000,Puttering_Around
2021-11-02 17:37:38.475000,Puttering_Around
2021-11-02 17:37:44.637500,Puttering_Around
2021-11-02 17:37:50.787500,Puttering_Around
2021-11-02 17:37:56.937500,Puttering_Around
2021-11-02 17:38:03.100000,Puttering_Around
2021-11-02 17:38:09.250000,PA_Type_Video_Unavailable/Indecipherable
2021-11-02 17:38:15.400000,PA_Type_Video_Unavailable/Indecipherable
2021-11-02 17:38:21.562500,PA_Type_Video_Unavailable/Indecipherable
2021-11-02 17:38:27.712500,PA_Type_Video_Unavailable/Indecipherable
2021-11-02 17:38:33.862500,PA_Type_Video_Unavailable/Indecipherable
2021-11-02 17:38:40.012500,PA_Type_Video_Unavailable/Indecipherable
2021-11-02 17:38:46.175000,PA_Type_Video_Unavailable/Indecipherable
2021-11-02 17:38:52.325000,PA_Type_Video_Unavailable/Indecipherable
2021-11-02 17:38:58.475000,PA_Type_Video_Unavailable/Indecipherable
2021-11-02 17:39:04.637500,PA_Type_Video_Unavailable/Indecipherable
2021-11-02 17:39:10.787500,PA_Type_Video_Unavailable/Indecipherable
2021-11-02 17:39:16.937500,PA_Type_Video_Unavailable/Indecipherable
2021-11-02 17:39:23.100000,PA_Type_Video_Unavailable/Indecipherable
2021-11-02 17:39:29.250000,Walking
2021-11-02 17:39:35.400000,Walking
2021-11-02 17:39:41.562500,Walking
2021-11-02 17:39:47.712500,Walking
2021-11-02 17:39:53.862500,Puttering_Around
2021-11-02 17:40:00.012500,Puttering_Around
2021-11-02 17:40:06.175000,Puttering_Around
2021-11-02 17:40:12.325000,Puttering_Around
2021-11-02 17:40:18.475000,Puttering_Around
2021-11-02 17:40:24.637500,Puttering_Around
2021-11-02 17:40:30.787500,Puttering_Around
2021-11-02 17:40:36.937500,Puttering_Around
2021-11-02 17:40:43.100000,Puttering_Around
2021-11-02 17:40:49.250000,Puttering_Around
2021-11-02 17:40:55.400000,Puttering_Around
2021-11-02 17:41:01.562500,Puttering_Around
2021-11-02 17:41:07.712500,Puttering_Around
2021-11-02 17:41:13.862500,Puttering_Around
2021-11-02 17:41:20.012500,Puttering_Around
2021-11-02 17:41:26.175000,Puttering_Around
2021-11-02 17:41:32.325000,Puttering_Around
2021-11-02 17:41:38.475000,Puttering_Around
2021-11-02 17:41:44.637500,Puttering_Around
2021-11-02 17:41:50.787500,Puttering_Around
2021-11-02 17:41:56.937500,Puttering_Around
2021-11-02 17:42:03.100000,Puttering_Around
2021-11-02 17:42:09.250000,Puttering_Around
2021-11-02 17:42:15.400000,Puttering_Around
2021-11-02 17:42:21.562500,Puttering_Around
2021-11-02 17:42:27.712500,Puttering_Around
2021-11-02 17:42:33.862500,Puttering_Around
2021-11-02 17:42:40.012500,Puttering_Around
2021-11-02 17:42:46.175000,Puttering_Around
2021-11-02 17:42:52.325000,Puttering_Around
2021-11-02 17:42:58.475000,Puttering_Around
2021-11-02 17:43:04.637500,Puttering_Around
2021-11-02 17:43:10.787500,Puttering_Around
2021-11-02 17:43:16.937500,Puttering_Around
2021-11-02 17:43:23.100000,Puttering_Around
2021-11-02 17:43:29.250000,Puttering_Around
2021-11-02 17:43:35.400000,Puttering_Around
2021-11-02 17:43:41.562500,Puttering_Around
2021-11-02 17:43:47.712500,Puttering_Around
2021-11-02 17:43:53.862500,Kneeling_With_Movement
2021-11-02 17:44:00.012500,Kneeling_With_Movement
2021-11-02 17:44:06.175000,Kneeling_With_Movement
2021-11-02 17:44:12.325000,Kneeling_With_Movement
2021-11-02 17:44:18.475000,Kneeling_With_Movement
2021-11-02 17:44:24.637500,Kneeling_With_Movement
2021-11-02 17:44:30.787500,Walking
2021-11-02 17:44:36.937500,Walking
2021-11-02 17:44:43.100000,Walking
2021-11-02 17:44:49.250000,Sitting_With_Movement
2021-11-02 17:44:55.400000,Sitting_With_Movement
2021-11-02 17:45:01.562500,Sitting_With_Movement
2021-11-02 17:45:07.712500,Sitting_With_Movement
2021-11-02 17:45:13.862500,Sitting_With_Movement
2021-11-02 17:45:20.025000,Sitting_With_Movement
2021-11-02 17:45:26.175000,Sitting_With_Movement
2021-11-02 17:45:32.325000,Sitting_With_Movement
2021-11-02 17:45:38.475000,Sitting_With_Movement
2021-11-02 17:45:44.637500,Sitting_With_Movement
2021-11-02 17:45:50.787500,Sitting_With_Movement
2021-11-02 17:45:56.937500,Sitting_With_Movement
2021-11-02 17:46:03.100000,Sitting_With_Movement
2021-11-02 17:46:09.250000,Sitting_With_Movement
2021-11-02 17:46:15.400000,Sitting_With_Movement
2021-11-02 17:46:21.562500,Sitting_With_Movement
2021-11-02 17:46:27.712500,Sitting_With_Movement
2021-11-02 17:46:33.862500,Sitting_With_Movement
2021-11-02 17:46:40.025000,Sitting_With_Movement
2021-11-02 17:46:46.175000,Sitting_With_Movement
2021-11-02 17:46:52.325000,Sitting_With_Movement
2021-11-02 17:46:58.475000,Sitting_With_Movement
2021-11-02 17:47:04.637500,Sitting_With_Movement
2021-11-02 17:47:10.787500,Sitting_With_Movement
2021-11-02 17:47:16.937500,Sitting_With_Movement
2021-11-02 17:47:23.100000,Sitting_With_Movement
2021-11-02 17:47:29.250000,Sitting_With_Movement
2021-11-02 17:47:35.400000,Sitting_With_Movement
2021-11-02 17:47:41.562500,Sitting_With_Movement
2021-11-02 17:47:47.712500,Sitting_With_Movement
2021-11-02 17:47:53.862500,Sitting_With_Movement
2021-11-02 17:48:00.025000,Sitting_With_Movement
2021-11-02 17:48:06.175000,Sitting_With_Movement
2021-11-02 17:48:12.325000,Sitting_With_Movement
2021-11-02 17:48:18.475000,Sitting_With_Movement
2021-11-02 17:48:24.637500,Sitting_With_Movement
2021-11-02 17:48:30.787500,Sitting_With_Movement
2021-11-02 17:48:36.937500,Sitting_With_Movement
2021-11-02 17:48:43.100000,Sitting_With_Movement
2021-11-02 17:48:49.250000,Sitting_With_Movement
2021-11-02 17:48:55.400000,Sitting_With_Movement
2021-11-02 17:49:01.562500,Sitting_With_Movement
2021-11-02 17:49:07.712500,Sitting_With_Movement
2021-11-02 17:49:13.862500,Sitting_With_Movement
2021-11-02 17:49:20.025000,Sitting_With_Movement
2021-11-02 17:49:26.175000,Sitting_With_Movement
2021-11-02 17:49:32.325000,Sitting_With_Movement
2021-11-02 17:49:38.475000,Sitting_With_Movement
2021-11-02 17:49:44.637500,Sitting_With_Movement
2021-11-02 17:49:50.787500,Sitting_With_Movement
2021-11-02 17:49:56.937500,Sitting_With_Movement
2021-11-02 17:50:03.100000,Sitting_With_Movement
2021-11-02 17:50:09.250000,Sitting_With_Movement
2021-11-02 17:50:15.400000,Sitting_With_Movement
2021-11-02 17:50:21.562500,Sitting_With_Movement
2021-11-02 17:50:27.712500,Sitting_With_Movement
2021-11-02 17:50:33.862500,Sitting_With_Movement
2021-11-02 17:50:40.025000,Sitting_With_Movement
2021-11-02 17:50:46.175000,Sitting_With_Movement
2021-11-02 17:50:52.325000,Sitting_With_Movement
2021-11-02 17:50:58.475000,Sitting_With_Movement
2021-11-02 17:51:04.637500,Sitting_With_Movement
2021-11-02 17:51:10.787500,Sitting_With_Movement
2021-11-02 17:51:16.937500,Sitting_With_Movement
2021-11-02 17:51:23.100000,Sitting_With_Movement
2021-11-02 17:51:29.250000,Sitting_With_Movement
2021-11-02 17:51:35.400000,Sitting_With_Movement
2021-11-02 17:51:41.562500,Sitting_With_Movement
2021-11-02 17:51:47.712500,Sitting_With_Movement
2021-11-02 17:51:53.862500,Sitting_With_Movement
2021-11-02 17:52:00.025000,Sitting_With_Movement
2021-11-02 17:52:06.175000,Sitting_With_Movement
2021-11-02 17:52:12.325000,Sitting_With_Movement
2021-11-02 17:52:18.475000,Sitting_With_Movement
2021-11-02 17:52:24.637500,Sitting_With_Movement
2021-11-02 17:52:30.787500,Sitting_With_Movement
2021-11-02 17:52:36.937500,Sitting_With_Movement
2021-11-02 17:52:43.100000,Sitting_With_Movement
2021-11-02 17:52:49.250000,Sitting_With_Movement
2021-11-02 17:52:55.400000,Sitting_With_Movement
2021-11-02 17:53:01.562500,Sitting_With_Movement
2021-11-02 17:53:07.712500,Sitting_With_Movement
2021-11-02 17:53:13.862500,Sitting_With_Movement
2021-11-02 17:53:20.025000,Sitting_With_Movement
2021-11-02 17:53:26.175000,Sitting_With_Movement
2021-11-02 17:53:32.325000,Sitting_With_Movement
2021-11-02 17:53:38.475000,Sitting_With_Movement
2021-11-02 17:53:44.637500,Sitting_With_Movement
2021-11-02 17:53:50.787500,Sitting_With_Movement
2021-11-02 17:53:56.937500,Sitting_With_Movement
2021-11-02 17:54:03.100000,Sitting_With_Movement
2021-11-02 17:54:09.250000,Sitting_With_Movement
2021-11-02 17:54:15.400000,Sitting_With_Movement
2021-11-02 17:54:21.562500,Sitting_With_Movement
2021-11-02 17:54:27.712500,Sitting_With_Movement
2021-11-02 17:54:33.862500,Sitting_With_Movement
2021-11-02 17:54:40.025000,Sitting_With_Movement
2021-11-02 17:54:46.175000,Sitting_With_Movement
2021-11-02 17:54:52.325000,Sitting_With_Movement
2021-11-02 17:54:58.475000,Sitting_With_Movement
2021-11-02 17:55:04.637500,Sitting_With_Movement
2021-11-02 17:55:10.787500,Sitting_With_Movement
2021-11-02 17:55:16.937500,Sitting_With_Movement
2021-11-02 17:55:23.100000,Sitting_With_Movement
2021-11-02 17:55:29.250000,Sitting_With_Movement
2021-11-02 17:55:35.400000,Sitting_With_Movement
2021-11-02 17:55:41.562500,Sitting_With_Movement
2021-11-02 17:55:47.712500,Sitting_With_Movement
2021-11-02 17:55:53.862500,Sitting_With_Movement
2021-11-02 17:56:00.025000,Sitting_With_Movement
2021-11-02 17:56:06.175000,Sitting_With_Movement
2021-11-02 17:56:12.325000,Sitting_With_Movement
2021-11-02 17:56:18.475000,Sitting_With_Movement
2021-11-02 17:56:24.637500,Sitting_With_Movement
2021-11-02 17:56:30.787500,Sitting_With_Movement
2021-11-02 17:56:36.937500,Sitting_With_Movement
2021-11-02 17:56:43.100000,Sitting_With_Movement
2021-11-02 17:56:49.250000,Sitting_With_Movement
2021-11-02 17:56:55.400000,Sitting_With_Movement
2021-11-02 17:57:01.562500,Sitting_With_Movement
2021-11-02 17:57:07.712500,Sitting_With_Movement
2021-11-02 17:57:13.862500,Sitting_With_Movement
2021-11-02 17:57:20.025000,Sitting_With_Movement
2021-11-02 17:57:26.175000,Sitting_With_Movement
2021-11-02 17:57:32.325000,Sitting_With_Movement
2021-11-02 17:57:38.475000,Sitting_With_Movement
2021-11-02 17:57:44.637500,Sitting_With_Movement
2021-11-02 17:57:50.787500,Sitting_With_Movement
2021-11-02 17:57:56.937500,Sitting_With_Movement
2021-11-02 17:58:03.100000,Sitting_With_Movement
2021-11-02 17:58:09.250000,Sitting_With_Movement
2021-11-02 17:58:15.400000,Sitting_With_Movement
2021-11-02 17:58:21.562500,Sitting_With_Movement
2021-11-02 17:58:27.712500,Sitting_With_Movement
2021-11-02 17:58:33.862500,Sitting_With_Movement
2021-11-02 17:58:40.025000,Sitting_With_Movement
2021-11-02 17:58:46.175000,Sitting_With_Movement
2021-11-02 17:58:52.325000,Sitting_With_Movement
2021-11-02 17:58:58.475000,Sitting_With_Movement
2021-11-02 17:59:04.637500,Sitting_With_Movement
2021-11-02 17:59:10.787500,Sitting_With_Movement
2021-11-02 17:59:16.937500,Sitting_With_Movement
2021-11-02 17:59:23.100000,Sitting_With_Movement
2021-11-02 17:59:29.250000,Sitting_With_Movement
2021-11-02 17:59:35.400000,Sitting_With_Movement
2021-11-02 17:59:41.562500,Sitting_With_Movement
2021-11-02 17:59:47.712500,Sitting_With_Movement
2021-11-02 17:59:53.862500,Sitting_With_Movement
2021-11-02 18:00:00.025000,Sitting_With_Movement
2021-11-02 18:00:06.175000,Sitting_With_Movement
2021-11-02 18:00:12.325000,Sitting_With_Movement
2021-11-02 18:00:18.475000,Sitting_With_Movement
2021-11-02 18:00:24.637500,Sitting_With_Movement
2021-11-02 18:00:30.787500,Sitting_With_Movement
2021-11-02 18:00:36.937500,Sitting_With_Movement
2021-11-02 18:00:43.100000,Sitting_With_Movement
2021-11-02 18:00:49.250000,Sitting_With_Movement
2021-11-02 18:00:55.400000,Sitting_With_Movement
2021-11-02 18:01:01.562500,Sitting_With_Movement
2021-11-02 18:01:07.712500,Sitting_With_Movement
2021-11-02 18:01:13.862500,Sitting_With_Movement
2021-11-02 18:01:20.025000,Sitting_With_Movement
2021-11-02 18:01:26.175000,Sitting_With_Movement
2021-11-02 18:01:32.325000,Sitting_With_Movement
2021-11-02 18:01:38.475000,Sitting_With_Movement
2021-11-02 18:01:44.637500,Sitting_With_Movement
2021-11-02 18:01:50.787500,Sitting_With_Movement
2021-11-02 18:01:56.937500,Sitting_With_Movement
2021-11-02 18:02:03.100000,Sitting_With_Movement
2021-11-02 18:02:09.250000,Sitting_With_Movement
2021-11-02 18:02:15.400000,Sitting_With_Movement
2021-11-02 18:02:21.562500,Sitting_With_Movement
2021-11-02 18:02:27.712500,Sitting_With_Movement
2021-11-02 18:02:33.862500,Sitting_With_Movement
2021-11-02 18:02:40.025000,Sitting_With_Movement
2021-11-02 18:02:46.175000,Sitting_With_Movement
2021-11-02 18:02:52.325000,Sitting_With_Movement
2021-11-02 18:02:58.475000,Sitting_With_Movement
2021-11-02 18:03:04.637500,Sitting_With_Movement
2021-11-02 18:03:10.787500,Sitting_With_Movement
2021-11-02 18:03:16.937500,Sitting_With_Movement
2021-11-02 18:03:23.100000,Sitting_With_Movement
2021-11-02 18:03:29.250000,Sitting_With_Movement
2021-11-02 18:03:35.400000,Sitting_With_Movement
2021-11-02 18:03:41.562500,Sitting_With_Movement
2021-11-02 18:03:47.712500,Sitting_With_Movement
2021-11-02 18:03:53.862500,Sitting_With_Movement
2021-11-02 18:04:00.025000,Sitting_With_Movement
2021-11-02 18:04:06.175000,Sitting_With_Movement
2021-11-02 18:04:12.325000,Sitting_With_Movement
2021-11-02 18:04:18.475000,Sitting_With_Movement
2021-11-02 18:04:24.637500,Sitting_With_Movement
2021-11-02 18:04:30.787500,Sitting_With_Movement
2021-11-02 18:04:36.937500,Sitting_With_Movement
2021-11-02 18:04:43.100000,Sitting_With_Movement
2021-11-02 18:04:49.250000,Sitting_With_Movement
2021-11-02 18:04:55.400000,Sitting_With_Movement
2021-11-02 18:05:01.562500,Sitting_With_Movement
2021-11-02 18:05:07.712500,Sitting_With_Movement
2021-11-02 18:05:13.862500,Sitting_With_Movement
2021-11-02 18:05:20.025000,Sitting_With_Movement
2021-11-02 18:05:26.175000,Sitting_With_Movement
2021-11-02 18:05:32.325000,Sitting_With_Movement
2021-11-02 18:05:38.475000,Sitting_With_Movement
2021-11-02 18:05:44.637500,Sitting_With_Movement
2021-11-02 18:05:50.787500,Sitting_With_Movement
2021-11-02 18:05:56.937500,Sitting_With_Movement
2021-11-02 18:06:03.100000,Sitting_With_Movement
2021-11-02 18:06:09.250000,Sitting_With_Movement
2021-11-02 18:06:15.400000,Sitting_With_Movement
2021-11-02 18:06:21.562500,Sitting_With_Movement
2021-11-02 18:06:27.712500,Sitting_With_Movement
2021-11-02 18:06:33.862500,Sitting_With_Movement
2021-11-02 18:06:40.025000,Sitting_With_Movement
2021-11-02 18:06:46.175000,Sitting_With_Movement
2021-11-02 18:06:52.325000,Sitting_With_Movement
2021-11-02 18:06:58.475000,Sitting_With_Movement
2021-11-02 18:07:04.637500,Sitting_With_Movement
2021-11-02 18:07:10.787500,Sitting_With_Movement
2021-11-02 18:07:16.937500,Sitting_With_Movement
2021-11-02 18:07:23.100000,Sitting_With_Movement
2021-11-02 18:07:29.250000,Sitting_With_Movement
2021-11-02 18:07:35.400000,Sitting_With_Movement
2021-11-02 18:07:41.562500,Sitting_With_Movement
2021-11-02 18:07:47.712500,Sitting_With_Movement
2021-11-02 18:07:53.862500,Sitting_With_Movement
2021-11-02 18:08:00.025000,Sitting_With_Movement
2021-11-02 18:08:06.175000,Sitting_With_Movement
2021-11-02 18:08:12.325000,Sitting_With_Movement
2021-11-02 18:08:18.475000,Sitting_With_Movement
2021-11-02 18:08:24.637500,Sitting_With_Movement
2021-11-02 18:08:30.787500,Sitting_With_Movement
2021-11-02 18:08:36.937500,Sitting_With_Movement
2021-11-02 18:08:43.100000,Sitting_With_Movement
2021-11-02 18:08:49.250000,Sitting_With_Movement
2021-11-02 18:08:55.400000,Sitting_With_Movement
2021-11-02 18:09:01.562500,Sitting_With_Movement
2021-11-02 18:09:07.712500,Sitting_With_Movement
2021-11-02 18:09:13.862500,Sitting_With_Movement
2021-11-02 18:09:20.025000,Sitting_With_Movement
2021-11-02 18:09:26.175000,Sitting_With_Movement
2021-11-02 18:09:32.325000,Sitting_With_Movement
2021-11-02 18:09:38.475000,Sitting_With_Movement
2021-11-02 18:09:44.637500,Sitting_With_Movement
2021-11-02 18:09:50.787500,Sitting_With_Movement
2021-11-02 18:09:56.937500,Sitting_With_Movement
2021-11-02 18:10:03.100000,Sitting_With_Movement
2021-11-02 18:10:09.250000,Sitting_With_Movement
2021-11-02 18:10:15.400000,Sitting_With_Movement
2021-11-02 18:10:21.562500,Sitting_With_Movement
2021-11-02 18:10:27.712500,Sitting_With_Movement
2021-11-02 18:10:33.862500,Sitting_With_Movement
2021-11-02 18:10:40.025000,Sitting_With_Movement
2021-11-02 18:10:46.175000,Sitting_With_Movement
2021-11-02 18:10:52.325000,Sitting_With_Movement
2021-11-02 18:10:58.475000,Sitting_With_Movement
2021-11-02 18:11:04.637500,Sitting_With_Movement
2021-11-02 18:11:10.787500,Sitting_With_Movement
2021-11-02 18:11:16.937500,Sitting_With_Movement
2021-11-02 18:11:23.100000,Sitting_With_Movement
2021-11-02 18:11:29.250000,Sitting_With_Movement
2021-11-02 18:11:35.400000,Sitting_With_Movement
2021-11-02 18:11:41.562500,Sitting_With_Movement
2021-11-02 18:11:47.712500,Sitting_With_Movement
2021-11-02 18:11:53.862500,Sitting_With_Movement
2021-11-02 18:12:00.025000,Sitting_With_Movement
2021-11-02 18:12:06.175000,Sitting_With_Movement
2021-11-02 18:12:12.325000,Sitting_With_Movement
2021-11-02 18:12:18.475000,Sitting_With_Movement
2021-11-02 18:12:24.637500,Sitting_With_Movement
2021-11-02 18:12:30.787500,Sitting_With_Movement
2021-11-02 18:12:36.937500,Sitting_With_Movement
2021-11-02 18:12:43.100000,Sitting_With_Movement
2021-11-02 18:12:49.250000,Sitting_With_Movement
2021-11-02 18:12:55.400000,Sitting_With_Movement
2021-11-02 18:13:01.562500,Sitting_With_Movement
2021-11-02 18:13:07.712500,Sitting_With_Movement
2021-11-02 18:13:13.862500,Sitting_With_Movement
2021-11-02 18:13:20.025000,Sitting_With_Movement
2021-11-02 18:13:26.175000,Sitting_With_Movement
2021-11-02 18:13:32.325000,Sitting_With_Movement
2021-11-02 18:13:38.475000,Sitting_With_Movement
2021-11-02 18:13:44.637500,Sitting_With_Movement
2021-11-02 18:13:50.787500,Sitting_With_Movement
2021-11-02 18:13:56.937500,Sitting_With_Movement
2021-11-02 18:14:03.100000,Sitting_With_Movement
2021-11-02 18:14:09.250000,Sitting_With_Movement
2021-11-02 18:14:15.400000,Sitting_With_Movement
2021-11-02 18:14:21.562500,Sitting_With_Movement
2021-11-02 18:14:27.712500,Sitting_With_Movement
2021-11-02 18:14:33.862500,Sitting_With_Movement
2021-11-02 18:14:40.025000,Sitting_With_Movement
2021-11-02 18:14:46.175000,Sitting_With_Movement
2021-11-02 18:14:52.325000,Sitting_With_Movement
2021-11-02 18:14:58.475000,Sitting_With_Movement
2021-11-02 18:15:04.637500,Sitting_With_Movement
2021-11-02 18:15:10.787500,Sitting_With_Movement
2021-11-02 18:15:16.937500,Sitting_With_Movement
2021-11-02 18:15:23.100000,Sitting_With_Movement
2021-11-02 18:15:29.250000,Sitting_With_Movement
2021-11-02 18:15:35.400000,Sitting_With_Movement
2021-11-02 18:15:41.562500,Sitting_With_Movement
2021-11-02 18:15:47.712500,Sitting_With_Movement
2021-11-02 18:15:53.862500,Sitting_With_Movement
2021-11-02 18:16:00.025000,Sitting_With_Movement
2021-11-02 18:16:06.175000,Sitting_With_Movement
2021-11-02 18:16:12.325000,Sitting_With_Movement
2021-11-02 18:16:18.475000,Sitting_With_Movement
2021-11-02 18:16:24.637500,Sitting_With_Movement
2021-11-02 18:16:30.787500,Sitting_With_Movement
2021-11-02 18:16:36.937500,Sitting_With_Movement
2021-11-02 18:16:43.100000,Sitting_With_Movement
2021-11-02 18:16:49.250000,Sitting_With_Movement
2021-11-02 18:16:55.400000,Sitting_With_Movement
2021-11-02 18:17:01.562500,Sitting_With_Movement
2021-11-02 18:17:07.712500,Sitting_With_Movement
2021-11-02 18:17:13.862500,Sitting_With_Movement
2021-11-02 18:17:20.025000,Sitting_With_Movement
2021-11-02 18:17:26.175000,Sitting_With_Movement
2021-11-02 18:17:32.325000,Sitting_With_Movement
2021-11-02 18:17:38.475000,Sitting_With_Movement
2021-11-02 18:17:44.637500,Sitting_With_Movement
2021-11-02 18:17:50.787500,Sitting_With_Movement
2021-11-02 18:17:56.937500,Sitting_With_Movement
2021-11-02 18:18:03.100000,Sitting_With_Movement
2021-11-02 18:18:09.250000,Sitting_With_Movement
2021-11-02 18:18:15.400000,Sitting_With_Movement
2021-11-02 18:18:21.562500,Sitting_With_Movement
2021-11-02 18:18:27.712500,Sitting_With_Movement
2021-11-02 18:18:33.862500,Sitting_With_Movement
2021-11-02 18:18:40.025000,Sitting_With_Movement
2021-11-02 18:18:46.175000,Sitting_With_Movement
2021-11-02 18:18:52.325000,Sitting_With_Movement
2021-11-02 18:18:58.475000,Sitting_With_Movement
2021-11-02 18:19:04.637500,Sitting_With_Movement
2021-11-02 18:19:10.787500,Sitting_With_Movement
2021-11-02 18:19:16.937500,Sitting_With_Movement
2021-11-02 18:19:23.100000,Sitting_With_Movement
2021-11-02 18:19:29.250000,Sitting_With_Movement
2021-11-02 18:19:35.400000,Sitting_With_Movement
2021-11-02 18:19:41.562500,Sitting_With_Movement
2021-11-02 18:19:47.712500,Sitting_With_Movement
2021-11-02 18:19:53.862500,Sitting_With_Movement
2021-11-02 18:20:00.025000,Sitting_With_Movement
2021-11-02 18:20:06.175000,Sitting_With_Movement
2021-11-02 18:20:12.325000,Sitting_With_Movement
2021-11-02 18:20:18.475000,Sitting_With_Movement
2021-11-02 18:20:24.637500,Sitting_With_Movement
2021-11-02 18:20:30.787500,Sitting_With_Movement
2021-11-02 18:20:36.937500,Sitting_With_Movement
2021-11-02 18:20:43.100000,Sitting_With_Movement
2021-11-02 18:20:49.250000,Sitting_With_Movement
2021-11-02 18:20:55.400000,Sitting_With_Movement
2021-11-02 18:21:01.562500,Sitting_With_Movement
2021-11-02 18:21:07.712500,Sitting_With_Movement
2021-11-02 18:21:13.862500,Sitting_With_Movement
2021-11-02 18:21:20.025000,Sitting_With_Movement
2021-11-02 18:21:26.175000,Sitting_With_Movement
2021-11-02 18:21:32.325000,Sitting_With_Movement
2021-11-02 18:21:38.475000,Sitting_With_Movement
2021-11-02 18:21:44.637500,Sitting_With_Movement
2021-11-02 18:21:50.787500,Sitting_With_Movement
2021-11-02 18:21:56.937500,Sitting_With_Movement
2021-11-02 18:22:03.100000,Sitting_With_Movement
2021-11-02 18:22:09.250000,Walking
2021-11-02 18:22:15.400000,Walking
2021-11-02 18:22:21.562500,Puttering_Around
2021-11-02 18:22:27.712500,Puttering_Around
2021-11-02 18:22:33.862500,Puttering_Around
2021-11-02 18:22:40.025000,Puttering_Around
2021-11-02 18:22:46.175000,Puttering_Around
2021-11-02 18:22:52.325000,Puttering_Around
2021-11-02 18:22:58.475000,Puttering_Around
2021-11-02 18:23:04.637500,Puttering_Around
2021-11-02 18:23:10.787500,Puttering_Around
2021-11-02 18:23:16.937500,Puttering_Around
2021-11-02 18:23:23.100000,Puttering_Around
2021-11-02 18:23:29.250000,Puttering_Around
2021-11-02 18:23:35.400000,Puttering_Around
2021-11-02 18:23:41.562500,Puttering_Around
2021-11-02 18:23:47.712500,Puttering_Around
2021-11-02 18:23:53.862500,Puttering_Around
2021-11-02 18:24:00.025000,Puttering_Around
2021-11-02 18:24:06.175000,Puttering_Around
2021-11-02 18:24:12.325000,Puttering_Around
2021-11-02 18:24:18.475000,Puttering_Around
2021-11-02 18:24:24.637500,Puttering_Around
2021-11-02 18:24:30.787500,Puttering_Around
2021-11-02 18:24:36.937500,Puttering_Around
2021-11-02 18:24:43.100000,Puttering_Around
2021-11-02 18:24:49.250000,Puttering_Around
2021-11-02 18:24:55.400000,Puttering_Around
2021-11-02 18:25:01.562500,Puttering_Around
2021-11-02 18:25:07.712500,Puttering_Around
2021-11-02 18:25:13.862500,Puttering_Around
2021-11-02 18:25:20.025000,Puttering_Around
2021-11-02 18:25:26.175000,Puttering_Around
2021-11-02 18:25:32.325000,Puttering_Around
2021-11-02 18:25:38.475000,Puttering_Around
2021-11-02 18:25:44.637500,Puttering_Around
2021-11-02 18:25:50.787500,Puttering_Around
2021-11-02 18:25:56.937500,Puttering_Around
2021-11-02 18:26:03.100000,Puttering_Around
2021-11-02 18:26:09.250000,Puttering_Around
2021-11-02 18:26:15.400000,Puttering_Around
2021-11-02 18:26:21.562500,Puttering_Around
2021-11-02 18:26:27.712500,Puttering_Around
2021-11-02 18:26:33.862500,Puttering_Around
2021-11-02 18:26:40.025000,Puttering_Around
2021-11-02 18:26:46.175000,Puttering_Around
2021-11-02 18:26:52.325000,Puttering_Around
2021-11-02 18:26:58.475000,Puttering_Around
2021-11-02 18:27:04.637500,Puttering_Around
2021-11-02 18:27:10.787500,Puttering_Around
2021-11-02 18:27:16.937500,Puttering_Around
2021-11-02 18:27:23.100000,Puttering_Around
2021-11-02 18:27:29.250000,Puttering_Around
2021-11-02 18:27:35.400000,Puttering_Around
2021-11-02 18:27:41.562500,Puttering_Around
2021-11-02 18:27:47.712500,Puttering_Around
2021-11-02 18:27:53.862500,Puttering_Around
2021-11-02 18:28:00.025000,Puttering_Around
2021-11-02 18:28:06.175000,Puttering_Around
2021-11-02 18:28:12.325000,Puttering_Around
2021-11-02 18:28:18.475000,Puttering_Around
2021-11-02 18:28:24.637500,Puttering_Around
2021-11-02 18:28:30.787500,Puttering_Around
2021-11-02 18:28:36.937500,Puttering_Around
2021-11-02 18:28:43.100000,Puttering_Around
2021-11-02 18:28:49.250000,Puttering_Around
2021-11-02 18:28:55.400000,Puttering_Around
2021-11-02 18:29:01.562500,Puttering_Around
2021-11-02 18:29:07.712500,Puttering_Around
2021-11-02 18:29:13.862500,Puttering_Around
2021-11-02 18:29:20.025000,Puttering_Around
2021-11-02 18:29:26.175000,Puttering_Around
2021-11-02 18:29:32.325000,Puttering_Around
2021-11-02 18:29:38.475000,Puttering_Around
2021-11-02 18:29:44.637500,Puttering_Around
2021-11-02 18:29:50.787500,Puttering_Around
2021-11-02 18:29:56.937500,Puttering_Around
2021-11-02 18:30:03.100000,Puttering_Around
2021-11-02 18:30:09.250000,Puttering_Around
2021-11-02 18:30:15.400000,Puttering_Around
2021-11-02 18:30:21.562500,Puttering_Around
2021-11-02 18:30:27.712500,Puttering_Around
2021-11-02 18:30:33.862500,Puttering_Around
2021-11-02 18:30:40.025000,Puttering_Around
2021-11-02 18:30:46.175000,Puttering_Around
2021-11-02 18:30:52.325000,Puttering_Around
2021-11-02 18:30:58.475000,Puttering_Around
2021-11-02 18:31:04.637500,Puttering_Around
2021-11-02 18:31:10.787500,Puttering_Around
2021-11-02 18:31:16.937500,Puttering_Around
2021-11-02 18:31:23.100000,Puttering_Around
2021-11-02 18:31:29.250000,Puttering_Around
2021-11-02 18:31:35.400000,Puttering_Around
2021-11-02 18:31:41.562500,Puttering_Around
2021-11-02 18:31:47.712500,Puttering_Around
2021-11-02 18:31:53.862500,Puttering_Around
2021-11-02 18:32:00.025000,Puttering_Around
2021-11-02 18:32:06.175000,Puttering_Around
2021-11-02 18:32:12.325000,Puttering_Around
2021-11-02 18:32:18.475000,Puttering_Around
2021-11-02 18:32:24.637500,Puttering_Around
2021-11-02 18:32:30.787500,Puttering_Around
2021-11-02 18:32:36.937500,Puttering_Around
2021-11-02 18:32:43.100000,Puttering_Around
2021-11-02 18:32:49.250000,Puttering_Around
2021-11-02 18:32:55.400000,Puttering_Around
2021-11-02 18:33:01.562500,Puttering_Around
2021-11-02 18:33:07.712500,Puttering_Around
2021-11-02 18:33:13.862500,Puttering_Around
2021-11-02 18:33:20.025000,Puttering_Around
2021-11-02 18:33:26.175000,Puttering_Around
2021-11-02 18:33:32.325000,Puttering_Around
2021-11-02 18:33:38.475000,Puttering_Around
2021-11-02 18:33:44.637500,Puttering_Around
2021-11-02 18:33:50.787500,Puttering_Around
2021-11-02 18:33:56.937500,Puttering_Around
2021-11-02 18:34:03.100000,Puttering_Around
2021-11-02 18:34:09.250000,Puttering_Around
2021-11-02 18:34:15.400000,Puttering_Around
2021-11-02 18:34:21.562500,Puttering_Around
2021-11-02 18:34:27.712500,Puttering_Around
2021-11-02 18:34:33.862500,Puttering_Around
2021-11-02 18:34:40.025000,Puttering_Around
2021-11-02 18:34:46.175000,Puttering_Around
2021-11-02 18:34:52.325000,Puttering_Around
2021-11-02 18:34:58.475000,Puttering_Around
2021-11-02 18:35:04.637500,Puttering_Around
2021-11-02 18:35:10.787500,Puttering_Around
2021-11-02 18:35:16.937500,Puttering_Around
2021-11-02 18:35:23.100000,Puttering_Around
2021-11-02 18:35:29.250000,Puttering_Around
2021-11-02 18:35:35.400000,Puttering_Around
2021-11-02 18:35:41.562500,Puttering_Around
2021-11-02 18:35:47.712500,Puttering_Around
2021-11-02 18:35:53.862500,Puttering_Around
2021-11-02 18:36:00.025000,Puttering_Around
2021-11-02 18:36:06.175000,Puttering_Around
2021-11-02 18:36:12.325000,Puttering_Around
2021-11-02 18:36:18.475000,Puttering_Around
2021-11-02 18:36:24.637500,Puttering_Around
2021-11-02 18:36:30.787500,Puttering_Around
2021-11-02 18:36:36.937500,Puttering_Around
2021-11-02 18:36:43.100000,Puttering_Around
2021-11-02 18:36:49.250000,Puttering_Around
2021-11-02 18:36:55.400000,Puttering_Around
2021-11-02 18:37:01.562500,Puttering_Around
2021-11-02 18:37:07.712500,Puttering_Around
2021-11-02 18:37:13.862500,Puttering_Around
2021-11-02 18:37:20.025000,Puttering_Around
2021-11-02 18:37:26.175000,Puttering_Around
2021-11-02 18:37:32.325000,Puttering_Around
2021-11-02 18:37:38.475000,Puttering_Around
2021-11-02 18:37:44.637500,Puttering_Around
2021-11-02 18:37:50.787500,Puttering_Around
2021-11-02 18:37:56.937500,Puttering_Around
2021-11-02 18:38:03.100000,Sitting_With_Movement
2021-11-02 18:38:09.250000,Sitting_With_Movement
2021-11-02 18:38:15.400000,Sitting_With_Movement
2021-11-02 18:38:21.562500,Sitting_With_Movement
2021-11-02 18:38:27.712500,Sitting_With_Movement
2021-11-02 18:38:33.862500,Sitting_With_Movement
2021-11-02 18:38:40.025000,Sitting_With_Movement
2021-11-02 18:38:46.175000,Sitting_With_Movement
2021-11-02 18:38:52.325000,Sitting_With_Movement
2021-11-02 18:38:58.475000,Sitting_With_Movement
2021-11-02 18:39:04.637500,Sitting_With_Movement
2021-11-02 18:39:10.787500,Sitting_With_Movement
2021-11-02 18:39:16.937500,Sitting_With_Movement
2021-11-02 18:39:23.100000,Sitting_With_Movement
2021-11-02 18:39:29.250000,Sitting_With_Movement
2021-11-02 18:39:35.400000,Sitting_With_Movement
2021-11-02 18:39:41.562500,Sitting_With_Movement
2021-11-02 18:39:47.712500,Sitting_With_Movement
2021-11-02 18:39:53.862500,Sitting_With_Movement
2021-11-02 18:40:00.025000,Sitting_With_Movement
2021-11-02 18:40:06.175000,Sitting_With_Movement
2021-11-02 18:40:12.325000,Sitting_With_Movement
2021-11-02 18:40:18.475000,Sitting_With_Movement
2021-11-02 18:40:24.637500,Sitting_With_Movement
2021-11-02 18:40:30.787500,Sitting_With_Movement
2021-11-02 18:40:36.937500,Sitting_With_Movement
2021-11-02 18:40:43.100000,Sitting_With_Movement
2021-11-02 18:40:49.250000,Sitting_With_Movement
2021-11-02 18:40:55.400000,Sitting_With_Movement
2021-11-02 18:41:01.562500,Sitting_With_Movement
2021-11-02 18:41:07.712500,Sitting_With_Movement
2021-11-02 18:41:13.862500,Sitting_With_Movement
2021-11-02 18:41:20.025000,Sitting_With_Movement
2021-11-02 18:41:26.175000,Sitting_With_Movement
2021-11-02 18:41:32.325000,Sitting_With_Movement
2021-11-02 18:41:38.475000,Sitting_With_Movement
2021-11-02 18:41:44.637500,Sitting_With_Movement
2021-11-02 18:41:50.787500,Sitting_With_Movement
2021-11-02 18:41:56.937500,Sitting_With_Movement
2021-11-02 18:42:03.100000,Sitting_With_Movement
2021-11-02 18:42:09.250000,Sitting_With_Movement
2021-11-02 18:42:15.400000,Sitting_With_Movement
2021-11-02 18:42:21.562500,Sitting_With_Movement
2021-11-02 18:42:27.712500,Sitting_With_Movement
2021-11-02 18:42:33.862500,Sitting_With_Movement
2021-11-02 18:42:40.025000,Sitting_With_Movement
2021-11-02 18:42:46.175000,Sitting_With_Movement
2021-11-02 18:42:52.325000,Sitting_With_Movement
2021-11-02 18:42:58.475000,Sitting_With_Movement
2021-11-02 18:43:04.637500,Sitting_With_Movement
2021-11-02 18:43:10.787500,Sitting_With_Movement
2021-11-02 18:43:16.937500,Sitting_With_Movement
2021-11-02 18:43:23.100000,Sitting_With_Movement
2021-11-02 18:43:29.250000,Sitting_With_Movement
2021-11-02 18:43:35.400000,Sitting_With_Movement
2021-11-02 18:43:41.562500,Sitting_With_Movement
2021-11-02 18:43:47.712500,Sitting_With_Movement
2021-11-02 18:43:53.862500,Sitting_With_Movement
2021-11-02 18:44:00.025000,Sitting_With_Movement
2021-11-02 18:44:06.175000,Sitting_With_Movement
2021-11-02 18:44:12.325000,Sitting_With_Movement
2021-11-02 18:44:18.475000,Sitting_With_Movement
2021-11-02 18:44:24.637500,Sitting_With_Movement
2021-11-02 18:44:30.787500,Sitting_With_Movement
2021-11-02 18:44:36.937500,Sitting_With_Movement
2021-11-02 18:44:43.100000,Sitting_With_Movement
2021-11-02 18:44:49.250000,Sitting_With_Movement
2021-11-02 18:44:55.400000,Sitting_With_Movement
2021-11-02 18:45:01.562500,Sitting_With_Movement
2021-11-02 18:45:07.712500,Sitting_With_Movement
2021-11-02 18:45:13.862500,Sitting_With_Movement
2021-11-02 18:45:20.025000,Sitting_With_Movement
2021-11-02 18:45:26.175000,Sitting_With_Movement
2021-11-02 18:45:32.325000,Sitting_With_Movement
2021-11-02 18:45:38.475000,Sitting_With_Movement
2021-11-02 18:45:44.637500,Sitting_With_Movement
2021-11-02 18:45:50.787500,Sitting_With_Movement
2021-11-02 18:45:56.937500,Sitting_With_Movement
2021-11-02 18:46:03.100000,Sitting_With_Movement
2021-11-02 18:46:09.250000,Sitting_With_Movement
2021-11-02 18:46:15.400000,Sitting_With_Movement
2021-11-02 18:46:21.562500,Sitting_With_Movement
2021-11-02 18:46:27.712500,Sitting_With_Movement
2021-11-02 18:46:33.862500,Sitting_With_Movement
2021-11-02 18:46:40.025000,Sitting_With_Movement
2021-11-02 18:46:46.175000,Sitting_With_Movement
2021-11-02 18:46:52.325000,Sitting_With_Movement
2021-11-02 18:46:58.475000,Sitting_With_Movement
2021-11-02 18:47:04.637500,Sitting_With_Movement
2021-11-02 18:47:10.787500,Sitting_With_Movement
2021-11-02 18:47:16.937500,Sitting_With_Movement
2021-11-02 18:47:23.100000,Sitting_With_Movement
2021-11-02 18:47:29.250000,Puttering_Around
2021-11-02 18:47:35.400000,Puttering_Around
2021-11-02 18:47:41.562500,Puttering_Around
2021-11-02 18:47:47.712500,Puttering_Around
2021-11-02 18:47:53.862500,Sitting_With_Movement
2021-11-02 18:48:00.025000,Sitting_With_Movement
2021-11-02 18:48:06.175000,Sitting_With_Movement
2021-11-02 18:48:12.325000,Sitting_With_Movement
2021-11-02 18:48:18.475000,Sitting_With_Movement
2021-11-02 18:48:24.637500,Sitting_With_Movement
2021-11-02 18:48:30.787500,Sitting_With_Movement
2021-11-02 18:48:36.937500,Sitting_With_Movement
2021-11-02 18:48:43.100000,Sitting_With_Movement
2021-11-02 18:48:49.250000,Sitting_With_Movement
2021-11-02 18:48:55.400000,Sitting_With_Movement
2021-11-02 18:49:01.562500,Sitting_With_Movement
2021-11-02 18:49:07.712500,Sitting_With_Movement
2021-11-02 18:49:13.862500,Sitting_With_Movement
2021-11-02 18:49:20.025000,Sitting_With_Movement
2021-11-02 18:49:26.175000,Sitting_With_Movement
2021-11-02 18:49:32.325000,Sitting_With_Movement
2021-11-02 18:49:38.475000,Sitting_With_Movement
2021-11-02 18:49:44.637500,Sitting_With_Movement
2021-11-02 18:49:50.787500,Sitting_With_Movement
2021-11-02 18:49:56.937500,Sitting_With_Movement
2021-11-02 18:50:03.100000,Sitting_With_Movement
2021-11-02 18:50:09.250000,Sitting_With_Movement
2021-11-02 18:50:15.400000,Sitting_With_Movement
2021-11-02 18:50:21.562500,Sitting_With_Movement
2021-11-02 18:50:27.712500,Sitting_With_Movement
2021-11-02 18:50:33.862500,Sitting_With_Movement
2021-11-02 18:50:40.025000,Sitting_With_Movement
2021-11-02 18:50:46.175000,Sitting_With_Movement
2021-11-02 18:50:52.325000,Sitting_With_Movement
2021-11-02 18:50:58.475000,Sitting_With_Movement
2021-11-02 18:51:04.637500,Sitting_With_Movement
2021-11-02 18:51:10.787500,Sitting_With_Movement
2021-11-02 18:51:16.937500,Sitting_With_Movement
2021-11-02 18:51:23.100000,Sitting_With_Movement
2021-11-02 18:51:29.250000,Sitting_With_Movement
2021-11-02 18:51:35.400000,Sitting_With_Movement
2021-11-02 18:51:41.562500,Sitting_With_Movement
2021-11-02 18:51:47.712500,Sitting_With_Movement
2021-11-02 18:51:53.862500,Sitting_With_Movement
2021-11-02 18:52:00.025000,Sitting_With_Movement
2021-11-02 18:52:06.175000,Sitting_With_Movement
2021-11-02 18:52:12.325000,Sitting_With_Movement
2021-11-02 18:52:18.475000,Sitting_With_Movement
2021-11-02 18:52:24.637500,Sitting_With_Movement
2021-11-02 18:52:30.787500,Sitting_With_Movement
2021-11-02 18:52:36.937500,Sitting_With_Movement
2021-11-02 18:52:43.100000,Sitting_With_Movement
2021-11-02 18:52:49.250000,Sitting_With_Movement
2021-11-02 18:52:55.400000,Sitting_With_Movement
2021-11-02 18:53:01.562500,Sitting_With_Movement
2021-11-02 18:53:07.712500,Sitting_With_Movement
2021-11-02 18:53:13.862500,Sitting_With_Movement
2021-11-02 18:53:20.025000,Sitting_With_Movement
2021-11-02 18:53:26.175000,Sitting_With_Movement
2021-11-02 18:53:32.325000,Sitting_With_Movement
2021-11-02 18:53:38.475000,Sitting_With_Movement
2021-11-02 18:53:44.637500,Sitting_With_Movement
2021-11-02 18:53:50.787500,Sitting_With_Movement
2021-11-02 18:53:56.937500,Sitting_With_Movement
2021-11-02 18:54:03.100000,Sitting_With_Movement
2021-11-02 18:54:09.250000,Sitting_With_Movement
2021-11-02 18:54:15.400000,Sitting_With_Movement
2021-11-02 18:54:21.562500,Sitting_With_Movement
2021-11-02 18:54:27.712500,Sitting_With_Movement
2021-11-02 18:54:33.862500,Sitting_With_Movement
2021-11-02 18:54:40.025000,Sitting_With_Movement
2021-11-02 18:54:46.175000,Sitting_With_Movement
2021-11-02 18:54:52.325000,Sitting_With_Movement
2021-11-02 18:54:58.475000,Sitting_With_Movement
2021-11-02 18:55:04.637500,Sitting_With_Movement
2021-11-02 18:55:10.787500,Sitting_With_Movement
2021-11-02 18:55:16.937500,Sitting_With_Movement
2021-11-02 18:55:23.100000,Sitting_With_Movement
2021-11-02 18:55:29.250000,Sitting_With_Movement
2021-11-02 18:55:35.400000,Sitting_With_Movement
2021-11-02 18:55:41.562500,Sitting_With_Movement
2021-11-02 18:55:47.712500,Sitting_With_Movement
2021-11-02 18:55:53.862500,Sitting_With_Movement
2021-11-02 18:56:00.025000,
2021-11-02 18:56:06.175000,Standing_With_Movement
2021-11-02 18:56:12.325000,Standing_With_Movement
2021-11-02 18:56:18.475000,Standing_With_Movement
2021-11-02 18:56:24.637500,Standing_With_Movement
2021-11-02 18:56:30.787500,Standing_With_Movement
2021-11-02 18:56:36.937500,Standing_With_Movement
2021-11-02 18:56:43.100000,Standing_With_Movement
2021-11-02 18:56:49.250000,Standing_With_Movement
2021-11-02 18:56:55.400000,Standing_With_Movement
2021-11-02 18:57:01.562500,Standing_With_Movement
2021-11-02 18:57:07.712500,Standing_With_Movement
2021-11-02 18:57:13.862500,Standing_With_Movement
2021-11-02 18:57:20.025000,Standing_With_Movement
2021-11-02 18:57:26.175000,Standing_With_Movement
2021-11-02 18:57:32.325000,Standing_With_Movement
2021-11-02 18:57:38.487500,Standing_With_Movement
2021-11-02 18:57:44.637500,Standing_With_Movement
2021-11-02 18:57:50.787500,Standing_With_Movement
2021-11-02 18:57:56.937500,Standing_With_Movement
2021-11-02 18:58:03.100000,Standing_With_Movement
2021-11-02 18:58:09.250000,Standing_With_Movement
2021-11-02 18:58:15.400000,Standing_With_Movement
2021-11-02 18:58:21.562500,Standing_With_Movement
2021-11-02 18:58:27.712500,Standing_With_Movement
2021-11-02 18:58:33.862500,Standing_With_Movement
2021-11-02 18:58:40.025000,Standing_With_Movement
2021-11-02 18:58:46.175000,Standing_With_Movement
2021-11-02 18:58:52.325000,Standing_With_Movement
2021-11-02 18:58:58.487500,Standing_With_Movement
2021-11-02 18:59:04.637500,Standing_With_Movement
2021-11-02 18:59:10.787500,Standing_With_Movement
2021-11-02 18:59:16.937500,Standing_With_Movement
2021-11-02 18:59:23.100000,Standing_With_Movement
2021-11-02 18:59:29.250000,Standing_With_Movement
2021-11-02 18:59:35.400000,Standing_With_Movement
2021-11-02 18:59:41.562500,Standing_With_Movement
2021-11-02 18:59:47.712500,Standing_With_Movement
2021-11-02 18:59:53.862500,Standing_With_Movement
2021-11-02 19:00:00.025000,Standing_With_Movement
2021-11-02 19:00:06.175000,Standing_With_Movement
2021-11-02 19:00:12.325000,Standing_With_Movement
2021-11-02 19:00:18.487500,Standing_With_Movement
2021-11-02 19:00:24.637500,Standing_With_Movement
2021-11-02 19:00:30.787500,Standing_With_Movement
2021-11-02 19:00:36.937500,Standing_With_Movement
2021-11-02 19:00:43.100000,Standing_With_Movement
2021-11-02 19:00:49.250000,Standing_With_Movement
2021-11-02 19:00:55.400000,Standing_With_Movement
2021-11-02 19:01:01.562500,Standing_With_Movement
2021-11-02 19:01:07.712500,Walking
2021-11-02 19:01:13.862500,Walking
2021-11-02 19:01:20.025000,Walking
2021-11-02 19:01:26.175000,Walking
2021-11-02 19:01:32.325000,Walking_Down_Stairs
2021-11-02 19:01:38.487500,Walking
2021-11-02 19:01:44.637500,Walking
2021-11-02 19:01:50.787500,Walking
2021-11-02 19:01:56.937500,Walking
2021-11-02 19:02:03.100000,Walking
2021-11-02 19:02:09.250000,Walking
2021-11-02 19:02:15.400000,Walking
2021-11-02 19:02:21.562500,Walking
2021-11-02 19:02:27.712500,Walking
2021-11-02 19:02:33.862500,Walking
2021-11-02 19:02:40.025000,Walking
2021-11-02 19:02:46.175000,Walking
2021-11-02 19:02:52.325000,Walking
2021-11-02 19:02:58.487500,Walking
2021-11-02 19:03:04.637500,Walking
2021-11-02 19:03:10.787500,Walking
2021-11-02 19:03:16.937500,Walking
2021-11-02 19:03:23.100000,Walking
2021-11-02 19:03:29.250000,Walking
2021-11-02 19:03:35.400000,Walking
2021-11-02 19:03:41.562500,Walking
2021-11-02 19:03:47.712500,Walking
2021-11-02 19:03:53.862500,Walking
2021-11-02 19:04:00.025000,Walking
2021-11-02 19:04:06.175000,Walking
2021-11-02 19:04:12.325000,Walking
2021-11-02 19:04:18.487500,Walking
2021-11-02 19:04:24.637500,Walking
2021-11-02 19:04:30.787500,Walking
2021-11-02 19:04:36.937500,Walking
2021-11-02 19:04:43.100000,Walking
2021-11-02 19:04:49.250000,Walking
2021-11-02 19:04:55.400000,Walking
2021-11-02 19:05:01.562500,Walking
2021-11-02 19:05:07.712500,Walking
2021-11-02 19:05:13.862500,Walking
2021-11-02 19:05:20.025000,Walking
2021-11-02 19:05:26.175000,Walking
2021-11-02 19:05:32.325000,Walking
2021-11-02 19:05:38.487500,Walking
2021-11-02 19:05:44.637500,Standing_With_Movement
2021-11-02 19:05:50.787500,Standing_With_Movement
2021-11-02 19:05:56.937500,Standing_With_Movement
2021-11-02 19:06:03.100000,Standing_With_Movement
2021-11-02 19:06:09.250000,Standing_With_Movement
2021-11-02 19:06:15.400000,Standing_With_Movement
2021-11-02 19:06:21.562500,Standing_With_Movement
2021-11-02 19:06:27.712500,Standing_With_Movement
2021-11-02 19:06:33.862500,Standing_With_Movement
2021-11-02 19:06:40.025000,Standing_With_Movement
2021-11-02 19:06:46.175000,Standing_With_Movement
2021-11-02 19:06:52.325000,Walking
2021-11-02 19:06:58.487500,Walking
2021-11-02 19:07:04.637500,Walking
2021-11-02 19:07:10.787500,Walking
2021-11-02 19:07:16.937500,Walking
2021-11-02 19:07:23.100000,Walking
2021-11-02 19:07:29.250000,Walking
2021-11-02 19:07:35.400000,Walking
2021-11-02 19:07:41.562500,Walking
2021-11-02 19:07:47.712500,Walking
2021-11-02 19:07:53.862500,Walking
2021-11-02 19:08:00.025000,Walking
2021-11-02 19:08:06.175000,Walking
2021-11-02 19:08:12.325000,Walking
2021-11-02 19:08:18.487500,Walking
2021-11-02 19:08:24.637500,Walking
2021-11-02 19:08:30.787500,Walking
2021-11-02 19:08:36.937500,Walking
2021-11-02 19:08:43.100000,Walking
2021-11-02 19:08:49.250000,Walking
2021-11-02 19:08:55.400000,Walking
2021-11-02 19:09:01.562500,Walking
2021-11-02 19:09:07.712500,Walking
2021-11-02 19:09:13.862500,Walking
2021-11-02 19:09:20.025000,Walking
2021-11-02 19:09:26.175000,Walking
2021-11-02 19:09:32.325000,Walking
2021-11-02 19:09:38.487500,Walking
2021-11-02 19:09:44.637500,Walking
2021-11-02 19:09:50.787500,Walking
2021-11-02 19:09:56.937500,Walking
2021-11-02 19:10:03.100000,Walking
2021-11-02 19:10:09.250000,Walking
2021-11-02 19:10:15.400000,Walking
2021-11-02 19:10:21.562500,Walking
2021-11-02 19:10:27.712500,Walking
2021-11-02 19:10:33.862500,Walking
2021-11-02 19:10:40.025000,Walking
2021-11-02 19:10:46.175000,Walking
2021-11-02 19:10:52.325000,Walking
2021-11-02 19:10:58.487500,Walking
2021-11-02 19:11:04.637500,Walking
2021-11-02 19:11:10.787500,Walking
2021-11-02 19:11:16.937500,Walking
2021-11-02 19:11:23.100000,Walking
2021-11-02 19:11:29.250000,Walking
2021-11-02 19:11:35.400000,Walking
2021-11-02 19:11:41.562500,Walking
2021-11-02 19:11:47.712500,Walking
2021-11-02 19:11:53.862500,Walking
2021-11-02 19:12:00.025000,Washing_Hands
2021-11-02 19:12:06.175000,Washing_Hands
2021-11-02 19:12:12.325000,Washing_Hands
2021-11-02 19:12:18.487500,Washing_Hands
2021-11-02 19:12:24.637500,Washing_Hands
2021-11-02 19:12:30.787500,Washing_Hands
2021-11-02 19:12:36.937500,Walking
2021-11-02 19:12:43.100000,Puttering_Around
2021-11-02 19:12:49.250000,Puttering_Around
2021-11-02 19:12:55.400000,Puttering_Around
2021-11-02 19:13:01.562500,Puttering_Around
2021-11-02 19:13:07.712500,Puttering_Around
2021-11-02 19:13:13.862500,Puttering_Around
2021-11-02 19:13:20.025000,Puttering_Around
2021-11-02 19:13:26.175000,Puttering_Around
2021-11-02 19:13:32.325000,Puttering_Around
2021-11-02 19:13:38.487500,Puttering_Around
2021-11-02 19:13:44.637500,Puttering_Around
2021-11-02 19:13:50.787500,Walking
2021-11-02 19:13:56.937500,Walking
2021-11-02 19:14:03.100000,Standing_With_Movement
2021-11-02 19:14:09.250000,Standing_With_Movement
2021-11-02 19:14:15.400000,Standing_With_Movement
2021-11-02 19:14:21.562500,Standing_With_Movement
2021-11-02 19:14:27.712500,Puttering_Around
2021-11-02 19:14:33.862500,Puttering_Around
2021-11-02 19:14:40.025000,Puttering_Around
2021-11-02 19:14:46.175000,PA_Type_Video_Unavailable/Indecipherable
2021-11-02 19:14:52.325000,PA_Type_Video_Unavailable/Indecipherable
2021-11-02 19:14:58.487500,PA_Type_Video_Unavailable/Indecipherable
2021-11-02 19:15:04.637500,PA_Type_Video_Unavailable/Indecipherable
2021-11-02 19:15:10.787500,PA_Type_Video_Unavailable/Indecipherable
2021-11-02 19:15:16.937500,PA_Type_Video_Unavailable/Indecipherable
2021-11-02 19:15:23.100000,PA_Type_Video_Unavailable/Indecipherable
2021-11-02 19:15:29.250000,PA_Type_Video_Unavailable/Indecipherable
2021-11-02 19:15:35.400000,PA_Type_Video_Unavailable/Indecipherable
2021-11-02 19:15:41.562500,PA_Type_Video_Unavailable/Indecipherable
2021-11-02 19:15:47.712500,PA_Type_Video_Unavailable/Indecipherable
2021-11-02 19:15:53.862500,PA_Type_Video_Unavailable/Indecipherable
2021-11-02 19:16:00.025000,PA_Type_Video_Unavailable/Indecipherable
2021-11-02 19:16:06.175000,PA_Type_Video_Unavailable/Indecipherable
2021-11-02 19:16:12.325000,PA_Type_Video_Unavailable/Indecipherable
2021-11-02 19:16:18.487500,PA_Type_Video_Unavailable/Indecipherable
2021-11-02 19:16:24.637500,PA_Type_Video_Unavailable/Indecipherable
2021-11-02 19:16:30.787500,PA_Type_Video_Unavailable/Indecipherable
2021-11-02 19:16:36.937500,PA_Type_Video_Unavailable/Indecipherable
2021-11-02 19:16:43.100000,PA_Type_Video_Unavailable/Indecipherable
2021-11-02 19:16:49.250000,PA_Type_Video_Unavailable/Indecipherable
2021-11-02 19:16:55.400000,PA_Type_Video_Unavailable/Indecipherable
2021-11-02 19:17:01.562500,PA_Type_Video_Unavailable/Indecipherable
2021-11-02 19:17:07.712500,PA_Type_Video_Unavailable/Indecipherable
2021-11-02 19:17:13.862500,PA_Type_Video_Unavailable/Indecipherable
2021-11-02 19:17:20.025000,PA_Type_Video_Unavailable/Indecipherable
2021-11-02 19:17:26.175000,PA_Type_Video_Unavailable/Indecipherable
2021-11-02 19:17:32.325000,PA_Type_Video_Unavailable/Indecipherable
2021-11-02 19:17:38.487500,PA_Type_Video_Unavailable/Indecipherable
2021-11-02 19:17:44.637500,PA_Type_Video_Unavailable/Indecipherable
2021-11-02 19:17:50.787500,PA_Type_Video_Unavailable/Indecipherable
2021-11-02 19:17:56.937500,PA_Type_Video_Unavailable/Indecipherable
2021-11-02 19:18:03.100000,PA_Type_Video_Unavailable/Indecipherable
2021-11-02 19:18:09.250000,PA_Type_Video_Unavailable/Indecipherable
2021-11-02 19:18:15.400000,PA_Type_Video_Unavailable/Indecipherable
2021-11-02 19:18:21.562500,PA_Type_Video_Unavailable/Indecipherable
2021-11-02 19:18:27.712500,PA_Type_Video_Unavailable/Indecipherable
2021-11-02 19:18:33.862500,PA_Type_Video_Unavailable/Indecipherable
2021-11-02 19:18:40.025000,PA_Type_Video_Unavailable/Indecipherable
2021-11-02 19:18:46.175000,PA_Type_Video_Unavailable/Indecipherable
2021-11-02 19:18:52.325000,PA_Type_Video_Unavailable/Indecipherable
2021-11-02 19:18:58.487500,PA_Type_Video_Unavailable/Indecipherable
2021-11-02 19:19:04.637500,PA_Type_Video_Unavailable/Indecipherable
2021-11-02 19:19:10.787500,PA_Type_Video_Unavailable/Indecipherable
2021-11-02 19:19:16.937500,PA_Type_Video_Unavailable/Indecipherable
2021-11-02 19:19:23.100000,PA_Type_Video_Unavailable/Indecipherable
2021-11-02 19:19:29.250000,PA_Type_Video_Unavailable/Indecipherable
2021-11-02 19:19:35.400000,PA_Type_Video_Unavailable/Indecipherable
2021-11-02 19:19:41.562500,PA_Type_Video_Unavailable/Indecipherable
2021-11-02 19:19:47.712500,PA_Type_Video_Unavailable/Indecipherable
2021-11-02 19:19:53.862500,PA_Type_Video_Unavailable/Indecipherable
2021-11-02 19:20:00.025000,PA_Type_Video_Unavailable/Indecipherable
2021-11-02 19:20:06.175000,PA_Type_Video_Unavailable/Indecipherable
2021-11-02 19:20:12.325000,PA_Type_Video_Unavailable/Indecipherable
2021-11-02 19:20:18.487500,PA_Type_Video_Unavailable/Indecipherable
2021-11-02 19:20:24.637500,PA_Type_Video_Unavailable/Indecipherable
2021-11-02 19:20:30.787500,PA_Type_Video_Unavailable/Indecipherable
2021-11-02 19:20:36.937500,PA_Type_Video_Unavailable/Indecipherable
2021-11-02 19:20:43.100000,PA_Type_Video_Unavailable/Indecipherable
2021-11-02 19:20:49.250000,
2021-11-02 19:20:55.400000,Walking
2021-11-02 19:21:01.562500,Walking
2021-11-02 19:21:07.712500,Walking
2021-11-02 19:21:13.862500,Walking
2021-11-02 19:21:20.025000,Walking
2021-11-02 19:21:26.175000,Walking
2021-11-02 19:21:32.325000,Standing_With_Movement
2021-11-02 19:21:38.487500,Standing_With_Movement
2021-11-02 19:21:44.637500,
2021-11-02 19:21:50.787500,Cycling_Active_Pedaling_Stationary_Bike
2021-11-02 19:21:56.937500,Cycling_Active_Pedaling_Stationary_Bike
2021-11-02 19:22:03.100000,Cycling_Active_Pedaling_Stationary_Bike
2021-11-02 19:22:09.250000,Cycling_Active_Pedaling_Stationary_Bike
2021-11-02 19:22:15.400000,Cycling_Active_Pedaling_Stationary_Bike
2021-11-02 19:22:21.562500,Cycling_Active_Pedaling_Stationary_Bike
2021-11-02 19:22:27.712500,Cycling_Active_Pedaling_Stationary_Bike
2021-11-02 19:22:33.862500,Cycling_Active_Pedaling_Stationary_Bike
2021-11-02 19:22:40.025000,Cycling_Active_Pedaling_Stationary_Bike
2021-11-02 19:22:46.175000,Cycling_Active_Pedaling_Stationary_Bike
2021-11-02 19:22:52.325000,Cycling_Active_Pedaling_Stationary_Bike
2021-11-02 19:22:58.487500,Cycling_Active_Pedaling_Stationary_Bike
2021-11-02 19:23:04.637500,Cycling_Active_Pedaling_Stationary_Bike
2021-11-02 19:23:10.787500,Cycling_Active_Pedaling_Stationary_Bike
2021-11-02 19:23:16.937500,Cycling_Active_Pedaling_Stationary_Bike
2021-11-02 19:23:23.100000,Cycling_Active_Pedaling_Stationary_Bike
2021-11-02 19:23:29.250000,Cycling_Active_Pedaling_Stationary_Bike
2021-11-02 19:23:35.400000,Cycling_Active_Pedaling_Stationary_Bike
2021-11-02 19:23:41.562500,Cycling_Active_Pedaling_Stationary_Bike
2021-11-02 19:23:47.712500,Cycling_Active_Pedaling_Stationary_Bike
2021-11-02 19:23:53.862500,Cycling_Active_Pedaling_Stationary_Bike
2021-11-02 19:24:00.025000,Cycling_Active_Pedaling_Stationary_Bike
2021-11-02 19:24:06.175000,Cycling_Active_Pedaling_Stationary_Bike
2021-11-02 19:24:12.325000,Cycling_Active_Pedaling_Stationary_Bike
2021-11-02 19:24:18.487500,Cycling_Active_Pedaling_Stationary_Bike
2021-11-02 19:24:24.637500,Cycling_Active_Pedaling_Stationary_Bike
2021-11-02 19:24:30.787500,Cycling_Active_Pedaling_Stationary_Bike
2021-11-02 19:24:36.937500,Cycling_Active_Pedaling_Stationary_Bike
2021-11-02 19:24:43.100000,Cycling_Active_Pedaling_Stationary_Bike
2021-11-02 19:24:49.250000,Cycling_Active_Pedaling_Stationary_Bike
2021-11-02 19:24:55.400000,Cycling_Active_Pedaling_Stationary_Bike
2021-11-02 19:25:01.562500,Cycling_Active_Pedaling_Stationary_Bike
2021-11-02 19:25:07.712500,Cycling_Active_Pedaling_Stationary_Bike
2021-11-02 19:25:13.862500,Cycling_Active_Pedaling_Stationary_Bike
2021-11-02 19:25:20.025000,Cycling_Active_Pedaling_Stationary_Bike
2021-11-02 19:25:26.175000,Cycling_Active_Pedaling_Stationary_Bike
2021-11-02 19:25:32.325000,Cycling_Active_Pedaling_Stationary_Bike
2021-11-02 19:25:38.487500,Cycling_Active_Pedaling_Stationary_Bike
2021-11-02 19:25:44.637500,Cycling_Active_Pedaling_Stationary_Bike
2021-11-02 19:25:50.787500,Cycling_Active_Pedaling_Stationary_Bike
2021-11-02 19:25:56.937500,Cycling_Active_Pedaling_Stationary_Bike
2021-11-02 19:26:03.100000,Cycling_Active_Pedaling_Stationary_Bike
2021-11-02 19:26:09.250000,Cycling_Active_Pedaling_Stationary_Bike
2021-11-02 19:26:15.400000,Cycling_Active_Pedaling_Stationary_Bike
2021-11-02 19:26:21.562500,Cycling_Active_Pedaling_Stationary_Bike
2021-11-02 19:26:27.712500,Cycling_Active_Pedaling_Stationary_Bike
2021-11-02 19:26:33.862500,Cycling_Active_Pedaling_Stationary_Bike
2021-11-02 19:26:40.025000,Cycling_Active_Pedaling_Stationary_Bike
2021-11-02 19:26:46.175000,Cycling_Active_Pedaling_Stationary_Bike
2021-11-02 19:26:52.325000,Cycling_Active_Pedaling_Stationary_Bike
2021-11-02 19:26:58.487500,Cycling_Active_Pedaling_Stationary_Bike
2021-11-02 19:27:04.637500,Cycling_Active_Pedaling_Stationary_Bike
2021-11-02 19:27:10.787500,Cycling_Active_Pedaling_Stationary_Bike
2021-11-02 19:27:16.937500,Cycling_Active_Pedaling_Stationary_Bike
2021-11-02 19:27:23.100000,Cycling_Active_Pedaling_Stationary_Bike
2021-11-02 19:27:29.250000,Cycling_Active_Pedaling_Stationary_Bike
2021-11-02 19:27:35.400000,Cycling_Active_Pedaling_Stationary_Bike
2021-11-02 19:27:41.562500,Cycling_Active_Pedaling_Stationary_Bike
2021-11-02 19:27:47.712500,Cycling_Active_Pedaling_Stationary_Bike
2021-11-02 19:27:53.862500,Cycling_Active_Pedaling_Stationary_Bike
2021-11-02 19:28:00.025000,Cycling_Active_Pedaling_Stationary_Bike
2021-11-02 19:28:06.175000,Cycling_Active_Pedaling_Stationary_Bike
2021-11-02 19:28:12.325000,Cycling_Active_Pedaling_Stationary_Bike
2021-11-02 19:28:18.487500,Cycling_Active_Pedaling_Stationary_Bike
2021-11-02 19:28:24.637500,Cycling_Active_Pedaling_Stationary_Bike
2021-11-02 19:28:30.787500,Cycling_Active_Pedaling_Stationary_Bike
2021-11-02 19:28:36.937500,Cycling_Active_Pedaling_Stationary_Bike
2021-11-02 19:28:43.100000,Cycling_Active_Pedaling_Stationary_Bike
2021-11-02 19:28:49.250000,Cycling_Active_Pedaling_Stationary_Bike
2021-11-02 19:28:55.400000,Cycling_Active_Pedaling_Stationary_Bike
2021-11-02 19:29:01.562500,Cycling_Active_Pedaling_Stationary_Bike
2021-11-02 19:29:07.712500,Cycling_Active_Pedaling_Stationary_Bike
2021-11-02 19:29:13.862500,Cycling_Active_Pedaling_Stationary_Bike
2021-11-02 19:29:20.025000,Cycling_Active_Pedaling_Stationary_Bike
2021-11-02 19:29:26.175000,Cycling_Active_Pedaling_Stationary_Bike
2021-11-02 19:29:32.325000,Cycling_Active_Pedaling_Stationary_Bike
2021-11-02 19:29:38.487500,Cycling_Active_Pedaling_Stationary_Bike
2021-11-02 19:29:44.637500,Cycling_Active_Pedaling_Stationary_Bike
2021-11-02 19:29:50.787500,Cycling_Active_Pedaling_Stationary_Bike
2021-11-02 19:29:56.937500,Cycling_Active_Pedaling_Stationary_Bike
2021-11-02 19:30:03.100000,Cycling_Active_Pedaling_Stationary_Bike
2021-11-02 19:30:09.250000,Cycling_Active_Pedaling_Stationary_Bike
2021-11-02 19:30:15.400000,Cycling_Active_Pedaling_Stationary_Bike
2021-11-02 19:30:21.562500,Cycling_Active_Pedaling_Stationary_Bike
2021-11-02 19:30:27.712500,Cycling_Active_Pedaling_Stationary_Bike
2021-11-02 19:30:33.862500,Cycling_Active_Pedaling_Stationary_Bike
2021-11-02 19:30:40.025000,Cycling_Active_Pedaling_Stationary_Bike
2021-11-02 19:30:46.175000,Cycling_Active_Pedaling_Stationary_Bike
2021-11-02 19:30:52.325000,Cycling_Active_Pedaling_Stationary_Bike
2021-11-02 19:30:58.487500,Cycling_Active_Pedaling_Stationary_Bike
2021-11-02 19:31:04.637500,Cycling_Active_Pedaling_Stationary_Bike
2021-11-02 19:31:10.787500,Cycling_Active_Pedaling_Stationary_Bike
2021-11-02 19:31:16.937500,Cycling_Active_Pedaling_Stationary_Bike
2021-11-02 19:31:23.100000,Cycling_Active_Pedaling_Stationary_Bike
2021-11-02 19:31:29.250000,Cycling_Active_Pedaling_Stationary_Bike
2021-11-02 19:31:35.400000,Cycling_Active_Pedaling_Stationary_Bike
2021-11-02 19:31:41.562500,Cycling_Active_Pedaling_Stationary_Bike
2021-11-02 19:31:47.712500,Cycling_Active_Pedaling_Stationary_Bike
2021-11-02 19:31:53.862500,Cycling_Active_Pedaling_Stationary_Bike
2021-11-02 19:32:00.025000,Cycling_Active_Pedaling_Stationary_Bike
2021-11-02 19:32:06.175000,Cycling_Active_Pedaling_Stationary_Bike
2021-11-02 19:32:12.325000,Cycling_Active_Pedaling_Stationary_Bike
2021-11-02 19:32:18.487500,Cycling_Active_Pedaling_Stationary_Bike
2021-11-02 19:32:24.637500,Cycling_Active_Pedaling_Stationary_Bike
2021-11-02 19:32:30.787500,Cycling_Active_Pedaling_Stationary_Bike
2021-11-02 19:32:36.937500,Cycling_Active_Pedaling_Stationary_Bike
2021-11-02 19:32:43.100000,Cycling_Active_Pedaling_Stationary_Bike
2021-11-02 19:32:49.250000,Cycling_Active_Pedaling_Stationary_Bike
2021-11-02 19:32:55.400000,Cycling_Active_Pedaling_Stationary_Bike
2021-11-02 19:33:01.562500,Cycling_Active_Pedaling_Stationary_Bike
2021-11-02 19:33:07.712500,Cycling_Active_Pedaling_Stationary_Bike
2021-11-02 19:33:13.862500,Cycling_Active_Pedaling_Stationary_Bike
2021-11-02 19:33:20.025000,Cycling_Active_Pedaling_Stationary_Bike
2021-11-02 19:33:26.175000,Cycling_Active_Pedaling_Stationary_Bike
2021-11-02 19:33:32.325000,Cycling_Active_Pedaling_Stationary_Bike
2021-11-02 19:33:38.487500,Cycling_Active_Pedaling_Stationary_Bike
2021-11-02 19:33:44.637500,Cycling_Active_Pedaling_Stationary_Bike
2021-11-02 19:33:50.787500,Cycling_Active_Pedaling_Stationary_Bike
2021-11-02 19:33:56.937500,Cycling_Active_Pedaling_Stationary_Bike
2021-11-02 19:34:03.100000,Cycling_Active_Pedaling_Stationary_Bike
2021-11-02 19:34:09.250000,Cycling_Active_Pedaling_Stationary_Bike
2021-11-02 19:34:15.400000,Cycling_Active_Pedaling_Stationary_Bike
2021-11-02 19:34:21.562500,Cycling_Active_Pedaling_Stationary_Bike
2021-11-02 19:34:27.712500,Cycling_Active_Pedaling_Stationary_Bike
2021-11-02 19:34:33.862500,Cycling_Active_Pedaling_Stationary_Bike
2021-11-02 19:34:40.025000,Cycling_Active_Pedaling_Stationary_Bike
2021-11-02 19:34:46.175000,Cycling_Active_Pedaling_Stationary_Bike
2021-11-02 19:34:52.325000,Cycling_Active_Pedaling_Stationary_Bike
2021-11-02 19:34:58.487500,Cycling_Active_Pedaling_Stationary_Bike
2021-11-02 19:35:04.637500,Cycling_Active_Pedaling_Stationary_Bike
2021-11-02 19:35:10.787500,Cycling_Active_Pedaling_Stationary_Bike
2021-11-02 19:35:16.937500,Cycling_Active_Pedaling_Stationary_Bike
2021-11-02 19:35:23.100000,Cycling_Active_Pedaling_Stationary_Bike
2021-11-02 19:35:29.250000,Cycling_Active_Pedaling_Stationary_Bike
2021-11-02 19:35:35.400000,Cycling_Active_Pedaling_Stationary_Bike
2021-11-02 19:35:41.562500,Cycling_Active_Pedaling_Stationary_Bike
2021-11-02 19:35:47.712500,Cycling_Active_Pedaling_Stationary_Bike
2021-11-02 19:35:53.862500,Cycling_Active_Pedaling_Stationary_Bike
2021-11-02 19:36:00.025000,Cycling_Active_Pedaling_Stationary_Bike
2021-11-02 19:36:06.175000,Cycling_Active_Pedaling_Stationary_Bike
2021-11-02 19:36:12.325000,Cycling_Active_Pedaling_Stationary_Bike
2021-11-02 19:36:18.487500,Cycling_Active_Pedaling_Stationary_Bike
2021-11-02 19:36:24.637500,Cycling_Active_Pedaling_Stationary_Bike
2021-11-02 19:36:30.787500,Cycling_Active_Pedaling_Stationary_Bike
2021-11-02 19:36:36.937500,Cycling_Active_Pedaling_Stationary_Bike
2021-11-02 19:36:43.100000,Cycling_Active_Pedaling_Stationary_Bike
2021-11-02 19:36:49.250000,Cycling_Active_Pedaling_Stationary_Bike
2021-11-02 19:36:55.400000,Cycling_Active_Pedaling_Stationary_Bike
2021-11-02 19:37:01.562500,Cycling_Active_Pedaling_Stationary_Bike
2021-11-02 19:37:07.712500,Cycling_Active_Pedaling_Stationary_Bike
2021-11-02 19:37:13.862500,Cycling_Active_Pedaling_Stationary_Bike
2021-11-02 19:37:20.025000,Cycling_Active_Pedaling_Stationary_Bike
2021-11-02 19:37:26.175000,Cycling_Active_Pedaling_Stationary_Bike
2021-11-02 19:37:32.325000,Cycling_Active_Pedaling_Stationary_Bike
2021-11-02 19:37:38.487500,Cycling_Active_Pedaling_Stationary_Bike
2021-11-02 19:37:44.637500,Cycling_Active_Pedaling_Stationary_Bike
2021-11-02 19:37:50.787500,Cycling_Active_Pedaling_Stationary_Bike
2021-11-02 19:37:56.937500,Cycling_Active_Pedaling_Stationary_Bike
2021-11-02 19:38:03.100000,Cycling_Active_Pedaling_Stationary_Bike
2021-11-02 19:38:09.250000,Cycling_Active_Pedaling_Stationary_Bike
2021-11-02 19:38:15.400000,Cycling_Active_Pedaling_Stationary_Bike
2021-11-02 19:38:21.562500,Cycling_Active_Pedaling_Stationary_Bike
2021-11-02 19:38:27.712500,Cycling_Active_Pedaling_Stationary_Bike
2021-11-02 19:38:33.862500,Cycling_Active_Pedaling_Stationary_Bike
2021-11-02 19:38:40.025000,Cycling_Active_Pedaling_Stationary_Bike
2021-11-02 19:38:46.175000,Cycling_Active_Pedaling_Stationary_Bike
2021-11-02 19:38:52.325000,Cycling_Active_Pedaling_Stationary_Bike
2021-11-02 19:38:58.487500,Cycling_Active_Pedaling_Stationary_Bike
2021-11-02 19:39:04.637500,Cycling_Active_Pedaling_Stationary_Bike
2021-11-02 19:39:10.787500,Cycling_Active_Pedaling_Stationary_Bike
2021-11-02 19:39:16.937500,Cycling_Active_Pedaling_Stationary_Bike
2021-11-02 19:39:23.100000,Cycling_Active_Pedaling_Stationary_Bike
2021-11-02 19:39:29.250000,Cycling_Active_Pedaling_Stationary_Bike
2021-11-02 19:39:35.400000,Cycling_Active_Pedaling_Stationary_Bike
2021-11-02 19:39:41.562500,Cycling_Active_Pedaling_Stationary_Bike
2021-11-02 19:39:47.712500,Cycling_Active_Pedaling_Stationary_Bike
2021-11-02 19:39:53.862500,Cycling_Active_Pedaling_Stationary_Bike
2021-11-02 19:40:00.025000,Cycling_Active_Pedaling_Stationary_Bike
2021-11-02 19:40:06.175000,Cycling_Active_Pedaling_Stationary_Bike
2021-11-02 19:40:12.325000,Cycling_Active_Pedaling_Stationary_Bike
2021-11-02 19:40:18.487500,Cycling_Active_Pedaling_Stationary_Bike
2021-11-02 19:40:24.637500,Cycling_Active_Pedaling_Stationary_Bike
2021-11-02 19:40:30.787500,Cycling_Active_Pedaling_Stationary_Bike
2021-11-02 19:40:36.937500,Cycling_Active_Pedaling_Stationary_Bike
2021-11-02 19:40:43.100000,Cycling_Active_Pedaling_Stationary_Bike
2021-11-02 19:40:49.250000,Cycling_Active_Pedaling_Stationary_Bike
2021-11-02 19:40:55.400000,Cycling_Active_Pedaling_Stationary_Bike
2021-11-02 19:41:01.562500,Cycling_Active_Pedaling_Stationary_Bike
2021-11-02 19:41:07.712500,Cycling_Active_Pedaling_Stationary_Bike
2021-11-02 19:41:13.862500,Cycling_Active_Pedaling_Stationary_Bike
2021-11-02 19:41:20.025000,Cycling_Active_Pedaling_Stationary_Bike
2021-11-02 19:41:26.175000,Cycling_Active_Pedaling_Stationary_Bike
2021-11-02 19:41:32.325000,Cycling_Active_Pedaling_Stationary_Bike
2021-11-02 19:41:38.487500,Cycling_Active_Pedaling_Stationary_Bike
2021-11-02 19:41:44.637500,Cycling_Active_Pedaling_Stationary_Bike
2021-11-02 19:41:50.787500,Cycling_Active_Pedaling_Stationary_Bike
2021-11-02 19:41:56.937500,Cycling_Active_Pedaling_Stationary_Bike
2021-11-02 19:42:03.100000,Cycling_Active_Pedaling_Stationary_Bike
2021-11-02 19:42:09.250000,Cycling_Active_Pedaling_Stationary_Bike
2021-11-02 19:42:15.400000,Cycling_Active_Pedaling_Stationary_Bike
2021-11-02 19:42:21.562500,Cycling_Active_Pedaling_Stationary_Bike
2021-11-02 19:42:27.712500,Cycling_Active_Pedaling_Stationary_Bike
2021-11-02 19:42:33.862500,Cycling_Active_Pedaling_Stationary_Bike
2021-11-02 19:42:40.025000,Cycling_Active_Pedaling_Stationary_Bike
2021-11-02 19:42:46.175000,Cycling_Active_Pedaling_Stationary_Bike
2021-11-02 19:42:52.325000,Cycling_Active_Pedaling_Stationary_Bike
2021-11-02 19:42:58.487500,Cycling_Active_Pedaling_Stationary_Bike
2021-11-02 19:43:04.637500,Cycling_Active_Pedaling_Stationary_Bike
2021-11-02 19:43:10.787500,Cycling_Active_Pedaling_Stationary_Bike
2021-11-02 19:43:16.937500,Cycling_Active_Pedaling_Stationary_Bike
2021-11-02 19:43:23.100000,Cycling_Active_Pedaling_Stationary_Bike
2021-11-02 19:43:29.250000,Cycling_Active_Pedaling_Stationary_Bike
2021-11-02 19:43:35.400000,Cycling_Active_Pedaling_Stationary_Bike
2021-11-02 19:43:41.562500,Cycling_Active_Pedaling_Stationary_Bike
2021-11-02 19:43:47.712500,Cycling_Active_Pedaling_Stationary_Bike
2021-11-02 19:43:53.862500,Cycling_Active_Pedaling_Stationary_Bike
2021-11-02 19:44:00.025000,Cycling_Active_Pedaling_Stationary_Bike
2021-11-02 19:44:06.175000,Cycling_Active_Pedaling_Stationary_Bike
2021-11-02 19:44:12.325000,Cycling_Active_Pedaling_Stationary_Bike
2021-11-02 19:44:18.487500,Cycling_Active_Pedaling_Stationary_Bike
2021-11-02 19:44:24.637500,Cycling_Active_Pedaling_Stationary_Bike
2021-11-02 19:44:30.787500,Cycling_Active_Pedaling_Stationary_Bike
2021-11-02 19:44:36.937500,Cycling_Active_Pedaling_Stationary_Bike
2021-11-02 19:44:43.100000,Cycling_Active_Pedaling_Stationary_Bike
2021-11-02 19:44:49.250000,Cycling_Active_Pedaling_Stationary_Bike
2021-11-02 19:44:55.400000,Cycling_Active_Pedaling_Stationary_Bike
2021-11-02 19:45:01.562500,Cycling_Active_Pedaling_Stationary_Bike
2021-11-02 19:45:07.712500,Cycling_Active_Pedaling_Stationary_Bike
2021-11-02 19:45:13.862500,Cycling_Active_Pedaling_Stationary_Bike
2021-11-02 19:45:20.025000,Cycling_Active_Pedaling_Stationary_Bike
2021-11-02 19:45:26.175000,Cycling_Active_Pedaling_Stationary_Bike
2021-11-02 19:45:32.325000,Cycling_Active_Pedaling_Stationary_Bike
2021-11-02 19:45:38.487500,Cycling_Active_Pedaling_Stationary_Bike
2021-11-02 19:45:44.637500,Cycling_Active_Pedaling_Stationary_Bike
2021-11-02 19:45:50.787500,Cycling_Active_Pedaling_Stationary_Bike
2021-11-02 19:45:56.937500,Cycling_Active_Pedaling_Stationary_Bike
2021-11-02 19:46:03.100000,Cycling_Active_Pedaling_Stationary_Bike
2021-11-02 19:46:09.250000,Cycling_Active_Pedaling_Stationary_Bike
2021-11-02 19:46:15.400000,Cycling_Active_Pedaling_Stationary_Bike
2021-11-02 19:46:21.562500,Cycling_Active_Pedaling_Stationary_Bike
2021-11-02 19:46:27.712500,Cycling_Active_Pedaling_Stationary_Bike
2021-11-02 19:46:33.862500,Cycling_Active_Pedaling_Stationary_Bike
2021-11-02 19:46:40.025000,Cycling_Active_Pedaling_Stationary_Bike
2021-11-02 19:46:46.175000,Cycling_Active_Pedaling_Stationary_Bike
2021-11-02 19:46:52.325000,Cycling_Active_Pedaling_Stationary_Bike
2021-11-02 19:46:58.487500,Cycling_Active_Pedaling_Stationary_Bike
2021-11-02 19:47:04.637500,Cycling_Active_Pedaling_Stationary_Bike
2021-11-02 19:47:10.787500,Cycling_Active_Pedaling_Stationary_Bike
2021-11-02 19:47:16.937500,Cycling_Active_Pedaling_Stationary_Bike
2021-11-02 19:47:23.100000,Cycling_Active_Pedaling_Stationary_Bike
2021-11-02 19:47:29.250000,Cycling_Active_Pedaling_Stationary_Bike
2021-11-02 19:47:35.400000,Cycling_Active_Pedaling_Stationary_Bike
2021-11-02 19:47:41.562500,Cycling_Active_Pedaling_Stationary_Bike
2021-11-02 19:47:47.712500,Cycling_Active_Pedaling_Stationary_Bike
2021-11-02 19:47:53.862500,Cycling_Active_Pedaling_Stationary_Bike
2021-11-02 19:48:00.025000,Cycling_Active_Pedaling_Stationary_Bike
2021-11-02 19:48:06.175000,Cycling_Active_Pedaling_Stationary_Bike
2021-11-02 19:48:12.325000,Cycling_Active_Pedaling_Stationary_Bike
2021-11-02 19:48:18.487500,Cycling_Active_Pedaling_Stationary_Bike
2021-11-02 19:48:24.637500,Cycling_Active_Pedaling_Stationary_Bike
2021-11-02 19:48:30.787500,Cycling_Active_Pedaling_Stationary_Bike
2021-11-02 19:48:36.937500,Cycling_Active_Pedaling_Stationary_Bike
2021-11-02 19:48:43.100000,Cycling_Active_Pedaling_Stationary_Bike
2021-11-02 19:48:49.250000,Cycling_Active_Pedaling_Stationary_Bike
2021-11-02 19:48:55.400000,Cycling_Active_Pedaling_Stationary_Bike
2021-11-02 19:49:01.562500,Cycling_Active_Pedaling_Stationary_Bike
2021-11-02 19:49:07.712500,Cycling_Active_Pedaling_Stationary_Bike
2021-11-02 19:49:13.862500,Cycling_Active_Pedaling_Stationary_Bike
2021-11-02 19:49:20.025000,Cycling_Active_Pedaling_Stationary_Bike
2021-11-02 19:49:26.175000,Cycling_Active_Pedaling_Stationary_Bike
2021-11-02 19:49:32.325000,Cycling_Active_Pedaling_Stationary_Bike
2021-11-02 19:49:38.487500,Cycling_Active_Pedaling_Stationary_Bike
2021-11-02 19:49:44.637500,Cycling_Active_Pedaling_Stationary_Bike
2021-11-02 19:49:50.787500,Cycling_Active_Pedaling_Stationary_Bike
2021-11-02 19:49:56.937500,Cycling_Active_Pedaling_Stationary_Bike
2021-11-02 19:50:03.100000,Cycling_Active_Pedaling_Stationary_Bike
2021-11-02 19:50:09.250000,Cycling_Active_Pedaling_Stationary_Bike
2021-11-02 19:50:15.400000,Cycling_Active_Pedaling_Stationary_Bike
2021-11-02 19:50:21.562500,Cycling_Active_Pedaling_Stationary_Bike
2021-11-02 19:50:27.712500,Cycling_Active_Pedaling_Stationary_Bike
2021-11-02 19:50:33.862500,Cycling_Active_Pedaling_Stationary_Bike
2021-11-02 19:50:40.025000,Cycling_Active_Pedaling_Stationary_Bike
2021-11-02 19:50:46.175000,Cycling_Active_Pedaling_Stationary_Bike
2021-11-02 19:50:52.325000,Cycling_Active_Pedaling_Stationary_Bike
2021-11-02 19:50:58.487500,Cycling_Active_Pedaling_Stationary_Bike
2021-11-02 19:51:04.637500,Cycling_Active_Pedaling_Stationary_Bike
2021-11-02 19:51:10.787500,Cycling_Active_Pedaling_Stationary_Bike
2021-11-02 19:51:16.937500,Cycling_Active_Pedaling_Stationary_Bike
2021-11-02 19:51:23.100000,Cycling_Active_Pedaling_Stationary_Bike
2021-11-02 19:51:29.250000,Cycling_Active_Pedaling_Stationary_Bike
2021-11-02 19:51:35.400000,Cycling_Active_Pedaling_Stationary_Bike
2021-11-02 19:51:41.562500,Cycling_Active_Pedaling_Stationary_Bike
2021-11-02 19:51:47.712500,Cycling_Active_Pedaling_Stationary_Bike
2021-11-02 19:51:53.862500,Cycling_Active_Pedaling_Stationary_Bike
2021-11-02 19:52:00.025000,Cycling_Active_Pedaling_Stationary_Bike
2021-11-02 19:52:06.175000,Cycling_Active_Pedaling_Stationary_Bike
2021-11-02 19:52:12.325000,Cycling_Active_Pedaling_Stationary_Bike
2021-11-02 19:52:18.487500,Cycling_Active_Pedaling_Stationary_Bike
2021-11-02 19:52:24.637500,Cycling_Active_Pedaling_Stationary_Bike
2021-11-02 19:52:30.787500,Cycling_Active_Pedaling_Stationary_Bike
2021-11-02 19:52:36.937500,Cycling_Active_Pedaling_Stationary_Bike
2021-11-02 19:52:43.100000,Cycling_Active_Pedaling_Stationary_Bike
2021-11-02 19:52:49.250000,Cycling_Active_Pedaling_Stationary_Bike
2021-11-02 19:52:55.400000,Cycling_Active_Pedaling_Stationary_Bike
2021-11-02 19:53:01.562500,Cycling_Active_Pedaling_Stationary_Bike
2021-11-02 19:53:07.712500,Cycling_Active_Pedaling_Stationary_Bike
2021-11-02 19:53:13.862500,Cycling_Active_Pedaling_Stationary_Bike
2021-11-02 19:53:20.025000,Cycling_Active_Pedaling_Stationary_Bike
2021-11-02 19:53:26.175000,Cycling_Active_Pedaling_Stationary_Bike
2021-11-02 19:53:32.325000,Cycling_Active_Pedaling_Stationary_Bike
2021-11-02 19:53:38.487500,Cycling_Active_Pedaling_Stationary_Bike
2021-11-02 19:53:44.637500,Cycling_Active_Pedaling_Stationary_Bike
2021-11-02 19:53:50.787500,Cycling_Active_Pedaling_Stationary_Bike
2021-11-02 19:53:56.937500,Cycling_Active_Pedaling_Stationary_Bike
2021-11-02 19:54:03.100000,Cycling_Active_Pedaling_Stationary_Bike
2021-11-02 19:54:09.250000,Cycling_Active_Pedaling_Stationary_Bike
2021-11-02 19:54:15.400000,Cycling_Active_Pedaling_Stationary_Bike
2021-11-02 19:54:21.562500,Cycling_Active_Pedaling_Stationary_Bike
2021-11-02 19:54:27.712500,Cycling_Active_Pedaling_Stationary_Bike
2021-11-02 19:54:33.862500,Cycling_Active_Pedaling_Stationary_Bike
2021-11-02 19:54:40.025000,Cycling_Active_Pedaling_Stationary_Bike
2021-11-02 19:54:46.175000,Cycling_Active_Pedaling_Stationary_Bike
2021-11-02 19:54:52.325000,Cycling_Active_Pedaling_Stationary_Bike
2021-11-02 19:54:58.487500,Cycling_Active_Pedaling_Stationary_Bike
2021-11-02 19:55:04.637500,Cycling_Active_Pedaling_Stationary_Bike
2021-11-02 19:55:10.787500,Cycling_Active_Pedaling_Stationary_Bike
2021-11-02 19:55:16.937500,Cycling_Active_Pedaling_Stationary_Bike
2021-11-02 19:55:23.100000,Cycling_Active_Pedaling_Stationary_Bike
2021-11-02 19:55:29.250000,Cycling_Active_Pedaling_Stationary_Bike
2021-11-02 19:55:35.400000,Cycling_Active_Pedaling_Stationary_Bike
2021-11-02 19:55:41.562500,Cycling_Active_Pedaling_Stationary_Bike
2021-11-02 19:55:47.712500,Cycling_Active_Pedaling_Stationary_Bike
2021-11-02 19:55:53.862500,Cycling_Active_Pedaling_Stationary_Bike
2021-11-02 19:56:00.025000,Cycling_Active_Pedaling_Stationary_Bike
2021-11-02 19:56:06.175000,Cycling_Active_Pedaling_Stationary_Bike
2021-11-02 19:56:12.325000,Cycling_Active_Pedaling_Stationary_Bike
2021-11-02 19:56:18.487500,Cycling_Active_Pedaling_Stationary_Bike
2021-11-02 19:56:24.637500,Cycling_Active_Pedaling_Stationary_Bike
2021-11-02 19:56:30.787500,Cycling_Active_Pedaling_Stationary_Bike
2021-11-02 19:56:36.937500,Cycling_Active_Pedaling_Stationary_Bike
2021-11-02 19:56:43.100000,Cycling_Active_Pedaling_Stationary_Bike
2021-11-02 19:56:49.250000,Cycling_Active_Pedaling_Stationary_Bike
2021-11-02 19:56:55.400000,Cycling_Active_Pedaling_Stationary_Bike
2021-11-02 19:57:01.562500,Cycling_Active_Pedaling_Stationary_Bike
2021-11-02 19:57:07.712500,Cycling_Active_Pedaling_Stationary_Bike
2021-11-02 19:57:13.862500,Cycling_Active_Pedaling_Stationary_Bike
2021-11-02 19:57:20.025000,Cycling_Active_Pedaling_Stationary_Bike
2021-11-02 19:57:26.175000,Cycling_Active_Pedaling_Stationary_Bike
2021-11-02 19:57:32.325000,Cycling_Active_Pedaling_Stationary_Bike
2021-11-02 19:57:38.487500,Cycling_Active_Pedaling_Stationary_Bike
2021-11-02 19:57:44.637500,Cycling_Active_Pedaling_Stationary_Bike
2021-11-02 19:57:50.787500,Cycling_Active_Pedaling_Stationary_Bike
2021-11-02 19:57:56.937500,Cycling_Active_Pedaling_Stationary_Bike
2021-11-02 19:58:03.100000,Cycling_Active_Pedaling_Stationary_Bike
2021-11-02 19:58:09.250000,Cycling_Active_Pedaling_Stationary_Bike
2021-11-02 19:58:15.400000,Cycling_Active_Pedaling_Stationary_Bike
2021-11-02 19:58:21.562500,Cycling_Active_Pedaling_Stationary_Bike
2021-11-02 19:58:27.712500,Cycling_Active_Pedaling_Stationary_Bike
2021-11-02 19:58:33.862500,Cycling_Active_Pedaling_Stationary_Bike
2021-11-02 19:58:40.025000,Cycling_Active_Pedaling_Stationary_Bike
2021-11-02 19:58:46.175000,Cycling_Active_Pedaling_Stationary_Bike
2021-11-02 19:58:52.325000,Cycling_Active_Pedaling_Stationary_Bike
2021-11-02 19:58:58.487500,Cycling_Active_Pedaling_Stationary_Bike
2021-11-02 19:59:04.637500,Cycling_Active_Pedaling_Stationary_Bike
2021-11-02 19:59:10.787500,Cycling_Active_Pedaling_Stationary_Bike
2021-11-02 19:59:16.937500,Cycling_Active_Pedaling_Stationary_Bike
2021-11-02 19:59:23.100000,Cycling_Active_Pedaling_Stationary_Bike
2021-11-02 19:59:29.250000,Cycling_Active_Pedaling_Stationary_Bike
2021-11-02 19:59:35.400000,Cycling_Active_Pedaling_Stationary_Bike
2021-11-02 19:59:41.562500,Cycling_Active_Pedaling_Stationary_Bike
2021-11-02 19:59:47.712500,Cycling_Active_Pedaling_Stationary_Bike
2021-11-02 19:59:53.862500,Cycling_Active_Pedaling_Stationary_Bike
2021-11-02 20:00:00.025000,Cycling_Active_Pedaling_Stationary_Bike
2021-11-02 20:00:06.175000,Cycling_Active_Pedaling_Stationary_Bike
2021-11-02 20:00:12.325000,Cycling_Active_Pedaling_Stationary_Bike
2021-11-02 20:00:18.487500,Cycling_Active_Pedaling_Stationary_Bike
2021-11-02 20:00:24.637500,Cycling_Active_Pedaling_Stationary_Bike
2021-11-02 20:00:30.787500,Cycling_Active_Pedaling_Stationary_Bike
2021-11-02 20:00:36.937500,Cycling_Active_Pedaling_Stationary_Bike
2021-11-02 20:00:43.100000,Cycling_Active_Pedaling_Stationary_Bike
2021-11-02 20:00:49.250000,Cycling_Active_Pedaling_Stationary_Bike
2021-11-02 20:00:55.400000,Cycling_Active_Pedaling_Stationary_Bike
2021-11-02 20:01:01.562500,Cycling_Active_Pedaling_Stationary_Bike
2021-11-02 20:01:07.712500,Cycling_Active_Pedaling_Stationary_Bike
2021-11-02 20:01:13.862500,Cycling_Active_Pedaling_Stationary_Bike
2021-11-02 20:01:20.025000,Cycling_Active_Pedaling_Stationary_Bike
2021-11-02 20:01:26.175000,Cycling_Active_Pedaling_Stationary_Bike
2021-11-02 20:01:32.325000,Cycling_Active_Pedaling_Stationary_Bike
2021-11-02 20:01:38.487500,Cycling_Active_Pedaling_Stationary_Bike
2021-11-02 20:01:44.637500,Cycling_Active_Pedaling_Stationary_Bike
2021-11-02 20:01:50.787500,Cycling_Active_Pedaling_Stationary_Bike
2021-11-02 20:01:56.937500,Cycling_Active_Pedaling_Stationary_Bike
2021-11-02 20:02:03.100000,Cycling_Active_Pedaling_Stationary_Bike
2021-11-02 20:02:09.250000,Cycling_Active_Pedaling_Stationary_Bike
2021-11-02 20:02:15.400000,Cycling_Active_Pedaling_Stationary_Bike
2021-11-02 20:02:21.562500,Cycling_Active_Pedaling_Stationary_Bike
2021-11-02 20:02:27.712500,Cycling_Active_Pedaling_Stationary_Bike
2021-11-02 20:02:33.862500,Cycling_Active_Pedaling_Stationary_Bike
2021-11-02 20:02:40.025000,Cycling_Active_Pedaling_Stationary_Bike
2021-11-02 20:02:46.175000,Cycling_Active_Pedaling_Stationary_Bike
2021-11-02 20:02:52.325000,Cycling_Active_Pedaling_Stationary_Bike
2021-11-02 20:02:58.487500,Cycling_Active_Pedaling_Stationary_Bike
2021-11-02 20:03:04.637500,Cycling_Active_Pedaling_Stationary_Bike
2021-11-02 20:03:10.787500,Cycling_Active_Pedaling_Stationary_Bike
2021-11-02 20:03:16.937500,Cycling_Active_Pedaling_Stationary_Bike
2021-11-02 20:03:23.100000,Cycling_Active_Pedaling_Stationary_Bike
2021-11-02 20:03:29.250000,Cycling_Active_Pedaling_Stationary_Bike
2021-11-02 20:03:35.400000,Cycling_Active_Pedaling_Stationary_Bike
2021-11-02 20:03:41.562500,Cycling_Active_Pedaling_Stationary_Bike
2021-11-02 20:03:47.712500,Cycling_Active_Pedaling_Stationary_Bike
2021-11-02 20:03:53.862500,Cycling_Active_Pedaling_Stationary_Bike
2021-11-02 20:04:00.025000,Cycling_Active_Pedaling_Stationary_Bike
2021-11-02 20:04:06.175000,Cycling_Active_Pedaling_Stationary_Bike
2021-11-02 20:04:12.325000,Cycling_Active_Pedaling_Stationary_Bike
2021-11-02 20:04:18.487500,Cycling_Active_Pedaling_Stationary_Bike
2021-11-02 20:04:24.637500,Cycling_Active_Pedaling_Stationary_Bike
2021-11-02 20:04:30.787500,Cycling_Active_Pedaling_Stationary_Bike
2021-11-02 20:04:36.937500,Cycling_Active_Pedaling_Stationary_Bike
2021-11-02 20:04:43.100000,Cycling_Active_Pedaling_Stationary_Bike
2021-11-02 20:04:49.250000,Cycling_Active_Pedaling_Stationary_Bike
2021-11-02 20:04:55.400000,Cycling_Active_Pedaling_Stationary_Bike
2021-11-02 20:05:01.562500,Cycling_Active_Pedaling_Stationary_Bike
2021-11-02 20:05:07.712500,Cycling_Active_Pedaling_Stationary_Bike
2021-11-02 20:05:13.862500,Cycling_Active_Pedaling_Stationary_Bike
2021-11-02 20:05:20.025000,Cycling_Active_Pedaling_Stationary_Bike
2021-11-02 20:05:26.175000,Cycling_Active_Pedaling_Stationary_Bike
2021-11-02 20:05:32.325000,Cycling_Active_Pedaling_Stationary_Bike
2021-11-02 20:05:38.487500,Cycling_Active_Pedaling_Stationary_Bike
2021-11-02 20:05:44.637500,Cycling_Active_Pedaling_Stationary_Bike
2021-11-02 20:05:50.787500,Cycling_Active_Pedaling_Stationary_Bike
2021-11-02 20:05:56.937500,Cycling_Active_Pedaling_Stationary_Bike
2021-11-02 20:06:03.100000,Cycling_Active_Pedaling_Stationary_Bike
2021-11-02 20:06:09.250000,Cycling_Active_Pedaling_Stationary_Bike
2021-11-02 20:06:15.400000,Cycling_Active_Pedaling_Stationary_Bike
2021-11-02 20:06:21.562500,Cycling_Active_Pedaling_Stationary_Bike
2021-11-02 20:06:27.712500,Cycling_Active_Pedaling_Stationary_Bike
2021-11-02 20:06:33.862500,Cycling_Active_Pedaling_Stationary_Bike
2021-11-02 20:06:40.025000,Cycling_Active_Pedaling_Stationary_Bike
2021-11-02 20:06:46.175000,Cycling_Active_Pedaling_Stationary_Bike
2021-11-02 20:06:52.325000,Cycling_Active_Pedaling_Stationary_Bike
2021-11-02 20:06:58.487500,Cycling_Active_Pedaling_Stationary_Bike
2021-11-02 20:07:04.637500,Cycling_Active_Pedaling_Stationary_Bike
2021-11-02 20:07:10.787500,Cycling_Active_Pedaling_Stationary_Bike
2021-11-02 20:07:16.937500,Cycling_Active_Pedaling_Stationary_Bike
2021-11-02 20:07:23.100000,Cycling_Active_Pedaling_Stationary_Bike
2021-11-02 20:07:29.250000,Cycling_Active_Pedaling_Stationary_Bike
2021-11-02 20:07:35.400000,Cycling_Active_Pedaling_Stationary_Bike
2021-11-02 20:07:41.562500,Cycling_Active_Pedaling_Stationary_Bike
2021-11-02 20:07:47.712500,Cycling_Active_Pedaling_Stationary_Bike
2021-11-02 20:07:53.862500,Cycling_Active_Pedaling_Stationary_Bike
2021-11-02 20:08:00.025000,Cycling_Active_Pedaling_Stationary_Bike
2021-11-02 20:08:06.175000,Cycling_Active_Pedaling_Stationary_Bike
2021-11-02 20:08:12.325000,Cycling_Active_Pedaling_Stationary_Bike
2021-11-02 20:08:18.487500,Cycling_Active_Pedaling_Stationary_Bike
2021-11-02 20:08:24.637500,Cycling_Active_Pedaling_Stationary_Bike
2021-11-02 20:08:30.787500,Cycling_Active_Pedaling_Stationary_Bike
2021-11-02 20:08:36.937500,Cycling_Active_Pedaling_Stationary_Bike
2021-11-02 20:08:43.100000,Cycling_Active_Pedaling_Stationary_Bike
2021-11-02 20:08:49.250000,Cycling_Active_Pedaling_Stationary_Bike
2021-11-02 20:08:55.400000,Cycling_Active_Pedaling_Stationary_Bike
2021-11-02 20:09:01.562500,Cycling_Active_Pedaling_Stationary_Bike
2021-11-02 20:09:07.712500,Cycling_Active_Pedaling_Stationary_Bike
2021-11-02 20:09:13.862500,Cycling_Active_Pedaling_Stationary_Bike
2021-11-02 20:09:20.025000,Cycling_Active_Pedaling_Stationary_Bike
2021-11-02 20:09:26.175000,Cycling_Active_Pedaling_Stationary_Bike
2021-11-02 20:09:32.325000,Cycling_Active_Pedaling_Stationary_Bike
2021-11-02 20:09:38.487500,Cycling_Active_Pedaling_Stationary_Bike
2021-11-02 20:09:44.637500,Cycling_Active_Pedaling_Stationary_Bike
2021-11-02 20:09:50.787500,Cycling_Active_Pedaling_Stationary_Bike
2021-11-02 20:09:56.937500,Cycling_Active_Pedaling_Stationary_Bike
2021-11-02 20:10:03.100000,Cycling_Active_Pedaling_Stationary_Bike
2021-11-02 20:10:09.250000,Cycling_Active_Pedaling_Stationary_Bike
2021-11-02 20:10:15.400000,Cycling_Active_Pedaling_Stationary_Bike
2021-11-02 20:10:21.562500,Cycling_Active_Pedaling_Stationary_Bike
2021-11-02 20:10:27.712500,Cycling_Active_Pedaling_Stationary_Bike
2021-11-02 20:10:33.862500,Cycling_Active_Pedaling_Stationary_Bike
2021-11-02 20:10:40.025000,Cycling_Active_Pedaling_Stationary_Bike
2021-11-02 20:10:46.175000,Cycling_Active_Pedaling_Stationary_Bike
2021-11-02 20:10:52.325000,Cycling_Active_Pedaling_Stationary_Bike
2021-11-02 20:10:58.487500,Cycling_Active_Pedaling_Stationary_Bike
2021-11-02 20:11:04.637500,Cycling_Active_Pedaling_Stationary_Bike
2021-11-02 20:11:10.787500,Cycling_Active_Pedaling_Stationary_Bike
2021-11-02 20:11:16.950000,Cycling_Active_Pedaling_Stationary_Bike
2021-11-02 20:11:23.100000,Cycling_Active_Pedaling_Stationary_Bike
2021-11-02 20:11:29.250000,Cycling_Active_Pedaling_Stationary_Bike
2021-11-02 20:11:35.400000,Cycling_Active_Pedaling_Stationary_Bike
2021-11-02 20:11:41.562500,Cycling_Active_Pedaling_Stationary_Bike
2021-11-02 20:11:47.712500,Cycling_Active_Pedaling_Stationary_Bike
2021-11-02 20:11:53.862500,Cycling_Active_Pedaling_Stationary_Bike
2021-11-02 20:12:00.025000,Cycling_Active_Pedaling_Stationary_Bike
2021-11-02 20:12:06.175000,Cycling_Active_Pedaling_Stationary_Bike
2021-11-02 20:12:12.325000,Cycling_Active_Pedaling_Stationary_Bike
2021-11-02 20:12:18.487500,Cycling_Active_Pedaling_Stationary_Bike
2021-11-02 20:12:24.637500,Cycling_Active_Pedaling_Stationary_Bike
2021-11-02 20:12:30.787500,Cycling_Active_Pedaling_Stationary_Bike
2021-11-02 20:12:36.950000,Cycling_Active_Pedaling_Stationary_Bike
2021-11-02 20:12:43.100000,Cycling_Active_Pedaling_Stationary_Bike
2021-11-02 20:12:49.250000,Cycling_Active_Pedaling_Stationary_Bike
2021-11-02 20:12:55.400000,Cycling_Active_Pedaling_Stationary_Bike
2021-11-02 20:13:01.562500,Cycling_Active_Pedaling_Stationary_Bike
2021-11-02 20:13:07.712500,Cycling_Active_Pedaling_Stationary_Bike
2021-11-02 20:13:13.862500,Cycling_Active_Pedaling_Stationary_Bike
2021-11-02 20:13:20.025000,Cycling_Active_Pedaling_Stationary_Bike
2021-11-02 20:13:26.175000,Cycling_Active_Pedaling_Stationary_Bike
2021-11-02 20:13:32.325000,Cycling_Active_Pedaling_Stationary_Bike
2021-11-02 20:13:38.487500,Cycling_Active_Pedaling_Stationary_Bike
2021-11-02 20:13:44.637500,Cycling_Active_Pedaling_Stationary_Bike
2021-11-02 20:13:50.787500,Cycling_Active_Pedaling_Stationary_Bike
2021-11-02 20:13:56.950000,Cycling_Active_Pedaling_Stationary_Bike
2021-11-02 20:14:03.100000,Cycling_Active_Pedaling_Stationary_Bike
2021-11-02 20:14:09.250000,Cycling_Active_Pedaling_Stationary_Bike
2021-11-02 20:14:15.400000,Cycling_Active_Pedaling_Stationary_Bike
2021-11-02 20:14:21.562500,Cycling_Active_Pedaling_Stationary_Bike
2021-11-02 20:14:27.712500,Cycling_Active_Pedaling_Stationary_Bike
2021-11-02 20:14:33.862500,Cycling_Active_Pedaling_Stationary_Bike
2021-11-02 20:14:40.025000,Cycling_Active_Pedaling_Stationary_Bike
2021-11-02 20:14:46.175000,Cycling_Active_Pedaling_Stationary_Bike
2021-11-02 20:14:52.325000,Cycling_Active_Pedaling_Stationary_Bike
2021-11-02 20:14:58.487500,Cycling_Active_Pedaling_Stationary_Bike
2021-11-02 20:15:04.637500,Cycling_Active_Pedaling_Stationary_Bike
2021-11-02 20:15:10.787500,Cycling_Active_Pedaling_Stationary_Bike
2021-11-02 20:15:16.950000,Cycling_Active_Pedaling_Stationary_Bike
2021-11-02 20:15:23.100000,Cycling_Active_Pedaling_Stationary_Bike
2021-11-02 20:15:29.250000,Cycling_Active_Pedaling_Stationary_Bike
2021-11-02 20:15:35.400000,Cycling_Active_Pedaling_Stationary_Bike
2021-11-02 20:15:41.562500,Cycling_Active_Pedaling_Stationary_Bike
2021-11-02 20:15:47.712500,Cycling_Active_Pedaling_Stationary_Bike
2021-11-02 20:15:53.862500,Cycling_Active_Pedaling_Stationary_Bike
2021-11-02 20:16:00.025000,Cycling_Active_Pedaling_Stationary_Bike
2021-11-02 20:16:06.175000,Cycling_Active_Pedaling_Stationary_Bike
2021-11-02 20:16:12.325000,Cycling_Active_Pedaling_Stationary_Bike
2021-11-02 20:16:18.487500,Cycling_Active_Pedaling_Stationary_Bike
2021-11-02 20:16:24.637500,Cycling_Active_Pedaling_Stationary_Bike
2021-11-02 20:16:30.787500,Cycling_Active_Pedaling_Stationary_Bike
2021-11-02 20:16:36.950000,Cycling_Active_Pedaling_Stationary_Bike
2021-11-02 20:16:43.100000,Cycling_Active_Pedaling_Stationary_Bike
2021-11-02 20:16:49.250000,Cycling_Active_Pedaling_Stationary_Bike
2021-11-02 20:16:55.400000,Cycling_Active_Pedaling_Stationary_Bike
2021-11-02 20:17:01.562500,Cycling_Active_Pedaling_Stationary_Bike
2021-11-02 20:17:07.712500,Cycling_Active_Pedaling_Stationary_Bike
2021-11-02 20:17:13.862500,Cycling_Active_Pedaling_Stationary_Bike
2021-11-02 20:17:20.025000,Cycling_Active_Pedaling_Stationary_Bike
2021-11-02 20:17:26.175000,Cycling_Active_Pedaling_Stationary_Bike
2021-11-02 20:17:32.325000,Cycling_Active_Pedaling_Stationary_Bike
2021-11-02 20:17:38.487500,Cycling_Active_Pedaling_Stationary_Bike
2021-11-02 20:17:44.637500,Cycling_Active_Pedaling_Stationary_Bike
2021-11-02 20:17:50.787500,Cycling_Active_Pedaling_Stationary_Bike
2021-11-02 20:17:56.950000,Cycling_Active_Pedaling_Stationary_Bike
2021-11-02 20:18:03.100000,Cycling_Active_Pedaling_Stationary_Bike
2021-11-02 20:18:09.250000,Cycling_Active_Pedaling_Stationary_Bike
2021-11-02 20:18:15.400000,Cycling_Active_Pedaling_Stationary_Bike
2021-11-02 20:18:21.562500,Cycling_Active_Pedaling_Stationary_Bike
2021-11-02 20:18:27.712500,Cycling_Active_Pedaling_Stationary_Bike
2021-11-02 20:18:33.862500,Cycling_Active_Pedaling_Stationary_Bike
2021-11-02 20:18:40.025000,Cycling_Active_Pedaling_Stationary_Bike
2021-11-02 20:18:46.175000,Cycling_Active_Pedaling_Stationary_Bike
2021-11-02 20:18:52.325000,Cycling_Active_Pedaling_Stationary_Bike
2021-11-02 20:18:58.487500,Cycling_Active_Pedaling_Stationary_Bike
2021-11-02 20:19:04.637500,Cycling_Active_Pedaling_Stationary_Bike
2021-11-02 20:19:10.787500,Cycling_Active_Pedaling_Stationary_Bike
2021-11-02 20:19:16.950000,Cycling_Active_Pedaling_Stationary_Bike
2021-11-02 20:19:23.100000,Cycling_Active_Pedaling_Stationary_Bike
2021-11-02 20:19:29.250000,Cycling_Active_Pedaling_Stationary_Bike
2021-11-02 20:19:35.400000,Cycling_Active_Pedaling_Stationary_Bike
2021-11-02 20:19:41.562500,Cycling_Active_Pedaling_Stationary_Bike
2021-11-02 20:19:47.712500,Cycling_Active_Pedaling_Stationary_Bike
2021-11-02 20:19:53.862500,Cycling_Active_Pedaling_Stationary_Bike
2021-11-02 20:20:00.025000,Cycling_Active_Pedaling_Stationary_Bike
2021-11-02 20:20:06.175000,Cycling_Active_Pedaling_Stationary_Bike
2021-11-02 20:20:12.325000,Cycling_Active_Pedaling_Stationary_Bike
2021-11-02 20:20:18.487500,Cycling_Active_Pedaling_Stationary_Bike
2021-11-02 20:20:24.637500,Cycling_Active_Pedaling_Stationary_Bike
2021-11-02 20:20:30.787500,Cycling_Active_Pedaling_Stationary_Bike
2021-11-02 20:20:36.950000,Cycling_Active_Pedaling_Stationary_Bike
2021-11-02 20:20:43.100000,Cycling_Active_Pedaling_Stationary_Bike
2021-11-02 20:20:49.250000,Cycling_Active_Pedaling_Stationary_Bike
2021-11-02 20:20:55.400000,Cycling_Active_Pedaling_Stationary_Bike
2021-11-02 20:21:01.562500,Cycling_Active_Pedaling_Stationary_Bike
2021-11-02 20:21:07.712500,Cycling_Active_Pedaling_Stationary_Bike
2021-11-02 20:21:13.862500,Cycling_Active_Pedaling_Stationary_Bike
2021-11-02 20:21:20.025000,Cycling_Active_Pedaling_Stationary_Bike
2021-11-02 20:21:26.175000,Cycling_Active_Pedaling_Stationary_Bike
2021-11-02 20:21:32.325000,Cycling_Active_Pedaling_Stationary_Bike
2021-11-02 20:21:38.487500,Cycling_Active_Pedaling_Stationary_Bike
2021-11-02 20:21:44.637500,Cycling_Active_Pedaling_Stationary_Bike
2021-11-02 20:21:50.787500,Cycling_Active_Pedaling_Stationary_Bike
2021-11-02 20:21:56.950000,Cycling_Active_Pedaling_Stationary_Bike
2021-11-02 20:22:03.100000,Cycling_Active_Pedaling_Stationary_Bike
2021-11-02 20:22:09.250000,Cycling_Active_Pedaling_Stationary_Bike
2021-11-02 20:22:15.400000,Cycling_Active_Pedaling_Stationary_Bike
2021-11-02 20:22:21.562500,Cycling_Active_Pedaling_Stationary_Bike
2021-11-02 20:22:27.712500,Cycling_Active_Pedaling_Stationary_Bike
2021-11-02 20:22:33.862500,Cycling_Active_Pedaling_Stationary_Bike
2021-11-02 20:22:40.025000,Cycling_Active_Pedaling_Stationary_Bike
2021-11-02 20:22:46.175000,Cycling_Active_Pedaling_Stationary_Bike
2021-11-02 20:22:52.325000,Cycling_Active_Pedaling_Stationary_Bike
2021-11-02 20:22:58.487500,Cycling_Active_Pedaling_Stationary_Bike
2021-11-02 20:23:04.637500,Cycling_Active_Pedaling_Stationary_Bike
2021-11-02 20:23:10.787500,Cycling_Active_Pedaling_Stationary_Bike
2021-11-02 20:23:16.950000,Cycling_Active_Pedaling_Stationary_Bike
2021-11-02 20:23:23.100000,Cycling_Active_Pedaling_Stationary_Bike
2021-11-02 20:23:29.250000,Cycling_Active_Pedaling_Stationary_Bike
2021-11-02 20:23:35.400000,Cycling_Active_Pedaling_Stationary_Bike
2021-11-02 20:23:41.562500,Cycling_Active_Pedaling_Stationary_Bike
2021-11-02 20:23:47.712500,Cycling_Active_Pedaling_Stationary_Bike
2021-11-02 20:23:53.862500,Cycling_Active_Pedaling_Stationary_Bike
2021-11-02 20:24:00.025000,Cycling_Active_Pedaling_Stationary_Bike
2021-11-02 20:24:06.175000,Cycling_Active_Pedaling_Stationary_Bike
2021-11-02 20:24:12.325000,Cycling_Active_Pedaling_Stationary_Bike
2021-11-02 20:24:18.487500,Cycling_Active_Pedaling_Stationary_Bike
2021-11-02 20:24:24.637500,Cycling_Active_Pedaling_Stationary_Bike
2021-11-02 20:24:30.787500,Cycling_Active_Pedaling_Stationary_Bike
2021-11-02 20:24:36.950000,Cycling_Active_Pedaling_Stationary_Bike
2021-11-02 20:24:43.100000,Cycling_Active_Pedaling_Stationary_Bike
2021-11-02 20:24:49.250000,Cycling_Active_Pedaling_Stationary_Bike
2021-11-02 20:24:55.400000,Cycling_Active_Pedaling_Stationary_Bike
2021-11-02 20:25:01.562500,Cycling_Active_Pedaling_Stationary_Bike
2021-11-02 20:25:07.712500,Cycling_Active_Pedaling_Stationary_Bike
2021-11-02 20:25:13.862500,Cycling_Active_Pedaling_Stationary_Bike
2021-11-02 20:25:20.025000,Cycling_Active_Pedaling_Stationary_Bike
2021-11-02 20:25:26.175000,Cycling_Active_Pedaling_Stationary_Bike
2021-11-02 20:25:32.325000,Cycling_Active_Pedaling_Stationary_Bike
2021-11-02 20:25:38.487500,Cycling_Active_Pedaling_Stationary_Bike
2021-11-02 20:25:44.637500,Cycling_Active_Pedaling_Stationary_Bike
2021-11-02 20:25:50.787500,Cycling_Active_Pedaling_Stationary_Bike
2021-11-02 20:25:56.950000,Cycling_Active_Pedaling_Stationary_Bike
2021-11-02 20:26:03.100000,Cycling_Active_Pedaling_Stationary_Bike
2021-11-02 20:26:09.250000,Cycling_Active_Pedaling_Stationary_Bike
2021-11-02 20:26:15.400000,Cycling_Active_Pedaling_Stationary_Bike
2021-11-02 20:26:21.562500,Cycling_Active_Pedaling_Stationary_Bike
2021-11-02 20:26:27.712500,Cycling_Active_Pedaling_Stationary_Bike
2021-11-02 20:26:33.862500,Cycling_Active_Pedaling_Stationary_Bike
2021-11-02 20:26:40.025000,Cycling_Active_Pedaling_Stationary_Bike
2021-11-02 20:26:46.175000,Cycling_Active_Pedaling_Stationary_Bike
2021-11-02 20:26:52.325000,Cycling_Active_Pedaling_Stationary_Bike
2021-11-02 20:26:58.487500,Cycling_Active_Pedaling_Stationary_Bike
2021-11-02 20:27:04.637500,Cycling_Active_Pedaling_Stationary_Bike
2021-11-02 20:27:10.787500,Cycling_Active_Pedaling_Stationary_Bike
2021-11-02 20:27:16.950000,Cycling_Active_Pedaling_Stationary_Bike
2021-11-02 20:27:23.100000,Cycling_Active_Pedaling_Stationary_Bike
2021-11-02 20:27:29.250000,Cycling_Active_Pedaling_Stationary_Bike
2021-11-02 20:27:35.400000,Cycling_Active_Pedaling_Stationary_Bike
2021-11-02 20:27:41.562500,Cycling_Active_Pedaling_Stationary_Bike
2021-11-02 20:27:47.712500,Cycling_Active_Pedaling_Stationary_Bike
2021-11-02 20:27:53.862500,Cycling_Active_Pedaling_Stationary_Bike
2021-11-02 20:28:00.025000,Cycling_Active_Pedaling_Stationary_Bike
2021-11-02 20:28:06.175000,Cycling_Active_Pedaling_Stationary_Bike
2021-11-02 20:28:12.325000,Cycling_Active_Pedaling_Stationary_Bike
2021-11-02 20:28:18.487500,Cycling_Active_Pedaling_Stationary_Bike
2021-11-02 20:28:24.637500,Cycling_Active_Pedaling_Stationary_Bike
2021-11-02 20:28:30.787500,Cycling_Active_Pedaling_Stationary_Bike
2021-11-02 20:28:36.950000,Cycling_Active_Pedaling_Stationary_Bike
2021-11-02 20:28:43.100000,Cycling_Active_Pedaling_Stationary_Bike
2021-11-02 20:28:49.250000,Cycling_Active_Pedaling_Stationary_Bike
2021-11-02 20:28:55.400000,Cycling_Active_Pedaling_Stationary_Bike
2021-11-02 20:29:01.562500,Cycling_Active_Pedaling_Stationary_Bike
2021-11-02 20:29:07.712500,Cycling_Active_Pedaling_Stationary_Bike
2021-11-02 20:29:13.862500,Cycling_Active_Pedaling_Stationary_Bike
2021-11-02 20:29:20.025000,Cycling_Active_Pedaling_Stationary_Bike
2021-11-02 20:29:26.175000,Cycling_Active_Pedaling_Stationary_Bike
2021-11-02 20:29:32.325000,Cycling_Active_Pedaling_Stationary_Bike
2021-11-02 20:29:38.487500,Cycling_Active_Pedaling_Stationary_Bike
2021-11-02 20:29:44.637500,Cycling_Active_Pedaling_Stationary_Bike
2021-11-02 20:29:50.787500,Cycling_Active_Pedaling_Stationary_Bike
2021-11-02 20:29:56.950000,Cycling_Active_Pedaling_Stationary_Bike
2021-11-02 20:30:03.100000,Cycling_Active_Pedaling_Stationary_Bike
2021-11-02 20:30:09.250000,Cycling_Active_Pedaling_Stationary_Bike
2021-11-02 20:30:15.400000,Cycling_Active_Pedaling_Stationary_Bike
2021-11-02 20:30:21.562500,Cycling_Active_Pedaling_Stationary_Bike
2021-11-02 20:30:27.712500,Cycling_Active_Pedaling_Stationary_Bike
2021-11-02 20:30:33.862500,Cycling_Active_Pedaling_Stationary_Bike
2021-11-02 20:30:40.025000,Cycling_Active_Pedaling_Stationary_Bike
2021-11-02 20:30:46.175000,Cycling_Active_Pedaling_Stationary_Bike
2021-11-02 20:30:52.325000,Cycling_Active_Pedaling_Stationary_Bike
2021-11-02 20:30:58.487500,Cycling_Active_Pedaling_Stationary_Bike
2021-11-02 20:31:04.637500,Cycling_Active_Pedaling_Stationary_Bike
2021-11-02 20:31:10.787500,Cycling_Active_Pedaling_Stationary_Bike
2021-11-02 20:31:16.950000,Cycling_Active_Pedaling_Stationary_Bike
2021-11-02 20:31:23.100000,Cycling_Active_Pedaling_Stationary_Bike
2021-11-02 20:31:29.250000,Cycling_Active_Pedaling_Stationary_Bike
2021-11-02 20:31:35.400000,Cycling_Active_Pedaling_Stationary_Bike
2021-11-02 20:31:41.562500,Cycling_Active_Pedaling_Stationary_Bike
2021-11-02 20:31:47.712500,Cycling_Active_Pedaling_Stationary_Bike
2021-11-02 20:31:53.862500,Cycling_Active_Pedaling_Stationary_Bike
2021-11-02 20:32:00.025000,Cycling_Active_Pedaling_Stationary_Bike
2021-11-02 20:32:06.175000,Cycling_Active_Pedaling_Stationary_Bike
2021-11-02 20:32:12.325000,Cycling_Active_Pedaling_Stationary_Bike
2021-11-02 20:32:18.487500,Cycling_Active_Pedaling_Stationary_Bike
2021-11-02 20:32:24.637500,Cycling_Active_Pedaling_Stationary_Bike
2021-11-02 20:32:30.787500,Cycling_Active_Pedaling_Stationary_Bike
2021-11-02 20:32:36.950000,Cycling_Active_Pedaling_Stationary_Bike
2021-11-02 20:32:43.100000,Cycling_Active_Pedaling_Stationary_Bike
2021-11-02 20:32:49.250000,Cycling_Active_Pedaling_Stationary_Bike
2021-11-02 20:32:55.400000,Cycling_Active_Pedaling_Stationary_Bike
2021-11-02 20:33:01.562500,Cycling_Active_Pedaling_Stationary_Bike
2021-11-02 20:33:07.712500,Cycling_Active_Pedaling_Stationary_Bike
2021-11-02 20:33:13.862500,Cycling_Active_Pedaling_Stationary_Bike
2021-11-02 20:33:20.025000,Cycling_Active_Pedaling_Stationary_Bike
2021-11-02 20:33:26.175000,Cycling_Active_Pedaling_Stationary_Bike
2021-11-02 20:33:32.325000,Cycling_Active_Pedaling_Stationary_Bike
2021-11-02 20:33:38.487500,Cycling_Active_Pedaling_Stationary_Bike
2021-11-02 20:33:44.637500,Cycling_Active_Pedaling_Stationary_Bike
2021-11-02 20:33:50.787500,Cycling_Active_Pedaling_Stationary_Bike
2021-11-02 20:33:56.950000,Cycling_Active_Pedaling_Stationary_Bike
2021-11-02 20:34:03.100000,Cycling_Active_Pedaling_Stationary_Bike
2021-11-02 20:34:09.250000,Cycling_Active_Pedaling_Stationary_Bike
2021-11-02 20:34:15.400000,Cycling_Active_Pedaling_Stationary_Bike
2021-11-02 20:34:21.562500,Cycling_Active_Pedaling_Stationary_Bike
2021-11-02 20:34:27.712500,Cycling_Active_Pedaling_Stationary_Bike
2021-11-02 20:34:33.862500,Cycling_Active_Pedaling_Stationary_Bike
2021-11-02 20:34:40.025000,Cycling_Active_Pedaling_Stationary_Bike
2021-11-02 20:34:46.175000,Cycling_Active_Pedaling_Stationary_Bike
2021-11-02 20:34:52.325000,Cycling_Active_Pedaling_Stationary_Bike
2021-11-02 20:34:58.487500,Cycling_Active_Pedaling_Stationary_Bike
2021-11-02 20:35:04.637500,Cycling_Active_Pedaling_Stationary_Bike
2021-11-02 20:35:10.787500,Cycling_Active_Pedaling_Stationary_Bike
2021-11-02 20:35:16.950000,Cycling_Active_Pedaling_Stationary_Bike
2021-11-02 20:35:23.100000,Cycling_Active_Pedaling_Stationary_Bike
2021-11-02 20:35:29.250000,Cycling_Active_Pedaling_Stationary_Bike
2021-11-02 20:35:35.400000,Cycling_Active_Pedaling_Stationary_Bike
2021-11-02 20:35:41.562500,Cycling_Active_Pedaling_Stationary_Bike
2021-11-02 20:35:47.712500,Cycling_Active_Pedaling_Stationary_Bike
2021-11-02 20:35:53.862500,Cycling_Active_Pedaling_Stationary_Bike
2021-11-02 20:36:00.025000,Cycling_Active_Pedaling_Stationary_Bike
2021-11-02 20:36:06.175000,Cycling_Active_Pedaling_Stationary_Bike
2021-11-02 20:36:12.325000,Cycling_Active_Pedaling_Stationary_Bike
2021-11-02 20:36:18.487500,Cycling_Active_Pedaling_Stationary_Bike
2021-11-02 20:36:24.637500,Cycling_Active_Pedaling_Stationary_Bike
2021-11-02 20:36:30.787500,Cycling_Active_Pedaling_Stationary_Bike
2021-11-02 20:36:36.950000,Cycling_Active_Pedaling_Stationary_Bike
2021-11-02 20:36:43.100000,Cycling_Active_Pedaling_Stationary_Bike
2021-11-02 20:36:49.250000,Cycling_Active_Pedaling_Stationary_Bike
2021-11-02 20:36:55.400000,Cycling_Active_Pedaling_Stationary_Bike
2021-11-02 20:37:01.562500,Cycling_Active_Pedaling_Stationary_Bike
2021-11-02 20:37:07.712500,Cycling_Active_Pedaling_Stationary_Bike
2021-11-02 20:37:13.862500,Cycling_Active_Pedaling_Stationary_Bike
2021-11-02 20:37:20.025000,Cycling_Active_Pedaling_Stationary_Bike
2021-11-02 20:37:26.175000,Cycling_Active_Pedaling_Stationary_Bike
2021-11-02 20:37:32.325000,Cycling_Active_Pedaling_Stationary_Bike
2021-11-02 20:37:38.487500,Cycling_Active_Pedaling_Stationary_Bike
2021-11-02 20:37:44.637500,Cycling_Active_Pedaling_Stationary_Bike
2021-11-02 20:37:50.787500,Cycling_Active_Pedaling_Stationary_Bike
2021-11-02 20:37:56.950000,Cycling_Active_Pedaling_Stationary_Bike
2021-11-02 20:38:03.100000,Cycling_Active_Pedaling_Stationary_Bike
2021-11-02 20:38:09.250000,Cycling_Active_Pedaling_Stationary_Bike
2021-11-02 20:38:15.400000,Cycling_Active_Pedaling_Stationary_Bike
2021-11-02 20:38:21.562500,Cycling_Active_Pedaling_Stationary_Bike
2021-11-02 20:38:27.712500,Cycling_Active_Pedaling_Stationary_Bike
2021-11-02 20:38:33.862500,Cycling_Active_Pedaling_Stationary_Bike
2021-11-02 20:38:40.025000,Cycling_Active_Pedaling_Stationary_Bike
2021-11-02 20:38:46.175000,Cycling_Active_Pedaling_Stationary_Bike
2021-11-02 20:38:52.325000,Cycling_Active_Pedaling_Stationary_Bike
2021-11-02 20:38:58.487500,Cycling_Active_Pedaling_Stationary_Bike
2021-11-02 20:39:04.637500,Cycling_Active_Pedaling_Stationary_Bike
2021-11-02 20:39:10.787500,Cycling_Active_Pedaling_Stationary_Bike
2021-11-02 20:39:16.950000,Cycling_Active_Pedaling_Stationary_Bike
2021-11-02 20:39:23.100000,Cycling_Active_Pedaling_Stationary_Bike
2021-11-02 20:39:29.250000,Cycling_Active_Pedaling_Stationary_Bike
2021-11-02 20:39:35.400000,Cycling_Active_Pedaling_Stationary_Bike
2021-11-02 20:39:41.562500,Cycling_Active_Pedaling_Stationary_Bike
2021-11-02 20:39:47.712500,Cycling_Active_Pedaling_Stationary_Bike
2021-11-02 20:39:53.862500,Cycling_Active_Pedaling_Stationary_Bike
2021-11-02 20:40:00.025000,Cycling_Active_Pedaling_Stationary_Bike
2021-11-02 20:40:06.175000,Cycling_Active_Pedaling_Stationary_Bike
2021-11-02 20:40:12.325000,Cycling_Active_Pedaling_Stationary_Bike
2021-11-02 20:40:18.487500,Cycling_Active_Pedaling_Stationary_Bike
2021-11-02 20:40:24.637500,Cycling_Active_Pedaling_Stationary_Bike
2021-11-02 20:40:30.787500,Cycling_Active_Pedaling_Stationary_Bike
2021-11-02 20:40:36.950000,Cycling_Active_Pedaling_Stationary_Bike
2021-11-02 20:40:43.100000,Cycling_Active_Pedaling_Stationary_Bike
2021-11-02 20:40:49.250000,Cycling_Active_Pedaling_Stationary_Bike
2021-11-02 20:40:55.400000,Cycling_Active_Pedaling_Stationary_Bike
2021-11-02 20:41:01.562500,Cycling_Active_Pedaling_Stationary_Bike
2021-11-02 20:41:07.712500,Cycling_Active_Pedaling_Stationary_Bike
2021-11-02 20:41:13.862500,Cycling_Active_Pedaling_Stationary_Bike
2021-11-02 20:41:20.025000,Cycling_Active_Pedaling_Stationary_Bike
2021-11-02 20:41:26.175000,Cycling_Active_Pedaling_Stationary_Bike
2021-11-02 20:41:32.325000,Cycling_Active_Pedaling_Stationary_Bike
2021-11-02 20:41:38.487500,Cycling_Active_Pedaling_Stationary_Bike
2021-11-02 20:41:44.637500,Cycling_Active_Pedaling_Stationary_Bike
2021-11-02 20:41:50.787500,Cycling_Active_Pedaling_Stationary_Bike
2021-11-02 20:41:56.950000,Cycling_Active_Pedaling_Stationary_Bike
2021-11-02 20:42:03.100000,Cycling_Active_Pedaling_Stationary_Bike
2021-11-02 20:42:09.250000,Cycling_Active_Pedaling_Stationary_Bike
2021-11-02 20:42:15.400000,Cycling_Active_Pedaling_Stationary_Bike
2021-11-02 20:42:21.562500,Cycling_Active_Pedaling_Stationary_Bike
2021-11-02 20:42:27.712500,Cycling_Active_Pedaling_Stationary_Bike
2021-11-02 20:42:33.862500,Cycling_Active_Pedaling_Stationary_Bike
2021-11-02 20:42:40.025000,Cycling_Active_Pedaling_Stationary_Bike
2021-11-02 20:42:46.175000,Cycling_Active_Pedaling_Stationary_Bike
2021-11-02 20:42:52.325000,Cycling_Active_Pedaling_Stationary_Bike
2021-11-02 20:42:58.487500,Cycling_Active_Pedaling_Stationary_Bike
2021-11-02 20:43:04.637500,Cycling_Active_Pedaling_Stationary_Bike
2021-11-02 20:43:10.787500,Cycling_Active_Pedaling_Stationary_Bike
2021-11-02 20:43:16.950000,Cycling_Active_Pedaling_Stationary_Bike
2021-11-02 20:43:23.100000,Cycling_Active_Pedaling_Stationary_Bike
2021-11-02 20:43:29.250000,Cycling_Active_Pedaling_Stationary_Bike
2021-11-02 20:43:35.400000,Cycling_Active_Pedaling_Stationary_Bike
2021-11-02 20:43:41.562500,Cycling_Active_Pedaling_Stationary_Bike
2021-11-02 20:43:47.712500,Cycling_Active_Pedaling_Stationary_Bike
2021-11-02 20:43:53.862500,Cycling_Active_Pedaling_Stationary_Bike
2021-11-02 20:44:00.025000,Cycling_Active_Pedaling_Stationary_Bike
2021-11-02 20:44:06.175000,Cycling_Active_Pedaling_Stationary_Bike
2021-11-02 20:44:12.325000,Cycling_Active_Pedaling_Stationary_Bike
2021-11-02 20:44:18.487500,Cycling_Active_Pedaling_Stationary_Bike
2021-11-02 20:44:24.637500,Cycling_Active_Pedaling_Stationary_Bike
2021-11-02 20:44:30.787500,Cycling_Active_Pedaling_Stationary_Bike
2021-11-02 20:44:36.950000,Cycling_Active_Pedaling_Stationary_Bike
2021-11-02 20:44:43.100000,Cycling_Active_Pedaling_Stationary_Bike
2021-11-02 20:44:49.250000,Cycling_Active_Pedaling_Stationary_Bike
2021-11-02 20:44:55.400000,Cycling_Active_Pedaling_Stationary_Bike
2021-11-02 20:45:01.562500,Cycling_Active_Pedaling_Stationary_Bike
2021-11-02 20:45:07.712500,Cycling_Active_Pedaling_Stationary_Bike
2021-11-02 20:45:13.862500,Cycling_Active_Pedaling_Stationary_Bike
2021-11-02 20:45:20.025000,Cycling_Active_Pedaling_Stationary_Bike
2021-11-02 20:45:26.175000,Cycling_Active_Pedaling_Stationary_Bike
2021-11-02 20:45:32.325000,Cycling_Active_Pedaling_Stationary_Bike
2021-11-02 20:45:38.487500,Cycling_Active_Pedaling_Stationary_Bike
2021-11-02 20:45:44.637500,Cycling_Active_Pedaling_Stationary_Bike
2021-11-02 20:45:50.787500,Cycling_Active_Pedaling_Stationary_Bike
2021-11-02 20:45:56.950000,Cycling_Active_Pedaling_Stationary_Bike
2021-11-02 20:46:03.100000,Cycling_Active_Pedaling_Stationary_Bike
2021-11-02 20:46:09.250000,Cycling_Active_Pedaling_Stationary_Bike
2021-11-02 20:46:15.400000,Cycling_Active_Pedaling_Stationary_Bike
2021-11-02 20:46:21.562500,Cycling_Active_Pedaling_Stationary_Bike
2021-11-02 20:46:27.712500,Cycling_Active_Pedaling_Stationary_Bike
2021-11-02 20:46:33.862500,Cycling_Active_Pedaling_Stationary_Bike
2021-11-02 20:46:40.025000,Cycling_Active_Pedaling_Stationary_Bike
2021-11-02 20:46:46.175000,Cycling_Active_Pedaling_Stationary_Bike
2021-11-02 20:46:52.325000,Cycling_Active_Pedaling_Stationary_Bike
2021-11-02 20:46:58.487500,Cycling_Active_Pedaling_Stationary_Bike
2021-11-02 20:47:04.637500,Cycling_Active_Pedaling_Stationary_Bike
2021-11-02 20:47:10.787500,Cycling_Active_Pedaling_Stationary_Bike
2021-11-02 20:47:16.950000,Cycling_Active_Pedaling_Stationary_Bike
2021-11-02 20:47:23.100000,Cycling_Active_Pedaling_Stationary_Bike
2021-11-02 20:47:29.250000,Cycling_Active_Pedaling_Stationary_Bike
2021-11-02 20:47:35.400000,Cycling_Active_Pedaling_Stationary_Bike
2021-11-02 20:47:41.562500,Cycling_Active_Pedaling_Stationary_Bike
2021-11-02 20:47:47.712500,Cycling_Active_Pedaling_Stationary_Bike
2021-11-02 20:47:53.862500,Cycling_Active_Pedaling_Stationary_Bike
2021-11-02 20:48:00.025000,Cycling_Active_Pedaling_Stationary_Bike
2021-11-02 20:48:06.175000,Cycling_Active_Pedaling_Stationary_Bike
2021-11-02 20:48:12.325000,Cycling_Active_Pedaling_Stationary_Bike
2021-11-02 20:48:18.487500,Cycling_Active_Pedaling_Stationary_Bike
2021-11-02 20:48:24.637500,Cycling_Active_Pedaling_Stationary_Bike
2021-11-02 20:48:30.787500,Cycling_Active_Pedaling_Stationary_Bike
2021-11-02 20:48:36.950000,Cycling_Active_Pedaling_Stationary_Bike
2021-11-02 20:48:43.100000,Cycling_Active_Pedaling_Stationary_Bike
2021-11-02 20:48:49.250000,Cycling_Active_Pedaling_Stationary_Bike
2021-11-02 20:48:55.400000,Cycling_Active_Pedaling_Stationary_Bike
2021-11-02 20:49:01.562500,Cycling_Active_Pedaling_Stationary_Bike
2021-11-02 20:49:07.712500,Cycling_Active_Pedaling_Stationary_Bike
2021-11-02 20:49:13.862500,Cycling_Active_Pedaling_Stationary_Bike
2021-11-02 20:49:20.025000,Cycling_Active_Pedaling_Stationary_Bike
2021-11-02 20:49:26.175000,Cycling_Active_Pedaling_Stationary_Bike
2021-11-02 20:49:32.325000,Cycling_Active_Pedaling_Stationary_Bike
2021-11-02 20:49:38.487500,Cycling_Active_Pedaling_Stationary_Bike
2021-11-02 20:49:44.637500,Cycling_Active_Pedaling_Stationary_Bike
2021-11-02 20:49:50.787500,Cycling_Active_Pedaling_Stationary_Bike
2021-11-02 20:49:56.950000,Cycling_Active_Pedaling_Stationary_Bike
2021-11-02 20:50:03.100000,Cycling_Active_Pedaling_Stationary_Bike
2021-11-02 20:50:09.250000,Cycling_Active_Pedaling_Stationary_Bike
2021-11-02 20:50:15.400000,Cycling_Active_Pedaling_Stationary_Bike
2021-11-02 20:50:21.562500,Cycling_Active_Pedaling_Stationary_Bike
2021-11-02 20:50:27.712500,Cycling_Active_Pedaling_Stationary_Bike
2021-11-02 20:50:33.862500,Cycling_Active_Pedaling_Stationary_Bike
2021-11-02 20:50:40.025000,Cycling_Active_Pedaling_Stationary_Bike
2021-11-02 20:50:46.175000,Cycling_Active_Pedaling_Stationary_Bike
2021-11-02 20:50:52.325000,Cycling_Active_Pedaling_Stationary_Bike
2021-11-02 20:50:58.487500,Cycling_Active_Pedaling_Stationary_Bike
2021-11-02 20:51:04.637500,Cycling_Active_Pedaling_Stationary_Bike
2021-11-02 20:51:10.787500,Cycling_Active_Pedaling_Stationary_Bike
2021-11-02 20:51:16.950000,Cycling_Active_Pedaling_Stationary_Bike
2021-11-02 20:51:23.100000,Cycling_Active_Pedaling_Stationary_Bike
2021-11-02 20:51:29.250000,Cycling_Active_Pedaling_Stationary_Bike
2021-11-02 20:51:35.400000,Cycling_Active_Pedaling_Stationary_Bike
2021-11-02 20:51:41.562500,Cycling_Active_Pedaling_Stationary_Bike
2021-11-02 20:51:47.712500,Cycling_Active_Pedaling_Stationary_Bike
2021-11-02 20:51:53.862500,Cycling_Active_Pedaling_Stationary_Bike
2021-11-02 20:52:00.025000,Cycling_Active_Pedaling_Stationary_Bike
2021-11-02 20:52:06.175000,Cycling_Active_Pedaling_Stationary_Bike
2021-11-02 20:52:12.325000,Cycling_Active_Pedaling_Stationary_Bike
2021-11-02 20:52:18.487500,Cycling_Active_Pedaling_Stationary_Bike
2021-11-02 20:52:24.637500,Cycling_Active_Pedaling_Stationary_Bike
2021-11-02 20:52:30.787500,Cycling_Active_Pedaling_Stationary_Bike
2021-11-02 20:52:36.950000,Cycling_Active_Pedaling_Stationary_Bike
2021-11-02 20:52:43.100000,Cycling_Active_Pedaling_Stationary_Bike
2021-11-02 20:52:49.250000,Cycling_Active_Pedaling_Stationary_Bike
2021-11-02 20:52:55.400000,Cycling_Active_Pedaling_Stationary_Bike
2021-11-02 20:53:01.562500,Cycling_Active_Pedaling_Stationary_Bike
2021-11-02 20:53:07.712500,Cycling_Active_Pedaling_Stationary_Bike
2021-11-02 20:53:13.862500,Cycling_Active_Pedaling_Stationary_Bike
2021-11-02 20:53:20.025000,Cycling_Active_Pedaling_Stationary_Bike
2021-11-02 20:53:26.175000,Cycling_Active_Pedaling_Stationary_Bike
2021-11-02 20:53:32.325000,Cycling_Active_Pedaling_Stationary_Bike
2021-11-02 20:53:38.487500,Cycling_Active_Pedaling_Stationary_Bike
2021-11-02 20:53:44.637500,Cycling_Active_Pedaling_Stationary_Bike
2021-11-02 20:53:50.787500,Cycling_Active_Pedaling_Stationary_Bike
2021-11-02 20:53:56.950000,Cycling_Active_Pedaling_Stationary_Bike
2021-11-02 20:54:03.100000,Cycling_Active_Pedaling_Stationary_Bike
2021-11-02 20:54:09.250000,Cycling_Active_Pedaling_Stationary_Bike
2021-11-02 20:54:15.400000,Cycling_Active_Pedaling_Stationary_Bike
2021-11-02 20:54:21.562500,Cycling_Active_Pedaling_Stationary_Bike
2021-11-02 20:54:27.712500,Cycling_Active_Pedaling_Stationary_Bike
2021-11-02 20:54:33.862500,Cycling_Active_Pedaling_Stationary_Bike
2021-11-02 20:54:40.025000,Cycling_Active_Pedaling_Stationary_Bike
2021-11-02 20:54:46.175000,Cycling_Active_Pedaling_Stationary_Bike
2021-11-02 20:54:52.325000,Cycling_Active_Pedaling_Stationary_Bike
2021-11-02 20:54:58.487500,Cycling_Active_Pedaling_Stationary_Bike
2021-11-02 20:55:04.637500,Cycling_Active_Pedaling_Stationary_Bike
2021-11-02 20:55:10.787500,Cycling_Active_Pedaling_Stationary_Bike
2021-11-02 20:55:16.950000,Cycling_Active_Pedaling_Stationary_Bike
2021-11-02 20:55:23.100000,Cycling_Active_Pedaling_Stationary_Bike
2021-11-02 20:55:29.250000,Cycling_Active_Pedaling_Stationary_Bike
2021-11-02 20:55:35.400000,Cycling_Active_Pedaling_Stationary_Bike
2021-11-02 20:55:41.562500,Cycling_Active_Pedaling_Stationary_Bike
2021-11-02 20:55:47.712500,Cycling_Active_Pedaling_Stationary_Bike
2021-11-02 20:55:53.862500,Cycling_Active_Pedaling_Stationary_Bike
2021-11-02 20:56:00.025000,Cycling_Active_Pedaling_Stationary_Bike
2021-11-02 20:56:06.175000,Cycling_Active_Pedaling_Stationary_Bike
2021-11-02 20:56:12.325000,Cycling_Active_Pedaling_Stationary_Bike
2021-11-02 20:56:18.487500,Cycling_Active_Pedaling_Stationary_Bike
2021-11-02 20:56:24.637500,Cycling_Active_Pedaling_Stationary_Bike
2021-11-02 20:56:30.787500,Cycling_Active_Pedaling_Stationary_Bike
2021-11-02 20:56:36.950000,Cycling_Active_Pedaling_Stationary_Bike
2021-11-02 20:56:43.100000,Cycling_Active_Pedaling_Stationary_Bike
2021-11-02 20:56:49.250000,Cycling_Active_Pedaling_Stationary_Bike
2021-11-02 20:56:55.400000,Cycling_Active_Pedaling_Stationary_Bike
2021-11-02 20:57:01.562500,Cycling_Active_Pedaling_Stationary_Bike
2021-11-02 20:57:07.712500,Cycling_Active_Pedaling_Stationary_Bike
2021-11-02 20:57:13.862500,Cycling_Active_Pedaling_Stationary_Bike
2021-11-02 20:57:20.025000,Cycling_Active_Pedaling_Stationary_Bike
2021-11-02 20:57:26.175000,Cycling_Active_Pedaling_Stationary_Bike
2021-11-02 20:57:32.325000,Cycling_Active_Pedaling_Stationary_Bike
2021-11-02 20:57:38.487500,Cycling_Active_Pedaling_Stationary_Bike
2021-11-02 20:57:44.637500,Cycling_Active_Pedaling_Stationary_Bike
2021-11-02 20:57:50.787500,Cycling_Active_Pedaling_Stationary_Bike
2021-11-02 20:57:56.950000,Cycling_Active_Pedaling_Stationary_Bike
2021-11-02 20:58:03.100000,Cycling_Active_Pedaling_Stationary_Bike
2021-11-02 20:58:09.250000,Cycling_Active_Pedaling_Stationary_Bike
2021-11-02 20:58:15.400000,Cycling_Active_Pedaling_Stationary_Bike
2021-11-02 20:58:21.562500,
2021-11-02 20:58:27.712500,
2021-11-02 20:58:33.862500,Standing_With_Movement
2021-11-02 20:58:40.025000,Standing_With_Movement
2021-11-02 20:58:46.175000,Standing_With_Movement
2021-11-02 20:58:52.325000,Standing_With_Movement
2021-11-02 20:58:58.487500,Standing_With_Movement
2021-11-02 20:59:04.637500,Standing_With_Movement
2021-11-02 20:59:10.787500,Standing_With_Movement
2021-11-02 20:59:16.950000,Standing_With_Movement
2021-11-02 20:59:23.100000,Standing_With_Movement
2021-11-02 20:59:29.250000,Standing_With_Movement
2021-11-02 20:59:35.400000,Standing_With_Movement
2021-11-02 20:59:41.562500,Standing_With_Movement
2021-11-02 20:59:47.712500,Standing_With_Movement
2021-11-02 20:59:53.862500,Standing_With_Movement
2021-11-02 21:00:00.025000,Puttering_Around
2021-11-02 21:00:06.175000,Puttering_Around
2021-11-02 21:00:12.325000,Puttering_Around
2021-11-02 21:00:18.487500,Puttering_Around
2021-11-02 21:00:24.637500,Puttering_Around
2021-11-02 21:00:30.787500,Puttering_Around
2021-11-02 21:00:36.950000,Puttering_Around
2021-11-02 21:00:43.100000,Puttering_Around
2021-11-02 21:00:49.250000,Puttering_Around
2021-11-02 21:00:55.400000,Puttering_Around
2021-11-02 21:01:01.562500,Puttering_Around
2021-11-02 21:01:07.712500,Puttering_Around
2021-11-02 21:01:13.862500,Puttering_Around
2021-11-02 21:01:20.025000,Walking
2021-11-02 21:01:26.175000,Walking
2021-11-02 21:01:32.325000,Walking
2021-11-02 21:01:38.487500,Sitting_With_Movement
2021-11-02 21:01:44.637500,Sitting_With_Movement
2021-11-02 21:01:50.787500,Sitting_With_Movement
2021-11-02 21:01:56.950000,Sitting_With_Movement
2021-11-02 21:02:03.100000,Sitting_With_Movement
2021-11-02 21:02:09.250000,Sitting_With_Movement
2021-11-02 21:02:15.400000,Sitting_With_Movement
2021-11-02 21:02:21.562500,Sitting_With_Movement
2021-11-02 21:02:27.712500,Sitting_With_Movement
2021-11-02 21:02:33.862500,Sitting_With_Movement
2021-11-02 21:02:40.025000,Sitting_With_Movement
2021-11-02 21:02:46.175000,Sitting_With_Movement
2021-11-02 21:02:52.325000,Sitting_With_Movement
2021-11-02 21:02:58.487500,Sitting_With_Movement
2021-11-02 21:03:04.637500,Sitting_With_Movement
2021-11-02 21:03:10.787500,Sitting_With_Movement
2021-11-02 21:03:16.950000,Sitting_With_Movement
2021-11-02 21:03:23.100000,Sitting_With_Movement
2021-11-02 21:03:29.250000,Sitting_With_Movement
2021-11-02 21:03:35.400000,Sitting_With_Movement
2021-11-02 21:03:41.562500,Sitting_With_Movement
2021-11-02 21:03:47.712500,Sitting_With_Movement
2021-11-02 21:03:53.862500,Sitting_With_Movement
2021-11-02 21:04:00.025000,Sitting_With_Movement
2021-11-02 21:04:06.175000,Sitting_With_Movement
2021-11-02 21:04:12.325000,Sitting_With_Movement
2021-11-02 21:04:18.487500,Sitting_With_Movement
2021-11-02 21:04:24.637500,Sitting_With_Movement
2021-11-02 21:04:30.787500,Sitting_With_Movement
2021-11-02 21:04:36.950000,Sitting_With_Movement
2021-11-02 21:04:43.100000,Sitting_With_Movement
2021-11-02 21:04:49.250000,Sitting_With_Movement
2021-11-02 21:04:55.400000,Sitting_With_Movement
2021-11-02 21:05:01.562500,Sitting_With_Movement
2021-11-02 21:05:07.712500,Sitting_With_Movement
2021-11-02 21:05:13.862500,Sitting_With_Movement
2021-11-02 21:05:20.025000,Sitting_With_Movement
2021-11-02 21:05:26.175000,Sitting_With_Movement
2021-11-02 21:05:32.325000,Sitting_With_Movement
2021-11-02 21:05:38.487500,Sitting_With_Movement
2021-11-02 21:05:44.637500,Sitting_With_Movement
2021-11-02 21:05:50.787500,Sitting_With_Movement
2021-11-02 21:05:56.950000,Sitting_With_Movement
2021-11-02 21:06:03.100000,Sitting_With_Movement
2021-11-02 21:06:09.250000,Sitting_With_Movement
2021-11-02 21:06:15.400000,Sitting_With_Movement
2021-11-02 21:06:21.562500,Sitting_With_Movement
2021-11-02 21:06:27.712500,Sitting_With_Movement
2021-11-02 21:06:33.862500,Sitting_With_Movement
2021-11-02 21:06:40.025000,Sitting_With_Movement
2021-11-02 21:06:46.175000,Sitting_With_Movement
2021-11-02 21:06:52.325000,Sitting_With_Movement
2021-11-02 21:06:58.487500,Sitting_With_Movement
2021-11-02 21:07:04.637500,Sitting_With_Movement
2021-11-02 21:07:10.787500,Sitting_With_Movement
2021-11-02 21:07:16.950000,Sitting_With_Movement
2021-11-02 21:07:23.100000,Sitting_With_Movement
2021-11-02 21:07:29.250000,Sitting_With_Movement
2021-11-02 21:07:35.400000,Sitting_With_Movement
2021-11-02 21:07:41.562500,Walking
2021-11-02 21:07:47.712500,Walking
2021-11-02 21:07:53.862500,PA_Type_Video_Unavailable/Indecipherable
2021-11-02 21:08:00.025000,PA_Type_Video_Unavailable/Indecipherable
2021-11-02 21:08:06.175000,PA_Type_Video_Unavailable/Indecipherable
2021-11-02 21:08:12.325000,PA_Type_Video_Unavailable/Indecipherable
2021-11-02 21:08:18.487500,PA_Type_Video_Unavailable/Indecipherable
2021-11-02 21:08:24.637500,PA_Type_Video_Unavailable/Indecipherable
2021-11-02 21:08:30.787500,PA_Type_Video_Unavailable/Indecipherable
2021-11-02 21:08:36.950000,PA_Type_Video_Unavailable/Indecipherable
2021-11-02 21:08:43.100000,PA_Type_Video_Unavailable/Indecipherable
2021-11-02 21:08:49.250000,PA_Type_Video_Unavailable/Indecipherable
2021-11-02 21:08:55.400000,PA_Type_Video_Unavailable/Indecipherable
2021-11-02 21:09:01.562500,PA_Type_Video_Unavailable/Indecipherable
2021-11-02 21:09:07.712500,PA_Type_Video_Unavailable/Indecipherable
2021-11-02 21:09:13.862500,PA_Type_Video_Unavailable/Indecipherable
2021-11-02 21:09:20.025000,PA_Type_Video_Unavailable/Indecipherable
2021-11-02 21:09:26.175000,PA_Type_Video_Unavailable/Indecipherable
2021-11-02 21:09:32.325000,PA_Type_Video_Unavailable/Indecipherable
2021-11-02 21:09:38.487500,PA_Type_Video_Unavailable/Indecipherable
2021-11-02 21:09:44.637500,PA_Type_Video_Unavailable/Indecipherable
2021-11-02 21:09:50.787500,PA_Type_Video_Unavailable/Indecipherable
2021-11-02 21:09:56.950000,PA_Type_Video_Unavailable/Indecipherable
2021-11-02 21:10:03.100000,PA_Type_Video_Unavailable/Indecipherable
2021-11-02 21:10:09.250000,PA_Type_Video_Unavailable/Indecipherable
2021-11-02 21:10:15.400000,PA_Type_Video_Unavailable/Indecipherable
2021-11-02 21:10:21.562500,PA_Type_Video_Unavailable/Indecipherable
2021-11-02 21:10:27.712500,PA_Type_Video_Unavailable/Indecipherable
2021-11-02 21:10:33.862500,PA_Type_Video_Unavailable/Indecipherable
2021-11-02 21:10:40.025000,PA_Type_Video_Unavailable/Indecipherable
2021-11-02 21:10:46.175000,PA_Type_Video_Unavailable/Indecipherable
2021-11-02 21:10:52.325000,PA_Type_Video_Unavailable/Indecipherable
2021-11-02 21:10:58.487500,PA_Type_Video_Unavailable/Indecipherable
2021-11-02 21:11:04.637500,PA_Type_Video_Unavailable/Indecipherable
2021-11-02 21:11:10.787500,PA_Type_Video_Unavailable/Indecipherable
2021-11-02 21:11:16.950000,PA_Type_Video_Unavailable/Indecipherable
2021-11-02 21:11:23.100000,PA_Type_Video_Unavailable/Indecipherable
2021-11-02 21:11:29.250000,PA_Type_Video_Unavailable/Indecipherable
2021-11-02 21:11:35.400000,PA_Type_Video_Unavailable/Indecipherable
2021-11-02 21:11:41.562500,PA_Type_Video_Unavailable/Indecipherable
2021-11-02 21:11:47.712500,PA_Type_Video_Unavailable/Indecipherable
2021-11-02 21:11:53.862500,PA_Type_Video_Unavailable/Indecipherable
2021-11-02 21:12:00.025000,PA_Type_Video_Unavailable/Indecipherable
2021-11-02 21:12:06.175000,PA_Type_Video_Unavailable/Indecipherable
2021-11-02 21:12:12.325000,PA_Type_Video_Unavailable/Indecipherable
2021-11-02 21:12:18.487500,PA_Type_Video_Unavailable/Indecipherable
2021-11-02 21:12:24.637500,PA_Type_Video_Unavailable/Indecipherable
2021-11-02 21:12:30.787500,PA_Type_Video_Unavailable/Indecipherable
2021-11-02 21:12:36.950000,PA_Type_Video_Unavailable/Indecipherable
2021-11-02 21:12:43.100000,PA_Type_Video_Unavailable/Indecipherable
2021-11-02 21:12:49.250000,PA_Type_Video_Unavailable/Indecipherable
2021-11-02 21:12:55.400000,PA_Type_Video_Unavailable/Indecipherable
2021-11-02 21:13:01.562500,PA_Type_Video_Unavailable/Indecipherable
2021-11-02 21:13:07.712500,PA_Type_Video_Unavailable/Indecipherable
2021-11-02 21:13:13.862500,PA_Type_Video_Unavailable/Indecipherable
2021-11-02 21:13:20.025000,PA_Type_Video_Unavailable/Indecipherable
2021-11-02 21:13:26.175000,PA_Type_Video_Unavailable/Indecipherable
2021-11-02 21:13:32.325000,PA_Type_Video_Unavailable/Indecipherable
2021-11-02 21:13:38.487500,PA_Type_Video_Unavailable/Indecipherable
2021-11-02 21:13:44.637500,PA_Type_Video_Unavailable/Indecipherable
2021-11-02 21:13:50.787500,PA_Type_Video_Unavailable/Indecipherable
2021-11-02 21:13:56.950000,PA_Type_Video_Unavailable/Indecipherable
2021-11-02 21:14:03.100000,PA_Type_Video_Unavailable/Indecipherable
2021-11-02 21:14:09.250000,PA_Type_Video_Unavailable/Indecipherable
2021-11-02 21:14:15.400000,PA_Type_Video_Unavailable/Indecipherable
2021-11-02 21:14:21.562500,PA_Type_Video_Unavailable/Indecipherable
2021-11-02 21:14:27.712500,PA_Type_Video_Unavailable/Indecipherable
2021-11-02 21:14:33.862500,PA_Type_Video_Unavailable/Indecipherable
2021-11-02 21:14:40.025000,PA_Type_Video_Unavailable/Indecipherable
2021-11-02 21:14:46.175000,PA_Type_Video_Unavailable/Indecipherable
2021-11-02 21:14:52.325000,PA_Type_Video_Unavailable/Indecipherable
2021-11-02 21:14:58.487500,PA_Type_Video_Unavailable/Indecipherable
2021-11-02 21:15:04.637500,PA_Type_Video_Unavailable/Indecipherable
2021-11-02 21:15:10.787500,PA_Type_Video_Unavailable/Indecipherable
2021-11-02 21:15:16.950000,PA_Type_Video_Unavailable/Indecipherable
2021-11-02 21:15:23.100000,PA_Type_Video_Unavailable/Indecipherable
2021-11-02 21:15:29.250000,PA_Type_Video_Unavailable/Indecipherable
2021-11-02 21:15:35.400000,PA_Type_Video_Unavailable/Indecipherable
2021-11-02 21:15:41.562500,PA_Type_Video_Unavailable/Indecipherable
2021-11-02 21:15:47.712500,PA_Type_Video_Unavailable/Indecipherable
2021-11-02 21:15:53.862500,PA_Type_Video_Unavailable/Indecipherable
2021-11-02 21:16:00.025000,PA_Type_Video_Unavailable/Indecipherable
2021-11-02 21:16:06.175000,PA_Type_Video_Unavailable/Indecipherable
2021-11-02 21:16:12.325000,PA_Type_Video_Unavailable/Indecipherable
2021-11-02 21:16:18.487500,PA_Type_Video_Unavailable/Indecipherable
2021-11-02 21:16:24.637500,PA_Type_Video_Unavailable/Indecipherable
2021-11-02 21:16:30.787500,PA_Type_Video_Unavailable/Indecipherable
2021-11-02 21:16:36.950000,PA_Type_Video_Unavailable/Indecipherable
2021-11-02 21:16:43.100000,PA_Type_Video_Unavailable/Indecipherable
2021-11-02 21:16:49.250000,PA_Type_Video_Unavailable/Indecipherable
2021-11-02 21:16:55.400000,PA_Type_Video_Unavailable/Indecipherable
2021-11-02 21:17:01.562500,PA_Type_Video_Unavailable/Indecipherable
2021-11-02 21:17:07.712500,PA_Type_Video_Unavailable/Indecipherable
2021-11-02 21:17:13.862500,PA_Type_Video_Unavailable/Indecipherable
2021-11-02 21:17:20.025000,PA_Type_Video_Unavailable/Indecipherable
2021-11-02 21:17:26.175000,PA_Type_Video_Unavailable/Indecipherable
2021-11-02 21:17:32.325000,PA_Type_Video_Unavailable/Indecipherable
2021-11-02 21:17:38.487500,PA_Type_Video_Unavailable/Indecipherable
2021-11-02 21:17:44.637500,PA_Type_Video_Unavailable/Indecipherable
2021-11-02 21:17:50.787500,PA_Type_Video_Unavailable/Indecipherable
2021-11-02 21:17:56.950000,PA_Type_Video_Unavailable/Indecipherable
2021-11-02 21:18:03.100000,PA_Type_Video_Unavailable/Indecipherable
2021-11-02 21:18:09.250000,PA_Type_Video_Unavailable/Indecipherable
2021-11-02 21:18:15.400000,PA_Type_Video_Unavailable/Indecipherable
2021-11-02 21:18:21.562500,PA_Type_Video_Unavailable/Indecipherable
2021-11-02 21:18:27.712500,PA_Type_Video_Unavailable/Indecipherable
2021-11-02 21:18:33.862500,PA_Type_Video_Unavailable/Indecipherable
2021-11-02 21:18:40.025000,PA_Type_Video_Unavailable/Indecipherable
2021-11-02 21:18:46.175000,PA_Type_Video_Unavailable/Indecipherable
2021-11-02 21:18:52.325000,PA_Type_Video_Unavailable/Indecipherable
2021-11-02 21:18:58.487500,PA_Type_Video_Unavailable/Indecipherable
2021-11-02 21:19:04.637500,PA_Type_Video_Unavailable/Indecipherable
2021-11-02 21:19:10.787500,PA_Type_Video_Unavailable/Indecipherable
2021-11-02 21:19:16.950000,PA_Type_Video_Unavailable/Indecipherable
2021-11-02 21:19:23.100000,PA_Type_Video_Unavailable/Indecipherable
2021-11-02 21:19:29.250000,PA_Type_Video_Unavailable/Indecipherable
2021-11-02 21:19:35.400000,PA_Type_Video_Unavailable/Indecipherable
2021-11-02 21:19:41.562500,PA_Type_Video_Unavailable/Indecipherable
2021-11-02 21:19:47.712500,PA_Type_Video_Unavailable/Indecipherable
2021-11-02 21:19:53.862500,PA_Type_Video_Unavailable/Indecipherable
2021-11-02 21:20:00.025000,PA_Type_Video_Unavailable/Indecipherable
2021-11-02 21:20:06.175000,PA_Type_Video_Unavailable/Indecipherable
2021-11-02 21:20:12.325000,PA_Type_Video_Unavailable/Indecipherable
2021-11-02 21:20:18.487500,PA_Type_Video_Unavailable/Indecipherable
2021-11-02 21:20:24.637500,PA_Type_Video_Unavailable/Indecipherable
2021-11-02 21:20:30.787500,PA_Type_Video_Unavailable/Indecipherable
2021-11-02 21:20:36.950000,PA_Type_Video_Unavailable/Indecipherable
2021-11-02 21:20:43.100000,PA_Type_Video_Unavailable/Indecipherable
2021-11-02 21:20:49.250000,PA_Type_Video_Unavailable/Indecipherable
2021-11-02 21:20:55.400000,PA_Type_Video_Unavailable/Indecipherable
2021-11-02 21:21:01.562500,PA_Type_Video_Unavailable/Indecipherable
2021-11-02 21:21:07.712500,PA_Type_Video_Unavailable/Indecipherable
2021-11-02 21:21:13.862500,PA_Type_Video_Unavailable/Indecipherable
2021-11-02 21:21:20.025000,PA_Type_Video_Unavailable/Indecipherable
2021-11-02 21:21:26.175000,PA_Type_Video_Unavailable/Indecipherable
2021-11-02 21:21:32.325000,PA_Type_Video_Unavailable/Indecipherable
2021-11-02 21:21:38.487500,PA_Type_Video_Unavailable/Indecipherable
2021-11-02 21:21:44.637500,PA_Type_Video_Unavailable/Indecipherable
2021-11-02 21:21:50.787500,PA_Type_Video_Unavailable/Indecipherable
2021-11-02 21:21:56.950000,PA_Type_Video_Unavailable/Indecipherable
2021-11-02 21:22:03.100000,PA_Type_Video_Unavailable/Indecipherable
2021-11-02 21:22:09.250000,PA_Type_Video_Unavailable/Indecipherable
2021-11-02 21:22:15.400000,PA_Type_Video_Unavailable/Indecipherable
2021-11-02 21:22:21.562500,PA_Type_Video_Unavailable/Indecipherable
2021-11-02 21:22:27.712500,PA_Type_Video_Unavailable/Indecipherable
2021-11-02 21:22:33.862500,PA_Type_Video_Unavailable/Indecipherable
2021-11-02 21:22:40.025000,PA_Type_Video_Unavailable/Indecipherable
2021-11-02 21:22:46.175000,PA_Type_Video_Unavailable/Indecipherable
2021-11-02 21:22:52.325000,PA_Type_Video_Unavailable/Indecipherable
2021-11-02 21:22:58.487500,PA_Type_Video_Unavailable/Indecipherable
2021-11-02 21:23:04.637500,PA_Type_Video_Unavailable/Indecipherable
2021-11-02 21:23:10.787500,PA_Type_Video_Unavailable/Indecipherable
2021-11-02 21:23:16.950000,PA_Type_Video_Unavailable/Indecipherable
2021-11-02 21:23:23.100000,PA_Type_Video_Unavailable/Indecipherable
2021-11-02 21:23:29.250000,PA_Type_Video_Unavailable/Indecipherable
2021-11-02 21:23:35.412500,PA_Type_Video_Unavailable/Indecipherable
2021-11-02 21:23:41.562500,PA_Type_Video_Unavailable/Indecipherable
2021-11-02 21:23:47.712500,PA_Type_Video_Unavailable/Indecipherable
2021-11-02 21:23:53.862500,PA_Type_Video_Unavailable/Indecipherable
2021-11-02 21:24:00.025000,PA_Type_Video_Unavailable/Indecipherable
2021-11-02 21:24:06.175000,PA_Type_Video_Unavailable/Indecipherable
2021-11-02 21:24:12.325000,PA_Type_Video_Unavailable/Indecipherable
2021-11-02 21:24:18.487500,PA_Type_Video_Unavailable/Indecipherable
2021-11-02 21:24:24.637500,PA_Type_Video_Unavailable/Indecipherable
2021-11-02 21:24:30.787500,PA_Type_Video_Unavailable/Indecipherable
2021-11-02 21:24:36.950000,PA_Type_Video_Unavailable/Indecipherable
2021-11-02 21:24:43.100000,PA_Type_Video_Unavailable/Indecipherable
2021-11-02 21:24:49.250000,PA_Type_Video_Unavailable/Indecipherable
2021-11-02 21:24:55.412500,PA_Type_Video_Unavailable/Indecipherable
2021-11-02 21:25:01.562500,PA_Type_Video_Unavailable/Indecipherable
2021-11-02 21:25:07.712500,PA_Type_Video_Unavailable/Indecipherable
2021-11-02 21:25:13.862500,PA_Type_Video_Unavailable/Indecipherable
2021-11-02 21:25:20.025000,PA_Type_Video_Unavailable/Indecipherable
2021-11-02 21:25:26.175000,PA_Type_Video_Unavailable/Indecipherable
2021-11-02 21:25:32.325000,PA_Type_Video_Unavailable/Indecipherable
2021-11-02 21:25:38.487500,PA_Type_Video_Unavailable/Indecipherable
2021-11-02 21:25:44.637500,PA_Type_Video_Unavailable/Indecipherable
2021-11-02 21:25:50.787500,PA_Type_Video_Unavailable/Indecipherable
2021-11-02 21:25:56.950000,PA_Type_Video_Unavailable/Indecipherable
2021-11-02 21:26:03.100000,PA_Type_Video_Unavailable/Indecipherable
2021-11-02 21:26:09.250000,PA_Type_Video_Unavailable/Indecipherable
2021-11-02 21:26:15.412500,PA_Type_Video_Unavailable/Indecipherable
2021-11-02 21:26:21.562500,PA_Type_Video_Unavailable/Indecipherable
2021-11-02 21:26:27.712500,PA_Type_Video_Unavailable/Indecipherable
2021-11-02 21:26:33.862500,PA_Type_Video_Unavailable/Indecipherable
2021-11-02 21:26:40.025000,PA_Type_Video_Unavailable/Indecipherable
2021-11-02 21:26:46.175000,PA_Type_Video_Unavailable/Indecipherable
2021-11-02 21:26:52.325000,PA_Type_Video_Unavailable/Indecipherable
2021-11-02 21:26:58.487500,PA_Type_Video_Unavailable/Indecipherable
2021-11-02 21:27:04.637500,PA_Type_Video_Unavailable/Indecipherable
2021-11-02 21:27:10.787500,PA_Type_Video_Unavailable/Indecipherable
2021-11-02 21:27:16.950000,PA_Type_Video_Unavailable/Indecipherable
2021-11-02 21:27:23.100000,PA_Type_Video_Unavailable/Indecipherable
2021-11-02 21:27:29.250000,PA_Type_Video_Unavailable/Indecipherable
2021-11-02 21:27:35.412500,PA_Type_Video_Unavailable/Indecipherable
2021-11-02 21:27:41.562500,PA_Type_Video_Unavailable/Indecipherable
2021-11-02 21:27:47.712500,PA_Type_Video_Unavailable/Indecipherable
2021-11-02 21:27:53.862500,PA_Type_Video_Unavailable/Indecipherable
2021-11-02 21:28:00.025000,PA_Type_Video_Unavailable/Indecipherable
2021-11-02 21:28:06.175000,PA_Type_Video_Unavailable/Indecipherable
2021-11-02 21:28:12.325000,PA_Type_Video_Unavailable/Indecipherable
2021-11-02 21:28:18.487500,PA_Type_Video_Unavailable/Indecipherable
2021-11-02 21:28:24.637500,PA_Type_Video_Unavailable/Indecipherable
2021-11-02 21:28:30.787500,PA_Type_Video_Unavailable/Indecipherable
2021-11-02 21:28:36.950000,PA_Type_Video_Unavailable/Indecipherable
2021-11-02 21:28:43.100000,PA_Type_Video_Unavailable/Indecipherable
2021-11-02 21:28:49.250000,Walking
2021-11-02 21:28:55.412500,Walking
2021-11-02 21:29:01.562500,Walking
2021-11-02 21:29:07.712500,Standing_With_Movement
2021-11-02 21:29:13.862500,Standing_With_Movement
2021-11-02 21:29:20.025000,Standing_With_Movement
2021-11-02 21:29:26.175000,Standing_With_Movement
2021-11-02 21:29:32.325000,Standing_With_Movement
2021-11-02 21:29:38.487500,Standing_With_Movement
2021-11-02 21:29:44.637500,Standing_With_Movement
2021-11-02 21:29:50.787500,Standing_With_Movement
2021-11-02 21:29:56.950000,Standing_With_Movement
2021-11-02 21:30:03.100000,Standing_With_Movement
2021-11-02 21:30:09.250000,Standing_With_Movement
2021-11-02 21:30:15.412500,Standing_With_Movement
2021-11-02 21:30:21.562500,Standing_With_Movement
2021-11-02 21:30:27.712500,Standing_With_Movement
2021-11-02 21:30:33.862500,Standing_With_Movement
2021-11-02 21:30:40.025000,Standing_With_Movement
2021-11-02 21:30:46.175000,Standing_With_Movement
2021-11-02 21:30:52.325000,Standing_With_Movement
2021-11-02 21:30:58.487500,Standing_With_Movement
2021-11-02 21:31:04.637500,Standing_With_Movement
2021-11-02 21:31:10.787500,Standing_With_Movement
2021-11-02 21:31:16.950000,Standing_With_Movement
2021-11-02 21:31:23.100000,Standing_With_Movement
2021-11-02 21:31:29.250000,Standing_With_Movement
2021-11-02 21:31:35.412500,Standing_With_Movement
2021-11-02 21:31:41.562500,Standing_With_Movement
2021-11-02 21:31:47.712500,Standing_With_Movement
2021-11-02 21:31:53.862500,Standing_With_Movement
2021-11-02 21:32:00.025000,Puttering_Around
2021-11-02 21:32:06.175000,Puttering_Around
2021-11-02 21:32:12.325000,Puttering_Around
2021-11-02 21:32:18.487500,Puttering_Around
2021-11-02 21:32:24.637500,Puttering_Around
2021-11-02 21:32:30.787500,Puttering_Around
2021-11-02 21:32:36.950000,Puttering_Around
2021-11-02 21:32:43.100000,Puttering_Around
2021-11-02 21:32:49.250000,Puttering_Around
2021-11-02 21:32:55.412500,Puttering_Around
2021-11-02 21:33:01.562500,Puttering_Around
2021-11-02 21:33:07.712500,Puttering_Around
2021-11-02 21:33:13.862500,Puttering_Around
2021-11-02 21:33:20.025000,Puttering_Around
2021-11-02 21:33:26.175000,Standing_With_Movement
2021-11-02 21:33:32.325000,Standing_With_Movement
2021-11-02 21:33:38.487500,Standing_With_Movement
2021-11-02 21:33:44.637500,Standing_With_Movement
2021-11-02 21:33:50.787500,Puttering_Around
2021-11-02 21:33:56.950000,Puttering_Around
2021-11-02 21:34:03.100000,Puttering_Around
2021-11-02 21:34:09.250000,Puttering_Around
2021-11-02 21:34:15.412500,Puttering_Around
2021-11-02 21:34:21.562500,Puttering_Around
2021-11-02 21:34:27.712500,Puttering_Around
2021-11-02 21:34:33.862500,Walking
2021-11-02 21:34:40.025000,Walking
2021-11-02 21:34:46.175000,PA_Type_Other
2021-11-02 21:34:52.325000,Walking
2021-11-02 21:34:58.487500,Walking
2021-11-02 21:35:04.637500,Walking
2021-11-02 21:35:10.787500,Walking
2021-11-02 21:35:16.950000,Walking
2021-11-02 21:35:23.100000,Walking
2021-11-02 21:35:29.250000,Walking
2021-11-02 21:35:35.412500,Walking
2021-11-02 21:35:41.562500,Sitting_With_Movement
2021-11-02 21:35:47.712500,Sitting_With_Movement
2021-11-02 21:35:53.862500,Sitting_With_Movement
2021-11-02 21:36:00.025000,Sitting_With_Movement
2021-11-02 21:36:06.175000,Sitting_With_Movement
2021-11-02 21:36:12.325000,Sitting_With_Movement
2021-11-02 21:36:18.487500,Sitting_With_Movement
2021-11-02 21:36:24.637500,Sitting_With_Movement
2021-11-02 21:36:30.787500,Sitting_With_Movement
2021-11-02 21:36:36.950000,Sitting_With_Movement
2021-11-02 21:36:43.100000,Sitting_With_Movement
2021-11-02 21:36:49.250000,Sitting_With_Movement
2021-11-02 21:36:55.412500,Sitting_With_Movement
2021-11-02 21:37:01.562500,Sitting_With_Movement
2021-11-02 21:37:07.712500,Sitting_With_Movement
2021-11-02 21:37:13.862500,Sitting_With_Movement
2021-11-02 21:37:20.025000,Sitting_With_Movement
2021-11-02 21:37:26.175000,Sitting_With_Movement
2021-11-02 21:37:32.325000,Sitting_With_Movement
2021-11-02 21:37:38.487500,Sitting_With_Movement
2021-11-02 21:37:44.637500,Sitting_With_Movement
2021-11-02 21:37:50.787500,Sitting_With_Movement
2021-11-02 21:37:56.950000,Sitting_With_Movement
2021-11-02 21:38:03.100000,Sitting_With_Movement
2021-11-02 21:38:09.250000,Sitting_With_Movement
2021-11-02 21:38:15.412500,Sitting_With_Movement
2021-11-02 21:38:21.562500,Sitting_With_Movement
2021-11-02 21:38:27.712500,Sitting_With_Movement
2021-11-02 21:38:33.862500,Sitting_With_Movement
2021-11-02 21:38:40.025000,Sitting_With_Movement
2021-11-02 21:38:46.175000,Sitting_With_Movement
2021-11-02 21:38:52.325000,Sitting_With_Movement
2021-11-02 21:38:58.487500,Sitting_With_Movement
2021-11-02 21:39:04.637500,Sitting_With_Movement
2021-11-02 21:39:10.787500,Sitting_With_Movement
2021-11-02 21:39:16.950000,Sitting_With_Movement
2021-11-02 21:39:23.100000,Sitting_With_Movement
2021-11-02 21:39:29.250000,Sitting_With_Movement
2021-11-02 21:39:35.412500,Sitting_With_Movement
2021-11-02 21:39:41.562500,Sitting_With_Movement
2021-11-02 21:39:47.712500,Sitting_With_Movement
2021-11-02 21:39:53.862500,Sitting_With_Movement
2021-11-02 21:40:00.025000,Sitting_With_Movement
2021-11-02 21:40:06.175000,Sitting_With_Movement
2021-11-02 21:40:12.325000,Sitting_With_Movement
2021-11-02 21:40:18.487500,Sitting_With_Movement
2021-11-02 21:40:24.637500,Sitting_With_Movement
2021-11-02 21:40:30.787500,Sitting_With_Movement
2021-11-02 21:40:36.950000,Sitting_With_Movement
2021-11-02 21:40:43.100000,Sitting_With_Movement
2021-11-02 21:40:49.250000,Sitting_With_Movement
2021-11-02 21:40:55.412500,Sitting_With_Movement
2021-11-02 21:41:01.562500,Sitting_With_Movement
2021-11-02 21:41:07.712500,Sitting_With_Movement
2021-11-02 21:41:13.862500,Sitting_With_Movement
2021-11-02 21:41:20.025000,Sitting_With_Movement
2021-11-02 21:41:26.175000,Sitting_With_Movement
2021-11-02 21:41:32.325000,Sitting_With_Movement
2021-11-02 21:41:38.487500,Sitting_With_Movement
2021-11-02 21:41:44.637500,Sitting_With_Movement
2021-11-02 21:41:50.787500,Sitting_With_Movement
2021-11-02 21:41:56.950000,Sitting_With_Movement
2021-11-02 21:42:03.100000,Sitting_With_Movement
2021-11-02 21:42:09.250000,Sitting_With_Movement
2021-11-02 21:42:15.412500,Sitting_With_Movement
2021-11-02 21:42:21.562500,Sitting_With_Movement
2021-11-02 21:42:27.712500,Sitting_With_Movement
2021-11-02 21:42:33.862500,Sitting_With_Movement
2021-11-02 21:42:40.025000,Sitting_With_Movement
2021-11-02 21:42:46.175000,Sitting_With_Movement
2021-11-02 21:42:52.325000,Sitting_With_Movement
2021-11-02 21:42:58.487500,Sitting_With_Movement
2021-11-02 21:43:04.637500,Sitting_With_Movement
2021-11-02 21:43:10.787500,Sitting_With_Movement
2021-11-02 21:43:16.950000,Sitting_With_Movement
2021-11-02 21:43:23.100000,Sitting_With_Movement
2021-11-02 21:43:29.250000,Sitting_With_Movement
2021-11-02 21:43:35.412500,Sitting_With_Movement
2021-11-02 21:43:41.562500,Sitting_With_Movement
2021-11-02 21:43:47.712500,Sitting_With_Movement
2021-11-02 21:43:53.862500,Sitting_With_Movement
2021-11-02 21:44:00.025000,Sitting_With_Movement
2021-11-02 21:44:06.175000,Sitting_With_Movement
2021-11-02 21:44:12.325000,Sitting_With_Movement
2021-11-02 21:44:18.487500,Sitting_With_Movement
2021-11-02 21:44:24.637500,Sitting_With_Movement
2021-11-02 21:44:30.787500,Sitting_With_Movement
2021-11-02 21:44:36.950000,Sitting_With_Movement
2021-11-02 21:44:43.100000,Sitting_With_Movement
2021-11-02 21:44:49.250000,Sitting_With_Movement
2021-11-02 21:44:55.412500,Sitting_With_Movement
2021-11-02 21:45:01.562500,Sitting_With_Movement
2021-11-02 21:45:07.712500,Sitting_With_Movement
2021-11-02 21:45:13.862500,Sitting_With_Movement
2021-11-02 21:45:20.025000,Sitting_With_Movement
2021-11-02 21:45:26.175000,Sitting_With_Movement
2021-11-02 21:45:32.325000,Sitting_With_Movement
2021-11-02 21:45:38.487500,Sitting_With_Movement
2021-11-02 21:45:44.637500,Sitting_With_Movement
2021-11-02 21:45:50.787500,Sitting_With_Movement
2021-11-02 21:45:56.950000,Sitting_With_Movement
2021-11-02 21:46:03.100000,Sitting_With_Movement
2021-11-02 21:46:09.250000,Sitting_With_Movement
2021-11-02 21:46:15.412500,Sitting_With_Movement
2021-11-02 21:46:21.562500,Sitting_With_Movement
2021-11-02 21:46:27.712500,Sitting_With_Movement
2021-11-02 21:46:33.862500,Sitting_With_Movement
2021-11-02 21:46:40.025000,Sitting_With_Movement
2021-11-02 21:46:46.175000,Sitting_With_Movement
2021-11-02 21:46:52.325000,Sitting_With_Movement
2021-11-02 21:46:58.487500,Sitting_With_Movement
2021-11-02 21:47:04.637500,Sitting_With_Movement
2021-11-02 21:47:10.787500,Sitting_With_Movement
2021-11-02 21:47:16.950000,Sitting_With_Movement
2021-11-02 21:47:23.100000,Sitting_With_Movement
2021-11-02 21:47:29.250000,Sitting_With_Movement
2021-11-02 21:47:35.412500,Sitting_With_Movement
2021-11-02 21:47:41.562500,Sitting_With_Movement
2021-11-02 21:47:47.712500,Sitting_With_Movement
2021-11-02 21:47:53.862500,Sitting_With_Movement
2021-11-02 21:48:00.025000,Sitting_With_Movement
2021-11-02 21:48:06.175000,Sitting_With_Movement
2021-11-02 21:48:12.325000,Sitting_With_Movement
2021-11-02 21:48:18.487500,Sitting_With_Movement
2021-11-02 21:48:24.637500,Sitting_With_Movement
2021-11-02 21:48:30.787500,Sitting_With_Movement
2021-11-02 21:48:36.950000,Sitting_With_Movement
2021-11-02 21:48:43.100000,Sitting_With_Movement
2021-11-02 21:48:49.250000,Sitting_With_Movement
2021-11-02 21:48:55.412500,Sitting_With_Movement
2021-11-02 21:49:01.562500,Sitting_With_Movement
2021-11-02 21:49:07.712500,Sitting_With_Movement
2021-11-02 21:49:13.862500,Sitting_With_Movement
2021-11-02 21:49:20.025000,Sitting_With_Movement
2021-11-02 21:49:26.175000,Sitting_With_Movement
2021-11-02 21:49:32.325000,Sitting_With_Movement
2021-11-02 21:49:38.487500,Sitting_With_Movement
2021-11-02 21:49:44.637500,Sitting_With_Movement
2021-11-02 21:49:50.787500,Sitting_With_Movement
2021-11-02 21:49:56.950000,Sitting_With_Movement
2021-11-02 21:50:03.100000,Sitting_With_Movement
2021-11-02 21:50:09.250000,Sitting_With_Movement
2021-11-02 21:50:15.412500,Sitting_With_Movement
2021-11-02 21:50:21.562500,Sitting_With_Movement
2021-11-02 21:50:27.712500,Sitting_With_Movement
2021-11-02 21:50:33.862500,Sitting_With_Movement
2021-11-02 21:50:40.025000,Sitting_With_Movement
2021-11-02 21:50:46.175000,Sitting_With_Movement
2021-11-02 21:50:52.325000,Sitting_With_Movement
2021-11-02 21:50:58.487500,Sitting_With_Movement
2021-11-02 21:51:04.637500,Sitting_With_Movement
2021-11-02 21:51:10.787500,Sitting_With_Movement
2021-11-02 21:51:16.950000,Sitting_With_Movement
2021-11-02 21:51:23.100000,Sitting_With_Movement
2021-11-02 21:51:29.250000,Sitting_With_Movement
2021-11-02 21:51:35.412500,Sitting_With_Movement
2021-11-02 21:51:41.562500,Sitting_With_Movement
2021-11-02 21:51:47.712500,Sitting_With_Movement
2021-11-02 21:51:53.862500,Sitting_With_Movement
2021-11-02 21:52:00.025000,Sitting_With_Movement
2021-11-02 21:52:06.175000,Sitting_With_Movement
2021-11-02 21:52:12.325000,Sitting_With_Movement
2021-11-02 21:52:18.487500,Sitting_With_Movement
2021-11-02 21:52:24.637500,Sitting_With_Movement
2021-11-02 21:52:30.787500,Sitting_With_Movement
2021-11-02 21:52:36.950000,Sitting_With_Movement
2021-11-02 21:52:43.100000,Sitting_With_Movement
2021-11-02 21:52:49.250000,Sitting_With_Movement
2021-11-02 21:52:55.412500,Sitting_With_Movement
2021-11-02 21:53:01.562500,Sitting_With_Movement
2021-11-02 21:53:07.712500,Sitting_With_Movement
2021-11-02 21:53:13.862500,Sitting_With_Movement
2021-11-02 21:53:20.025000,Sitting_With_Movement
2021-11-02 21:53:26.175000,Sitting_With_Movement
2021-11-02 21:53:32.325000,Sitting_With_Movement
2021-11-02 21:53:38.487500,Sitting_With_Movement
2021-11-02 21:53:44.637500,Sitting_With_Movement
2021-11-02 21:53:50.787500,Sitting_With_Movement
2021-11-02 21:53:56.950000,Sitting_With_Movement
2021-11-02 21:54:03.100000,Sitting_With_Movement
2021-11-02 21:54:09.250000,Sitting_With_Movement
2021-11-02 21:54:15.412500,PA_Type_Video_Unavailable/Indecipherable
2021-11-02 21:54:21.562500,PA_Type_Video_Unavailable/Indecipherable
2021-11-02 21:54:27.712500,PA_Type_Video_Unavailable/Indecipherable
2021-11-02 21:54:33.862500,PA_Type_Video_Unavailable/Indecipherable
2021-11-02 21:54:40.025000,PA_Type_Video_Unavailable/Indecipherable
2021-11-02 21:54:46.175000,PA_Type_Video_Unavailable/Indecipherable
2021-11-02 21:54:52.325000,PA_Type_Video_Unavailable/Indecipherable
2021-11-02 21:54:58.487500,PA_Type_Video_Unavailable/Indecipherable
2021-11-02 21:55:04.637500,PA_Type_Video_Unavailable/Indecipherable
2021-11-02 21:55:10.787500,PA_Type_Video_Unavailable/Indecipherable
2021-11-02 21:55:16.950000,PA_Type_Video_Unavailable/Indecipherable
2021-11-02 21:55:23.100000,PA_Type_Video_Unavailable/Indecipherable
2021-11-02 21:55:29.250000,PA_Type_Video_Unavailable/Indecipherable
2021-11-02 21:55:35.412500,PA_Type_Video_Unavailable/Indecipherable
2021-11-02 21:55:41.562500,PA_Type_Video_Unavailable/Indecipherable
2021-11-02 21:55:47.712500,PA_Type_Video_Unavailable/Indecipherable
2021-11-02 21:55:53.862500,PA_Type_Video_Unavailable/Indecipherable
2021-11-02 21:56:00.025000,PA_Type_Video_Unavailable/Indecipherable
2021-11-02 21:56:06.175000,PA_Type_Video_Unavailable/Indecipherable
2021-11-02 21:56:12.325000,PA_Type_Video_Unavailable/Indecipherable
2021-11-02 21:56:18.487500,PA_Type_Video_Unavailable/Indecipherable
2021-11-02 21:56:24.637500,PA_Type_Video_Unavailable/Indecipherable
2021-11-02 21:56:30.787500,PA_Type_Video_Unavailable/Indecipherable
2021-11-02 21:56:36.950000,PA_Type_Video_Unavailable/Indecipherable
2021-11-02 21:56:43.100000,PA_Type_Video_Unavailable/Indecipherable
2021-11-02 21:56:49.250000,PA_Type_Video_Unavailable/Indecipherable
2021-11-02 21:56:55.412500,PA_Type_Video_Unavailable/Indecipherable
2021-11-02 21:57:01.562500,PA_Type_Video_Unavailable/Indecipherable
2021-11-02 21:57:07.712500,PA_Type_Video_Unavailable/Indecipherable
2021-11-02 21:57:13.862500,PA_Type_Video_Unavailable/Indecipherable
2021-11-02 21:57:20.025000,PA_Type_Video_Unavailable/Indecipherable
2021-11-02 21:57:26.175000,PA_Type_Video_Unavailable/Indecipherable
2021-11-02 21:57:32.325000,PA_Type_Video_Unavailable/Indecipherable
2021-11-02 21:57:38.487500,PA_Type_Video_Unavailable/Indecipherable
2021-11-02 21:57:44.637500,PA_Type_Video_Unavailable/Indecipherable
2021-11-02 21:57:50.787500,PA_Type_Video_Unavailable/Indecipherable
2021-11-02 21:57:56.950000,PA_Type_Video_Unavailable/Indecipherable
2021-11-02 21:58:03.100000,PA_Type_Video_Unavailable/Indecipherable
2021-11-02 21:58:09.250000,PA_Type_Video_Unavailable/Indecipherable
2021-11-02 21:58:15.412500,PA_Type_Video_Unavailable/Indecipherable
2021-11-02 21:58:21.562500,PA_Type_Video_Unavailable/Indecipherable
2021-11-02 21:58:27.712500,PA_Type_Video_Unavailable/Indecipherable
2021-11-02 21:58:33.862500,PA_Type_Video_Unavailable/Indecipherable
2021-11-02 21:58:40.025000,PA_Type_Video_Unavailable/Indecipherable
2021-11-02 21:58:46.175000,PA_Type_Video_Unavailable/Indecipherable
2021-11-02 21:58:52.325000,PA_Type_Video_Unavailable/Indecipherable
2021-11-02 21:58:58.487500,Sitting_With_Movement
2021-11-02 21:59:04.637500,Sitting_With_Movement
2021-11-02 21:59:10.787500,Sitting_With_Movement
2021-11-02 21:59:16.950000,Sitting_With_Movement
2021-11-02 21:59:23.100000,Sitting_With_Movement
2021-11-02 21:59:29.250000,Sitting_With_Movement
2021-11-02 21:59:35.412500,Sitting_With_Movement
2021-11-02 21:59:41.562500,Sitting_With_Movement
2021-11-02 21:59:47.712500,Sitting_With_Movement
