,PREDS
0,5
1,2
2,2
3,2
4,0
5,0
6,0
7,0
8,0
9,0
10,0
11,0
12,0
13,0
14,0
15,0
16,0
17,0
18,0
19,0
20,0
21,0
22,0
23,0
24,0
25,0
26,0
27,0
28,0
29,0
30,0
31,0
32,0
33,0
34,0
35,0
36,0
37,0
38,0
39,0
40,0
41,0
42,0
43,0
44,0
45,0
46,0
47,0
48,0
49,0
50,0
51,0
52,0
53,0
54,0
55,0
56,0
57,0
58,0
59,0
60,0
61,0
62,0
63,0
64,0
65,0
66,0
67,0
68,0
69,0
70,0
71,0
72,0
73,0
74,0
75,0
76,0
77,0
78,0
79,0
80,0
81,0
82,0
83,0
84,0
85,0
86,0
87,0
88,0
89,0
90,0
91,0
92,0
93,0
94,0
95,0
96,0
97,0
98,0
99,0
100,0
101,0
102,0
103,0
104,0
105,0
106,0
107,0
108,0
109,0
110,0
111,0
112,0
113,0
114,0
115,0
116,0
117,0
118,0
119,0
120,0
121,0
122,0
123,0
124,0
125,0
126,0
127,0
128,0
129,0
130,0
131,0
132,0
133,0
134,0
135,0
136,0
137,0
138,0
139,0
140,0
141,0
142,0
143,0
144,0
145,0
146,0
147,0
148,0
149,2
150,0
151,2
152,0
153,0
154,0
155,0
156,0
157,0
158,0
159,0
160,0
161,0
162,0
163,0
164,0
165,0
166,0
167,0
168,0
169,0
170,0
171,0
172,0
173,0
174,0
175,0
176,0
177,0
178,0
179,0
180,0
181,0
182,0
183,0
184,0
185,0
186,0
187,0
188,0
189,0
190,0
191,0
192,0
193,0
194,0
195,0
196,0
197,0
198,0
199,0
200,0
201,0
202,0
203,0
204,0
205,0
206,0
207,0
208,0
209,0
210,0
211,0
212,0
213,0
214,0
215,0
216,0
217,0
218,0
219,0
220,0
221,0
222,0
223,0
224,0
225,0
226,2
227,2
228,0
229,2
230,3
231,2
232,2
233,2
234,2
235,2
236,2
237,2
238,2
239,2
240,2
241,2
242,2
243,2
244,2
245,2
246,2
247,2
248,2
249,2
250,6
251,2
252,2
253,2
254,2
255,2
256,2
257,2
258,2
259,6
260,2
261,2
262,2
263,2
264,2
265,2
266,2
267,2
268,2
269,2
270,2
271,2
272,2
273,2
274,2
275,2
276,2
277,2
278,2
279,2
280,2
281,2
282,2
283,2
284,2
285,2
286,2
287,2
288,2
289,6
290,2
291,2
292,2
293,2
294,2
295,2
296,2
297,2
298,2
299,2
300,2
301,2
302,2
303,2
304,6
305,2
306,2
307,2
308,2
309,2
310,6
311,2
312,2
313,2
314,6
315,2
316,2
317,2
318,2
319,2
320,2
321,5
322,5
323,2
324,6
325,2
326,2
327,6
328,2
329,2
330,2
331,2
332,2
333,6
334,2
335,2
336,6
337,2
338,2
339,2
340,2
341,2
342,2
343,2
344,2
345,6
346,2
347,2
348,2
349,2
350,2
351,6
352,2
353,2
354,2
355,2
356,2
357,6
358,2
359,6
360,2
361,2
362,6
363,2
364,2
365,2
366,2
367,2
368,2
369,6
370,2
371,2
372,2
373,2
374,2
375,2
376,2
377,2
378,2
379,2
380,6
381,2
382,2
383,2
384,2
385,2
386,2
387,2
388,2
389,2
390,2
391,6
392,2
393,2
394,2
395,2
396,2
397,6
398,6
399,2
400,2
401,2
402,2
403,2
404,2
405,6
406,6
407,2
408,2
409,2
410,2
411,2
412,2
413,2
414,2
415,2
416,2
417,2
418,6
419,6
420,2
421,2
422,2
423,2
424,2
425,2
426,2
427,2
428,2
429,2
430,2
431,2
432,2
433,6
434,2
435,2
436,2
437,2
438,2
439,2
440,2
441,2
442,2
443,2
444,2
445,2
446,2
447,2
448,2
449,2
450,2
451,2
452,6
453,2
454,2
455,6
456,2
457,6
458,2
459,2
460,2
461,2
462,6
463,2
464,2
465,2
466,6
467,2
468,2
469,2
470,2
471,2
472,6
473,2
474,2
475,2
476,2
477,2
478,2
479,6
480,2
481,2
482,6
483,2
484,2
485,2
486,3
487,2
488,2
489,2
490,2
491,2
492,2
493,2
494,5
495,3
496,3
497,2
498,2
499,2
500,2
501,2
502,2
503,2
504,2
505,2
506,2
507,6
508,2
509,2
510,2
511,2
512,2
513,2
514,2
515,2
516,2
517,2
518,2
519,2
520,2
521,2
522,2
523,6
524,2
525,6
526,2
527,2
528,2
529,2
530,2
531,2
532,2
533,2
534,2
535,2
536,2
537,2
538,2
539,2
540,2
541,2
542,2
543,2
544,6
545,2
546,6
547,2
548,2
549,2
550,2
551,2
552,2
553,2
554,2
555,2
556,2
557,2
558,2
559,2
560,2
561,2
562,2
563,2
564,2
565,2
566,2
567,6
568,2
569,2
570,2
571,2
572,2
573,6
574,2
575,6
576,2
577,2
578,2
579,2
580,2
581,2
582,2
583,2
584,2
585,2
586,2
587,2
588,2
589,2
590,2
591,2
592,2
593,2
594,2
595,2
596,2
597,2
598,2
599,2
600,6
601,2
602,2
603,2
604,2
605,2
606,2
607,2
608,6
609,2
610,2
611,2
612,2
613,2
614,2
615,2
616,2
617,2
618,2
619,2
620,2
621,2
622,2
623,2
624,2
625,2
626,2
627,2
628,2
629,2
630,2
631,6
632,2
633,2
634,2
635,2
636,2
637,2
638,2
639,6
640,2
641,2
642,2
643,2
644,6
645,2
646,2
647,2
648,2
649,2
650,2
651,2
652,2
653,2
654,2
655,2
656,2
657,2
658,2
659,2
660,2
661,2
662,2
663,2
664,2
665,2
666,2
667,2
668,2
669,2
670,2
671,2
672,2
673,2
674,2
675,2
676,2
677,6
678,2
679,2
680,6
681,2
682,2
683,2
684,2
685,2
686,3
687,2
688,2
689,6
690,2
691,2
692,6
693,2
694,2
695,2
696,6
697,2
698,2
699,2
700,6
701,2
702,2
703,6
704,2
705,6
706,2
707,2
708,6
709,6
710,6
711,6
712,2
713,2
714,2
715,6
716,6
717,2
718,2
719,6
720,2
721,2
722,6
723,2
724,2
725,2
726,2
727,6
728,2
729,2
730,2
731,2
732,6
733,2
734,6
735,6
736,2
737,2
738,6
739,2
740,2
741,2
742,2
743,2
744,2
745,2
746,2
747,2
748,2
749,2
750,2
751,2
752,2
753,2
754,2
755,2
756,2
757,2
758,2
759,6
760,2
761,2
762,2
763,2
764,6
765,2
766,2
767,2
768,2
769,2
770,2
771,2
772,6
773,2
774,2
775,2
776,6
777,2
778,2
779,2
780,2
781,6
782,6
783,2
784,6
785,2
786,2
787,2
788,2
789,2
790,2
791,2
792,2
793,2
794,2
795,2
796,6
797,3
798,2
799,2
800,2
801,2
802,2
803,5
804,2
805,2
806,6
807,2
808,2
809,2
810,2
811,6
812,2
813,2
814,2
815,2
816,2
817,2
818,2
819,2
820,6
821,2
822,2
823,0
824,2
825,2
826,3
827,0
828,2
829,2
830,2
831,2
832,6
833,2
834,2
835,2
836,2
837,2
838,0
839,2
840,0
841,2
842,2
843,2
844,0
845,2
846,4
847,2
848,2
849,0
850,2
851,2
852,2
853,2
854,2
855,2
856,0
857,0
858,0
859,0
860,2
861,2
862,2
863,2
864,0
865,2
866,2
867,2
868,2
869,2
870,0
871,2
872,2
873,2
874,0
875,2
876,2
877,2
878,2
879,2
880,2
881,2
882,2
883,2
884,2
885,2
886,4
887,2
888,0
889,2
890,2
891,0
892,2
893,2
894,0
895,2
896,2
897,2
898,4
899,4
900,4
901,2
902,2
903,2
904,5
905,0
906,2
907,0
908,2
909,2
910,2
911,5
912,2
913,2
914,0
915,2
916,2
917,2
918,2
919,4
920,6
921,2
922,2
923,2
924,2
925,2
926,0
927,2
928,2
929,4
930,2
931,2
932,3
933,0
934,0
935,5
936,2
937,2
938,2
939,2
940,0
941,2
942,2
943,2
944,0
945,0
946,2
947,0
948,0
949,4
950,2
951,0
952,2
953,0
954,2
955,2
956,2
957,2
958,2
959,2
960,2
961,2
962,2
963,2
964,2
965,2
966,2
967,2
968,6
969,2
970,2
971,2
972,0
973,0
974,0
975,2
976,2
977,3
978,0
979,0
980,2
981,2
982,0
983,4
984,2
985,2
986,0
987,2
988,2
989,2
990,2
991,2
992,2
993,2
994,3
995,2
996,3
997,5
998,2
999,2
1000,2
1001,2
1002,3
1003,2
1004,2
1005,0
1006,0
1007,2
1008,0
1009,2
1010,3
1011,2
1012,3
1013,2
1014,2
1015,2
1016,2
1017,2
1018,2
1019,2
1020,2
1021,2
1022,2
1023,2
1024,2
1025,2
1026,2
1027,2
1028,2
1029,2
1030,2
1031,2
1032,2
1033,3
1034,2
1035,2
1036,2
1037,3
1038,2
1039,2
1040,6
1041,6
1042,6
1043,6
1044,2
1045,3
1046,2
1047,2
1048,2
1049,2
1050,2
1051,2
1052,2
1053,2
1054,2
1055,5
1056,3
1057,2
1058,0
1059,2
1060,2
1061,0
1062,0
1063,2
1064,2
1065,2
1066,2
1067,6
1068,6
1069,2
1070,2
1071,5
1072,2
1073,2
1074,6
1075,6
1076,0
1077,6
1078,2
1079,6
1080,6
1081,2
1082,2
1083,2
1084,2
1085,2
1086,0
1087,2
1088,2
1089,2
1090,2
1091,2
1092,5
1093,6
1094,2
1095,2
1096,2
1097,2
1098,2
1099,6
1100,2
1101,6
1102,2
1103,2
1104,2
1105,5
1106,2
1107,2
1108,3
1109,6
1110,2
1111,5
1112,3
1113,0
1114,0
1115,2
1116,2
1117,2
1118,3
1119,6
1120,2
1121,5
1122,2
1123,2
1124,2
1125,2
1126,2
1127,2
1128,2
1129,2
1130,2
1131,2
1132,2
1133,2
1134,2
1135,2
1136,2
1137,2
1138,5
1139,2
1140,2
1141,2
1142,3
1143,3
1144,5
1145,2
1146,2
1147,6
1148,2
1149,6
1150,2
1151,6
1152,3
1153,2
1154,6
1155,6
1156,2
1157,2
1158,2
1159,0
1160,4
1161,0
1162,2
1163,0
1164,2
1165,2
1166,2
1167,2
1168,2
1169,6
1170,2
1171,2
1172,3
1173,2
1174,2
1175,2
1176,2
1177,0
1178,2
1179,2
1180,2
1181,2
1182,2
1183,0
1184,2
1185,2
1186,2
1187,6
1188,6
1189,6
1190,2
1191,2
1192,2
1193,2
1194,6
1195,2
1196,2
1197,2
1198,6
1199,6
1200,2
1201,6
1202,2
1203,2
1204,2
1205,2
1206,2
1207,2
1208,6
1209,0
1210,0
1211,2
1212,2
1213,2
1214,2
1215,2
1216,0
1217,2
1218,2
1219,6
1220,2
1221,2
1222,0
1223,6
1224,2
1225,0
1226,0
1227,2
1228,6
1229,6
1230,2
1231,3
1232,2
1233,2
1234,6
1235,6
1236,6
1237,6
1238,3
1239,6
1240,6
1241,2
1242,2
1243,6
1244,3
1245,6
1246,3
1247,3
1248,2
1249,5
1250,6
1251,2
1252,6
1253,6
1254,5
1255,2
1256,2
1257,0
1258,2
1259,2
1260,2
1261,2
1262,2
1263,0
1264,0
1265,6
1266,0
1267,0
1268,5
1269,6
1270,2
1271,2
1272,2
1273,2
1274,3
1275,0
1276,2
1277,2
1278,0
1279,2
1280,2
1281,2
1282,0
1283,3
1284,5
1285,2
1286,2
1287,2
1288,2
1289,2
1290,6
1291,6
1292,6
1293,2
1294,0
1295,2
1296,3
1297,2
1298,3
1299,0
1300,2
1301,2
1302,2
1303,2
1304,0
1305,0
1306,2
1307,6
1308,2
1309,2
1310,2
1311,0
1312,0
1313,0
1314,2
1315,2
1316,2
1317,2
1318,2
1319,2
1320,2
1321,2
1322,3
1323,0
1324,2
1325,2
1326,2
1327,2
1328,2
1329,2
1330,2
1331,4
1332,2
1333,2
1334,2
1335,2
1336,2
1337,2
1338,2
1339,6
1340,6
1341,2
1342,6
1343,2
1344,2
1345,2
1346,2
1347,2
1348,2
1349,2
1350,2
1351,2
1352,2
1353,2
1354,2
1355,2
1356,2
1357,2
1358,2
1359,6
1360,2
1361,2
1362,2
1363,0
1364,2
1365,2
1366,6
1367,3
1368,2
1369,2
1370,3
1371,2
1372,3
1373,3
1374,2
1375,2
1376,2
1377,2
1378,0
1379,0
1380,2
1381,0
1382,2
1383,2
1384,5
1385,2
1386,2
1387,2
1388,2
1389,2
1390,2
1391,5
1392,2
1393,0
1394,2
1395,3
1396,4
1397,2
1398,2
1399,2
1400,2
1401,2
1402,4
1403,2
1404,2
1405,2
1406,2
1407,2
1408,2
1409,2
1410,2
1411,2
1412,2
1413,2
1414,2
1415,3
1416,0
1417,2
1418,2
1419,2
1420,2
1421,2
1422,2
1423,2
1424,2
1425,2
1426,2
1427,2
1428,3
1429,4
1430,3
1431,2
1432,0
1433,2
1434,2
1435,2
1436,5
1437,2
1438,2
1439,0
1440,2
1441,2
1442,2
1443,2
1444,2
1445,3
1446,2
1447,2
1448,0
1449,2
1450,2
1451,2
1452,2
1453,3
1454,2
1455,2
1456,0
1457,2
1458,2
1459,2
1460,2
1461,0
1462,2
1463,2
1464,3
1465,5
1466,0
1467,3
1468,2
1469,2
1470,2
1471,2
1472,2
1473,2
1474,2
1475,2
1476,3
1477,2
1478,2
1479,3
1480,2
1481,4
1482,2
1483,2
1484,2
1485,2
1486,2
1487,2
1488,2
1489,2
1490,2
1491,2
1492,2
1493,2
1494,2
1495,3
1496,2
1497,3
1498,2
1499,3
1500,2
1501,2
1502,2
1503,2
1504,2
1505,2
1506,2
1507,2
1508,3
1509,2
1510,2
1511,2
1512,6
1513,2
1514,2
1515,2
1516,2
1517,6
1518,0
1519,6
1520,6
1521,2
1522,2
1523,2
1524,2
1525,2
1526,2
1527,2
1528,6
1529,5
1530,2
1531,2
1532,2
1533,2
1534,2
1535,6
1536,5
1537,6
1538,2
1539,2
1540,2
1541,6
1542,2
1543,2
1544,2
1545,2
1546,2
1547,2
1548,2
1549,2
1550,0
1551,2
1552,2
1553,2
1554,2
1555,2
1556,2
1557,6
1558,2
1559,2
1560,2
1561,2
1562,6
1563,3
1564,2
1565,2
1566,2
1567,2
1568,2
1569,3
1570,2
1571,2
1572,2
1573,2
1574,2
1575,2
1576,2
1577,3
1578,2
1579,2
1580,2
1581,2
1582,2
1583,2
1584,2
1585,3
1586,2
1587,2
1588,2
1589,2
1590,2
1591,2
1592,2
1593,2
1594,2
1595,2
1596,2
1597,2
1598,2
1599,2
1600,2
1601,6
1602,6
1603,2
1604,2
1605,2
1606,2
1607,2
1608,2
1609,6
1610,2
1611,0
1612,2
1613,2
1614,2
1615,2
1616,2
1617,2
1618,2
1619,6
1620,2
1621,2
1622,2
1623,2
1624,2
1625,2
1626,2
1627,2
1628,2
1629,2
1630,6
1631,2
1632,2
1633,2
1634,2
1635,2
1636,2
1637,2
1638,2
1639,2
1640,2
1641,2
1642,2
1643,2
1644,2
1645,2
1646,2
1647,6
1648,6
1649,2
1650,2
1651,2
1652,2
1653,2
1654,2
1655,2
1656,2
1657,2
1658,2
1659,2
1660,2
1661,2
1662,2
1663,6
1664,2
1665,2
1666,2
1667,2
1668,2
1669,2
1670,2
1671,2
1672,2
1673,2
1674,6
1675,2
1676,2
1677,0
1678,0
1679,2
1680,2
1681,2
1682,2
1683,2
1684,2
1685,2
1686,2
1687,3
1688,2
1689,2
1690,6
1691,2
1692,2
1693,6
1694,2
1695,2
1696,2
1697,3
1698,2
1699,2
1700,2
1701,2
1702,2
1703,0
1704,0
1705,2
1706,2
1707,2
1708,2
1709,2
1710,0
1711,2
1712,2
1713,2
1714,2
1715,2
1716,2
1717,2
1718,2
1719,2
1720,2
1721,2
1722,2
1723,2
1724,2
1725,2
1726,2
1727,2
1728,2
1729,2
1730,2
1731,3
1732,2
1733,2
1734,2
1735,2
1736,2
1737,2
1738,2
1739,2
1740,2
1741,2
1742,2
1743,2
1744,2
1745,3
1746,2
1747,3
1748,2
1749,2
1750,2
1751,2
1752,2
1753,2
1754,2
1755,2
1756,2
1757,2
1758,3
1759,2
1760,3
1761,2
1762,0
1763,0
1764,0
1765,2
1766,0
1767,2
1768,0
1769,2
1770,2
1771,0
1772,2
1773,0
1774,2
1775,0
1776,0
1777,0
1778,0
1779,2
1780,2
1781,3
1782,3
1783,2
1784,2
1785,2
1786,2
1787,2
1788,0
1789,3
1790,2
1791,2
1792,2
1793,2
1794,3
1795,2
1796,3
1797,2
1798,2
1799,2
1800,2
1801,2
1802,2
1803,2
1804,2
1805,3
1806,3
1807,3
1808,0
1809,2
1810,2
1811,0
1812,2
1813,0
1814,2
1815,2
1816,2
1817,2
1818,2
1819,2
1820,2
1821,2
1822,2
1823,2
1824,2
1825,2
1826,0
1827,5
1828,2
1829,2
1830,2
1831,2
1832,2
1833,2
1834,2
1835,2
1836,2
1837,2
1838,5
1839,2
1840,2
1841,0
1842,2
1843,2
1844,3
1845,2
1846,2
1847,2
1848,2
1849,2
1850,2
1851,2
1852,2
1853,2
1854,2
1855,2
1856,2
1857,2
1858,2
1859,6
1860,6
1861,6
1862,2
1863,2
1864,6
1865,6
1866,6
1867,2
1868,6
1869,2
1870,0
1871,2
1872,2
1873,2
1874,2
1875,2
1876,0
1877,2
1878,2
1879,0
1880,0
1881,2
1882,0
1883,2
1884,2
1885,2
1886,2
1887,2
1888,2
1889,2
1890,2
1891,2
1892,2
1893,2
1894,2
1895,2
1896,2
1897,2
1898,2
1899,2
1900,2
1901,2
1902,4
1903,2
1904,4
1905,2
1906,2
1907,2
1908,2
1909,2
1910,2
1911,4
1912,2
1913,6
1914,6
1915,2
1916,2
1917,0
1918,2
1919,2
1920,2
1921,2
1922,3
1923,2
1924,2
1925,2
1926,4
1927,2
1928,4
1929,2
1930,2
1931,4
1932,2
1933,2
1934,2
1935,2
1936,2
1937,2
1938,0
1939,2
1940,3
1941,2
1942,2
1943,2
1944,2
1945,2
1946,4
1947,0
1948,4
1949,2
1950,2
1951,2
1952,2
1953,3
1954,2
1955,2
1956,2
1957,2
1958,4
1959,2
1960,2
1961,3
1962,2
1963,0
1964,2
1965,4
1966,2
1967,2
1968,3
1969,0
1970,2
1971,2
1972,2
1973,2
1974,6
1975,2
1976,2
1977,0
1978,0
1979,0
1980,2
1981,2
1982,2
1983,2
1984,2
1985,2
1986,2
1987,2
1988,2
1989,2
1990,2
1991,6
1992,2
1993,2
1994,2
1995,2
1996,2
1997,2
1998,2
1999,2
2000,2
2001,2
2002,2
2003,0
2004,2
2005,2
2006,2
2007,2
2008,2
2009,2
2010,6
2011,2
2012,2
2013,2
2014,6
2015,2
2016,2
2017,0
2018,2
2019,2
2020,2
2021,2
2022,2
2023,3
2024,2
2025,2
2026,2
2027,4
2028,2
2029,4
2030,2
2031,2
2032,2
2033,2
2034,2
2035,2
2036,2
2037,2
2038,2
2039,0
2040,2
2041,2
2042,2
2043,5
2044,3
2045,4
2046,2
2047,2
2048,2
2049,2
2050,2
2051,2
2052,0
2053,2
2054,2
2055,2
2056,2
2057,5
2058,5
2059,3
2060,2
2061,2
2062,2
2063,2
2064,5
2065,2
2066,2
2067,2
2068,2
2069,2
2070,3
2071,0
2072,2
2073,2
2074,0
2075,2
2076,2
2077,3
2078,2
2079,2
2080,2
2081,2
2082,2
2083,2
2084,2
2085,0
2086,0
2087,3
2088,2
2089,2
2090,3
2091,6
2092,4
2093,2
2094,0
2095,2
2096,0
2097,2
2098,2
2099,4
2100,2
2101,0
2102,2
2103,2
2104,2
2105,0
2106,2
2107,0
2108,3
2109,5
2110,2
2111,2
2112,2
2113,2
2114,5
2115,2
2116,2
2117,3
2118,2
2119,0
2120,0
2121,4
2122,2
2123,2
2124,2
2125,2
2126,2
2127,2
2128,2
2129,2
2130,2
2131,2
2132,2
2133,2
2134,0
2135,2
2136,2
2137,0
2138,2
2139,2
2140,2
2141,2
2142,2
2143,2
2144,2
2145,2
2146,2
2147,0
2148,2
2149,2
2150,2
2151,2
2152,2
2153,0
2154,2
2155,2
2156,0
2157,2
2158,2
2159,2
2160,2
2161,2
2162,2
2163,2
2164,2
2165,2
2166,2
2167,0
2168,0
2169,0
2170,0
2171,2
2172,2
2173,2
2174,0
2175,0
2176,2
2177,2
2178,2
2179,2
2180,0
2181,2
2182,0
2183,3
2184,2
2185,2
2186,0
2187,2
2188,2
2189,0
2190,0
2191,2
2192,2
2193,2
2194,2
2195,2
2196,2
2197,3
2198,2
2199,3
2200,2
2201,2
2202,2
2203,2
2204,2
2205,2
2206,2
2207,5
2208,0
2209,3
2210,0
2211,2
2212,0
2213,0
2214,2
2215,2
2216,2
2217,0
2218,2
2219,2
2220,2
2221,2
2222,2
2223,2
2224,2
2225,2
2226,2
2227,3
2228,2
2229,2
2230,3
2231,2
2232,0
2233,2
2234,2
2235,2
2236,2
2237,0
2238,0
2239,5
2240,2
2241,2
2242,0
2243,0
2244,2
2245,2
2246,5
2247,0
2248,2
2249,2
2250,2
2251,2
2252,0
2253,2
2254,2
2255,2
2256,0
2257,0
2258,0
2259,2
2260,2
2261,2
2262,0
2263,2
2264,0
2265,2
2266,0
2267,2
2268,4
2269,2
2270,2
2271,0
2272,2
2273,0
2274,0
2275,0
2276,0
2277,2
2278,2
2279,0
2280,2
2281,2
2282,2
2283,0
2284,2
2285,2
2286,0
2287,0
2288,0
2289,0
2290,0
2291,2
2292,2
2293,2
2294,2
2295,2
2296,2
2297,3
2298,2
2299,2
2300,0
2301,2
2302,0
2303,0
2304,0
2305,2
2306,0
2307,2
2308,0
2309,2
2310,2
2311,0
2312,0
2313,0
2314,0
2315,2
2316,2
2317,2
2318,0
2319,0
2320,2
2321,0
2322,2
2323,2
2324,0
2325,0
2326,5
2327,0
2328,2
2329,2
2330,2
2331,2
2332,2
2333,5
2334,0
2335,3
2336,3
2337,0
2338,0
2339,0
2340,3
2341,0
2342,2
2343,2
2344,0
2345,2
2346,2
2347,2
2348,0
2349,2
2350,0
2351,0
2352,2
2353,0
2354,0
2355,2
2356,2
2357,2
2358,2
2359,0
2360,2
2361,2
2362,0
2363,0
2364,2
2365,0
2366,2
2367,0
2368,0
2369,2
2370,2
2371,2
2372,2
2373,2
2374,2
2375,2
2376,0
2377,2
2378,4
2379,2
2380,2
2381,2
2382,2
2383,2
2384,0
2385,2
2386,2
2387,0
2388,0
2389,0
2390,0
2391,0
2392,0
2393,0
2394,0
2395,0
2396,0
2397,0
2398,5
2399,0
2400,0
2401,5
2402,2
2403,0
2404,4
2405,2
2406,6
2407,4
2408,2
2409,0
2410,2
2411,0
2412,2
2413,2
2414,0
2415,0
2416,0
2417,2
2418,2
2419,2
2420,0
2421,0
2422,2
2423,2
2424,0
2425,2
2426,2
2427,4
2428,0
2429,3
2430,0
2431,2
2432,2
2433,2
2434,2
2435,0
2436,2
2437,0
2438,2
2439,0
2440,2
2441,4
2442,2
2443,2
2444,2
2445,2
2446,2
2447,2
2448,0
2449,3
2450,0
2451,0
2452,0
2453,0
2454,0
2455,2
2456,0
2457,0
2458,0
2459,0
2460,2
2461,2
2462,2
2463,2
2464,2
2465,2
2466,2
2467,2
2468,0
2469,0
2470,0
2471,2
2472,2
2473,2
2474,2
2475,2
2476,2
2477,2
2478,2
2479,2
2480,2
2481,2
2482,2
2483,2
2484,2
2485,2
2486,0
2487,2
2488,2
2489,2
2490,2
2491,2
2492,2
2493,2
2494,2
2495,2
2496,2
2497,4
2498,2
2499,0
2500,2
2501,2
2502,2
2503,2
2504,0
2505,2
2506,2
2507,0
2508,2
2509,4
2510,2
2511,2
2512,0
2513,2
2514,2
2515,5
2516,0
2517,2
2518,0
2519,3
2520,4
2521,0
2522,2
2523,0
2524,0
2525,2
2526,2
2527,2
2528,2
2529,2
2530,2
2531,2
2532,0
2533,0
2534,0
2535,0
2536,2
2537,2
2538,2
2539,2
2540,6
2541,2
2542,2
2543,2
2544,0
2545,2
2546,2
2547,2
2548,0
2549,2
2550,2
2551,0
2552,2
2553,2
2554,2
2555,0
2556,2
2557,0
2558,2
2559,2
2560,2
2561,2
2562,2
2563,2
2564,2
2565,2
2566,2
2567,0
2568,0
2569,0
2570,0
2571,4
2572,2
2573,2
2574,2
2575,6
2576,2
2577,2
2578,2
2579,2
2580,2
2581,2
2582,6
2583,2
2584,2
2585,6
2586,2
2587,2
2588,2
2589,2
2590,2
2591,2
2592,2
2593,2
2594,2
2595,6
2596,6
2597,2
2598,2
2599,3
2600,2
2601,3
2602,0
2603,0
2604,0
2605,2
2606,0
2607,2
2608,2
2609,0
2610,0
2611,2
2612,0
2613,0
2614,2
2615,0
2616,0
2617,0
2618,2
2619,0
2620,2
2621,2
2622,0
2623,3
2624,2
2625,2
2626,0
2627,0
2628,2
2629,0
2630,2
2631,0
2632,0
2633,0
2634,0
2635,2
2636,0
2637,2
2638,2
2639,2
2640,0
2641,2
2642,2
2643,2
2644,2
2645,2
2646,2
2647,2
2648,3
2649,5
2650,2
2651,0
2652,2
2653,2
2654,2
2655,2
2656,5
2657,0
2658,0
2659,0
2660,2
2661,0
2662,2
2663,2
2664,2
2665,5
2666,2
2667,2
2668,2
2669,2
2670,2
2671,2
2672,2
2673,0
2674,0
2675,2
2676,5
2677,2
2678,5
2679,2
2680,3
2681,2
2682,6
2683,2
2684,2
2685,2
2686,2
2687,6
2688,2
2689,2
2690,2
2691,0
2692,2
2693,2
2694,2
2695,2
2696,2
2697,4
2698,2
2699,2
2700,2
2701,2
2702,0
2703,2
2704,5
2705,0
2706,2
2707,0
2708,2
2709,0
2710,6
2711,2
2712,2
2713,5
2714,4
2715,4
2716,4
2717,0
2718,0
2719,0
2720,0
2721,2
2722,4
2723,0
2724,0
2725,2
2726,2
2727,2
2728,2
2729,2
2730,2
2731,0
2732,2
2733,0
2734,2
2735,2
2736,2
2737,2
2738,2
2739,2
2740,2
2741,6
2742,2
2743,2
2744,2
2745,0
2746,2
2747,2
2748,2
2749,4
2750,2
2751,2
2752,2
2753,2
2754,0
2755,2
2756,2
2757,2
2758,2
2759,0
2760,2
2761,2
2762,0
2763,0
2764,0
2765,2
2766,2
2767,2
2768,2
2769,2
2770,2
2771,0
2772,0
2773,2
2774,0
2775,2
2776,2
2777,0
2778,0
2779,2
2780,2
2781,2
2782,2
2783,2
2784,2
2785,0
2786,0
2787,0
2788,2
2789,0
2790,0
2791,2
2792,0
2793,2
2794,0
2795,2
2796,0
2797,2
2798,0
2799,2
2800,0
2801,2
2802,2
2803,2
2804,2
2805,2
2806,2
2807,2
2808,2
2809,2
2810,5
2811,0
2812,2
2813,0
2814,2
2815,2
2816,2
2817,0
2818,2
2819,2
2820,2
2821,0
2822,0
2823,0
2824,2
2825,2
2826,2
2827,0
2828,2
2829,2
2830,0
2831,2
2832,2
2833,2
2834,2
2835,2
2836,2
2837,2
2838,2
2839,2
2840,2
2841,2
2842,2
2843,2
2844,0
2845,2
2846,2
2847,2
2848,2
2849,2
2850,2
2851,2
2852,2
2853,2
2854,2
2855,2
2856,2
2857,2
2858,2
2859,2
2860,6
2861,2
2862,2
2863,2
2864,2
2865,2
2866,2
2867,2
2868,2
2869,6
2870,2
2871,2
2872,2
2873,2
2874,2
2875,6
2876,2
2877,6
2878,6
2879,2
2880,2
2881,6
2882,2
2883,2
2884,2
2885,6
2886,2
2887,2
2888,2
2889,2
2890,2
2891,2
2892,2
2893,2
2894,2
2895,2
2896,2
2897,2
2898,2
2899,2
2900,2
2901,2
2902,6
2903,2
2904,6
2905,6
2906,2
2907,2
2908,2
2909,2
2910,2
2911,2
2912,2
2913,2
2914,2
2915,0
2916,0
2917,2
2918,2
2919,2
2920,2
2921,0
2922,0
2923,2
2924,2
2925,0
2926,2
2927,2
2928,0
2929,0
2930,0
2931,2
2932,2
2933,2
2934,2
2935,2
2936,2
2937,2
2938,2
2939,4
2940,2
2941,2
2942,2
2943,3
2944,0
2945,0
2946,2
2947,2
2948,2
2949,2
2950,2
2951,2
2952,2
2953,0
2954,2
2955,2
2956,0
2957,2
2958,2
2959,0
2960,0
2961,0
2962,2
2963,0
2964,0
2965,2
2966,0
2967,4
2968,2
2969,0
2970,0
2971,2
2972,2
2973,4
2974,2
2975,2
2976,2
2977,0
2978,2
2979,2
2980,2
2981,2
2982,2
2983,2
2984,2
2985,0
2986,0
2987,0
2988,0
2989,2
2990,2
2991,2
2992,2
2993,2
2994,2
2995,2
2996,2
2997,2
2998,2
2999,2
3000,2
3001,0
3002,2
3003,0
3004,2
3005,2
3006,6
3007,2
3008,2
3009,2
3010,2
3011,0
3012,2
3013,0
3014,0
3015,2
3016,0
3017,2
3018,0
3019,0
3020,0
3021,6
3022,2
3023,0
3024,2
3025,2
3026,2
3027,2
3028,2
3029,2
3030,3
3031,5
3032,3
3033,2
3034,2
3035,0
3036,2
3037,2
3038,2
3039,2
3040,2
3041,3
3042,2
3043,2
3044,2
3045,2
3046,2
3047,2
3048,0
3049,2
3050,2
3051,2
3052,2
3053,2
3054,0
3055,2
3056,0
3057,2
3058,2
3059,0
3060,2
3061,2
3062,0
3063,2
3064,2
3065,2
3066,0
3067,0
3068,2
3069,2
3070,0
3071,2
3072,0
3073,2
3074,2
3075,2
3076,4
3077,2
3078,0
3079,0
3080,0
3081,2
3082,2
3083,2
3084,0
3085,2
3086,3
3087,2
3088,2
3089,2
3090,2
3091,0
3092,0
3093,0
3094,2
3095,2
3096,2
3097,2
3098,2
3099,2
3100,2
3101,2
3102,5
3103,0
3104,0
3105,0
3106,3
3107,2
3108,2
3109,2
3110,2
3111,0
3112,2
3113,2
3114,0
3115,0
3116,0
3117,0
3118,2
3119,2
3120,0
3121,0
3122,0
3123,2
3124,0
3125,0
3126,0
3127,2
3128,0
3129,2
3130,2
3131,0
3132,0
3133,0
3134,0
3135,0
3136,2
3137,2
3138,2
3139,2
3140,2
3141,2
3142,2
3143,2
3144,0
3145,0
3146,0
3147,0
3148,2
3149,0
3150,2
3151,2
3152,0
3153,0
3154,2
3155,2
3156,0
3157,0
3158,0
3159,0
3160,0
3161,0
3162,0
3163,2
3164,2
3165,0
3166,2
3167,0
3168,0
3169,0
3170,0
3171,0
3172,2
3173,2
3174,2
3175,0
3176,2
3177,0
3178,2
3179,0
3180,0
3181,2
3182,2
3183,0
3184,2
3185,0
3186,2
3187,2
3188,0
3189,0
3190,0
3191,2
3192,2
3193,2
3194,0
3195,0
3196,0
3197,0
3198,2
3199,0
3200,2
3201,0
3202,0
3203,2
3204,0
3205,0
3206,2
3207,2
3208,2
3209,5
3210,2
3211,3
3212,3
3213,2
3214,2
3215,2
3216,2
3217,2
3218,2
3219,0
3220,2
3221,2
3222,2
3223,0
3224,0
3225,2
3226,2
3227,0
3228,0
3229,2
3230,0
3231,3
3232,2
3233,0
3234,2
3235,2
3236,0
3237,0
3238,2
3239,2
3240,2
3241,2
3242,2
3243,0
3244,2
3245,2
3246,2
3247,2
3248,2
3249,0
3250,2
3251,2
3252,0
3253,0
3254,2
3255,2
3256,2
3257,2
3258,2
3259,4
3260,0
3261,2
3262,0
3263,4
3264,2
3265,4
3266,2
3267,0
3268,2
3269,4
3270,5
3271,2
3272,4
3273,2
3274,2
3275,2
3276,0
3277,0
3278,2
3279,2
3280,0
3281,0
3282,2
3283,0
3284,2
3285,2
3286,0
3287,2
3288,2
3289,2
3290,2
3291,0
3292,6
3293,2
3294,2
3295,2
3296,2
3297,2
3298,2
3299,0
3300,0
3301,0
3302,0
3303,0
3304,2
3305,2
3306,0
3307,0
3308,2
3309,0
3310,0
3311,0
3312,2
3313,5
3314,2
3315,0
3316,0
3317,2
3318,2
3319,2
3320,5
3321,0
3322,0
3323,2
3324,2
3325,2
3326,5
3327,2
3328,2
3329,2
3330,2
3331,2
3332,2
3333,0
3334,2
3335,2
3336,2
3337,0
3338,0
3339,2
3340,2
3341,0
3342,2
3343,2
3344,3
3345,2
3346,0
3347,2
3348,2
3349,0
3350,0
3351,2
3352,2
3353,0
3354,2
3355,0
3356,0
3357,0
3358,2
3359,2
3360,2
3361,2
3362,5
3363,2
3364,0
3365,2
3366,2
3367,0
3368,2
3369,2
3370,2
3371,2
3372,0
3373,2
3374,5
3375,4
3376,3
3377,2
3378,2
3379,4
3380,0
3381,0
3382,0
3383,0
3384,0
3385,2
3386,0
3387,0
3388,2
3389,0
3390,2
3391,2
3392,4
3393,2
3394,2
3395,2
3396,2
3397,2
3398,0
3399,0
3400,2
3401,2
3402,0
3403,2
3404,0
3405,0
3406,3
3407,2
3408,4
3409,0
3410,2
3411,2
3412,2
3413,2
3414,3
3415,4
3416,2
3417,3
3418,2
3419,3
3420,2
3421,3
3422,3
3423,3
3424,2
3425,2
3426,3
3427,2
3428,2
3429,2
3430,2
3431,3
3432,4
3433,2
3434,3
3435,2
3436,2
3437,3
3438,3
3439,2
3440,2
3441,2
3442,2
3443,2
3444,2
3445,2
3446,2
3447,5
3448,3
3449,2
3450,5
3451,2
3452,0
3453,2
3454,2
3455,2
3456,0
3457,0
3458,0
3459,2
3460,2
3461,2
3462,2
3463,2
3464,3
3465,3
3466,2
3467,2
3468,0
3469,0
3470,2
3471,2
3472,2
3473,2
3474,2
3475,2
3476,2
3477,0
3478,2
3479,2
3480,2
3481,3
3482,2
3483,6
3484,2
3485,0
3486,3
3487,2
3488,0
3489,2
3490,2
3491,2
3492,2
3493,2
3494,2
3495,2
3496,2
3497,2
3498,2
3499,2
3500,2
3501,2
3502,2
3503,2
3504,2
3505,0
3506,2
3507,2
3508,2
3509,0
3510,2
3511,0
3512,0
3513,0
3514,0
3515,0
3516,2
3517,2
3518,2
3519,2
3520,0
3521,2
3522,2
3523,0
3524,2
3525,0
3526,3
3527,2
3528,2
3529,3
3530,2
3531,2
3532,2
3533,2
3534,2
3535,2
3536,2
3537,6
3538,2
3539,2
3540,2
3541,2
3542,2
3543,2
3544,2
3545,2
3546,2
3547,2
3548,2
3549,2
3550,2
3551,2
3552,2
3553,2
3554,2
3555,2
3556,2
3557,2
3558,2
3559,2
3560,2
3561,2
3562,0
3563,2
3564,2
3565,2
3566,2
3567,2
3568,2
3569,2
3570,2
3571,2
3572,5
3573,2
3574,2
3575,3
3576,2
3577,2
3578,2
3579,2
3580,2
3581,2
3582,2
3583,2
3584,2
3585,2
3586,2
3587,2
3588,2
3589,2
3590,2
3591,2
3592,2
3593,2
3594,2
3595,2
3596,2
3597,2
3598,2
3599,2
3600,2
3601,2
3602,2
3603,2
3604,2
3605,2
3606,2
3607,2
3608,2
3609,2
3610,2
3611,5
3612,0
3613,5
3614,5
3615,0
3616,2
3617,2
3618,2
3619,2
3620,2
3621,2
3622,2
3623,0
3624,0
3625,2
3626,2
3627,2
3628,0
3629,2
3630,2
3631,2
3632,5
3633,0
3634,0
3635,0
3636,2
3637,2
3638,2
3639,2
3640,2
3641,2
3642,2
3643,2
3644,2
3645,2
3646,0
3647,0
3648,2
3649,2
3650,2
3651,0
3652,2
3653,2
3654,0
3655,2
3656,2
3657,2
3658,2
3659,2
3660,2
3661,2
3662,2
3663,0
3664,2
3665,0
3666,0
3667,0
3668,0
3669,2
3670,2
3671,0
3672,0
3673,2
3674,2
3675,2
3676,0
3677,2
3678,0
3679,2
3680,2
3681,0
3682,4
3683,2
3684,4
3685,2
3686,2
3687,5
3688,2
3689,2
3690,2
3691,2
3692,2
3693,0
3694,2
3695,0
3696,2
3697,2
3698,2
3699,2
3700,0
3701,4
3702,0
3703,0
3704,0
3705,0
3706,2
3707,2
3708,0
3709,2
3710,2
3711,0
3712,0
3713,0
3714,0
3715,2
3716,2
3717,2
3718,2
3719,0
3720,2
3721,2
3722,2
3723,2
3724,2
3725,2
3726,4
3727,4
3728,0
3729,2
3730,2
3731,2
3732,2
3733,2
3734,4
3735,4
3736,2
3737,4
3738,2
3739,2
3740,2
3741,2
3742,0
3743,2
3744,2
3745,2
3746,0
3747,0
3748,2
3749,0
3750,4
3751,2
3752,2
3753,0
3754,2
3755,0
3756,2
3757,2
3758,0
3759,2
3760,0
3761,3
3762,3
3763,3
3764,2
3765,2
3766,0
3767,0
3768,2
3769,4
3770,2
3771,0
3772,0
3773,0
3774,0
3775,2
3776,0
3777,2
3778,0
3779,0
3780,2
3781,0
3782,2
3783,2
3784,0
3785,2
3786,2
3787,2
3788,2
3789,5
3790,4
3791,2
3792,2
3793,2
3794,2
3795,3
3796,2
3797,2
3798,4
3799,0
3800,2
3801,0
3802,0
3803,2
3804,2
3805,0
3806,2
3807,0
3808,0
3809,2
3810,0
3811,2
3812,2
3813,2
3814,2
3815,2
3816,2
3817,2
3818,0
3819,2
3820,0
3821,2
3822,0
3823,2
3824,0
3825,0
3826,0
3827,2
3828,2
3829,4
3830,2
3831,0
3832,0
3833,2
3834,2
3835,2
3836,2
3837,2
3838,2
3839,0
3840,2
3841,2
3842,0
3843,0
3844,0
3845,2
3846,2
3847,2
3848,2
3849,0
3850,2
3851,2
3852,2
3853,2
3854,0
3855,2
3856,0
3857,2
3858,2
3859,0
3860,4
3861,2
3862,2
3863,2
3864,0
3865,0
3866,2
3867,2
3868,2
3869,2
3870,2
3871,0
3872,2
3873,2
3874,0
3875,0
3876,5
3877,2
3878,6
3879,2
3880,2
3881,5
3882,0
3883,4
3884,2
3885,0
3886,2
3887,0
3888,2
3889,2
3890,2
3891,2
3892,2
3893,0
3894,0
3895,2
3896,0
3897,0
3898,2
3899,4
3900,2
3901,2
3902,0
3903,2
3904,2
3905,0
3906,2
3907,2
3908,4
3909,0
3910,0
3911,0
3912,2
3913,0
3914,2
3915,2
3916,0
3917,0
3918,2
3919,2
3920,0
3921,0
3922,0
3923,0
3924,2
3925,2
3926,0
3927,0
3928,2
3929,0
3930,0
3931,2
3932,2
3933,2
3934,2
3935,2
3936,0
3937,4
3938,0
3939,2
3940,4
3941,0
3942,2
3943,2
3944,4
3945,2
3946,2
3947,0
3948,0
3949,2
3950,0
3951,0
3952,2
3953,5
3954,2
3955,0
3956,2
3957,2
3958,2
3959,0
3960,2
3961,0
3962,0
3963,2
3964,0
3965,2
3966,2
3967,2
3968,2
3969,0
3970,2
3971,0
3972,2
3973,2
3974,2
3975,2
3976,3
3977,2
3978,2
3979,2
3980,0
3981,2
3982,2
3983,2
3984,0
3985,0
3986,2
3987,2
3988,2
3989,0
3990,2
3991,0
3992,0
3993,2
3994,2
3995,2
3996,0
3997,0
3998,0
3999,0
4000,2
4001,2
4002,2
4003,2
4004,0
4005,2
4006,2
4007,2
4008,0
4009,2
4010,0
4011,2
4012,2
4013,2
4014,2
4015,2
4016,2
4017,2
4018,4
4019,0
4020,2
4021,2
4022,0
4023,2
4024,2
4025,2
4026,2
4027,2
4028,2
4029,0
4030,2
4031,2
4032,2
4033,2
4034,0
4035,2
4036,2
4037,2
4038,0
4039,0
4040,2
4041,2
4042,2
4043,2
4044,2
4045,2
4046,0
4047,2
4048,2
4049,2
4050,2
4051,2
4052,2
4053,2
4054,0
4055,2
4056,2
4057,2
4058,2
4059,2
4060,2
4061,2
4062,2
4063,0
4064,2
4065,2
4066,2
4067,2
4068,2
4069,2
4070,2
4071,2
4072,2
4073,2
4074,2
4075,2
4076,2
4077,0
4078,2
4079,2
4080,2
4081,2
4082,2
4083,2
4084,2
4085,2
4086,2
4087,2
4088,2
4089,2
4090,2
4091,2
4092,2
4093,2
4094,2
4095,2
4096,2
4097,2
4098,2
4099,2
4100,2
4101,2
4102,2
4103,2
4104,2
4105,2
4106,0
4107,2
4108,2
4109,2
4110,2
4111,2
4112,2
4113,2
4114,2
4115,0
4116,2
4117,2
4118,2
4119,2
4120,2
4121,2
4122,2
4123,2
4124,2
4125,3
4126,2
4127,2
4128,2
4129,4
4130,2
4131,2
4132,2
4133,2
4134,2
4135,0
4136,2
4137,0
4138,2
4139,2
4140,2
4141,2
4142,2
4143,2
4144,2
4145,2
4146,2
4147,2
4148,2
4149,3
4150,2
4151,3
4152,2
4153,2
4154,2
4155,2
4156,2
4157,2
4158,4
4159,3
4160,3
4161,2
4162,2
4163,2
4164,2
4165,0
4166,0
4167,0
4168,0
4169,3
4170,2
4171,0
4172,2
4173,2
4174,2
4175,2
4176,2
4177,0
4178,2
4179,2
4180,4
4181,2
4182,0
4183,2
4184,2
4185,0
4186,0
4187,2
4188,2
4189,2
4190,2
4191,2
4192,2
4193,3
4194,2
4195,2
4196,2
4197,2
4198,2
4199,2
4200,2
4201,6
4202,2
4203,2
4204,2
4205,2
4206,2
4207,2
4208,2
4209,2
4210,2
4211,6
4212,2
4213,2
4214,2
4215,3
4216,2
4217,2
4218,2
4219,6
4220,2
4221,2
4222,2
4223,3
4224,2
4225,3
4226,2
4227,3
4228,6
4229,6
4230,6
4231,5
4232,2
4233,2
4234,2
4235,2
4236,0
4237,0
4238,2
4239,2
4240,2
4241,2
4242,2
4243,2
4244,2
4245,2
4246,2
4247,2
4248,2
4249,2
4250,3
4251,2
4252,2
4253,2
4254,2
4255,2
4256,0
4257,2
4258,2
4259,2
4260,2
4261,2
4262,2
4263,2
4264,2
4265,2
4266,2
4267,2
4268,2
4269,2
4270,2
4271,2
4272,2
4273,2
4274,2
4275,2
4276,2
4277,2
4278,2
4279,2
4280,2
4281,2
4282,6
4283,2
4284,2
4285,2
4286,2
4287,2
4288,2
4289,2
4290,2
4291,2
4292,6
4293,2
4294,2
4295,6
4296,2
4297,2
4298,2
4299,2
4300,2
4301,2
4302,2
4303,2
4304,6
4305,2
4306,6
4307,2
4308,2
4309,2
4310,2
4311,2
4312,2
4313,2
4314,2
4315,2
4316,2
4317,2
4318,2
4319,2
4320,2
4321,2
4322,2
4323,6
4324,2
4325,2
4326,2
4327,2
4328,2
4329,2
4330,2
4331,2
4332,2
4333,2
4334,2
4335,2
4336,2
4337,2
4338,2
4339,2
4340,2
4341,2
4342,2
4343,2
4344,6
4345,2
4346,2
4347,2
4348,6
4349,2
4350,2
4351,2
4352,2
4353,2
4354,2
4355,2
4356,2
4357,2
4358,2
4359,2
4360,2
4361,2
4362,2
4363,2
4364,2
4365,2
4366,2
4367,2
4368,2
4369,2
4370,2
4371,2
4372,2
4373,2
4374,2
4375,2
4376,2
4377,2
4378,2
4379,2
4380,2
4381,2
4382,2
4383,2
4384,2
4385,4
4386,6
4387,2
4388,2
4389,2
4390,2
4391,6
4392,2
4393,6
4394,2
4395,2
4396,2
4397,2
4398,2
4399,6
4400,2
4401,2
4402,2
4403,6
4404,2
4405,2
4406,2
4407,2
4408,2
4409,2
4410,2
4411,2
4412,2
4413,2
4414,2
4415,2
4416,2
4417,2
4418,2
4419,6
4420,2
4421,2
4422,6
4423,2
4424,6
4425,2
4426,2
4427,2
4428,2
4429,2
4430,2
4431,2
4432,6
4433,2
4434,2
4435,2
4436,2
4437,2
4438,2
4439,2
4440,2
4441,2
4442,2
4443,2
4444,2
4445,2
4446,2
4447,2
4448,6
4449,2
4450,2
4451,6
4452,2
4453,2
4454,6
4455,2
4456,2
4457,2
4458,2
4459,6
4460,2
4461,2
4462,2
4463,2
4464,2
4465,4
4466,2
4467,2
4468,2
4469,2
4470,2
4471,2
4472,2
4473,2
4474,2
4475,2
4476,2
4477,2
4478,2
4479,2
4480,2
4481,2
4482,2
4483,6
4484,2
4485,2
4486,2
4487,2
4488,2
4489,2
4490,2
4491,2
4492,2
4493,2
4494,2
4495,6
4496,2
4497,2
4498,2
4499,2
4500,2
4501,2
4502,2
4503,2
4504,6
4505,2
4506,2
4507,2
4508,2
4509,2
4510,2
4511,2
4512,2
4513,2
4514,2
4515,2
4516,2
4517,2
4518,2
4519,2
4520,2
4521,2
4522,0
4523,6
4524,2
4525,2
4526,2
4527,2
4528,2
4529,2
4530,2
4531,2
4532,2
4533,2
4534,2
4535,2
4536,2
4537,2
4538,2
4539,6
4540,6
4541,2
4542,2
4543,2
4544,6
4545,6
4546,2
4547,2
4548,2
4549,2
4550,2
4551,6
4552,6
4553,2
4554,2
4555,2
4556,2
4557,2
4558,2
4559,2
4560,6
4561,2
4562,6
4563,2
4564,2
4565,2
4566,2
4567,2
4568,2
4569,2
4570,2
4571,6
4572,2
4573,2
4574,2
4575,2
4576,2
4577,2
4578,2
4579,2
4580,2
4581,2
4582,2
4583,2
4584,2
4585,2
4586,2
4587,2
4588,2
4589,2
4590,2
4591,2
4592,2
4593,2
4594,2
4595,2
4596,2
4597,2
4598,2
4599,2
4600,5
4601,4
4602,3
4603,2
4604,2
4605,2
4606,2
4607,2
4608,6
4609,2
4610,2
4611,2
4612,3
4613,2
4614,2
4615,2
4616,2
4617,2
4618,2
4619,2
4620,2
4621,2
4622,2
4623,2
4624,2
4625,6
4626,2
4627,2
4628,2
4629,2
4630,2
4631,3
4632,2
4633,2
4634,2
4635,3
4636,2
4637,2
4638,2
4639,2
4640,3
4641,2
4642,2
4643,2
4644,6
4645,2
4646,2
4647,2
4648,2
4649,2
4650,2
4651,2
4652,2
4653,2
4654,2
4655,2
4656,2
4657,2
4658,2
4659,2
4660,2
4661,2
4662,2
4663,3
4664,2
4665,2
4666,2
4667,2
4668,2
4669,2
4670,2
4671,2
4672,2
4673,2
4674,2
4675,2
4676,2
4677,2
4678,2
4679,2
4680,2
4681,2
4682,2
4683,2
4684,2
4685,2
4686,2
4687,2
4688,2
4689,2
4690,3
4691,3
4692,3
4693,3
4694,2
4695,2
4696,2
4697,2
4698,2
4699,2
4700,2
4701,2
4702,2
4703,2
4704,2
4705,2
4706,2
4707,2
4708,2
4709,2
4710,2
4711,2
4712,2
4713,2
4714,2
4715,2
4716,2
4717,2
4718,2
4719,2
4720,2
4721,2
4722,2
4723,2
4724,2
4725,2
4726,2
4727,2
4728,2
4729,2
4730,2
4731,2
4732,2
4733,2
4734,2
4735,2
4736,2
4737,2
4738,2
4739,2
4740,2
4741,2
4742,2
4743,2
4744,2
4745,2
4746,2
4747,2
4748,2
4749,2
4750,2
4751,2
4752,2
4753,2
4754,2
4755,2
4756,2
4757,2
4758,2
4759,2
4760,2
4761,2
4762,2
4763,2
4764,2
4765,2
4766,2
4767,2
4768,2
4769,2
4770,2
4771,2
4772,2
4773,2
4774,2
4775,2
4776,3
4777,2
4778,2
4779,2
4780,2
4781,2
4782,2
4783,2
4784,2
4785,6
4786,2
4787,2
4788,2
4789,2
4790,2
4791,2
4792,2
4793,2
4794,2
4795,2
4796,2
4797,2
4798,2
4799,2
4800,2
4801,2
4802,2
4803,2
4804,2
4805,2
4806,2
4807,3
4808,2
4809,2
4810,2
4811,2
4812,2
4813,2
4814,2
4815,2
4816,2
4817,2
4818,2
4819,4
4820,2
4821,2
4822,2
4823,2
4824,2
4825,2
4826,2
4827,3
4828,2
4829,2
4830,2
4831,2
4832,2
4833,3
4834,2
4835,2
4836,2
4837,6
4838,2
4839,2
4840,2
4841,2
4842,2
4843,2
4844,2
4845,2
4846,2
4847,2
4848,2
4849,2
4850,2
4851,2
4852,3
4853,2
4854,2
4855,2
4856,2
4857,2
4858,2
4859,2
4860,2
4861,2
4862,2
4863,2
4864,2
4865,2
4866,2
4867,2
4868,2
4869,2
4870,4
4871,2
4872,2
4873,4
4874,2
4875,4
4876,2
4877,4
4878,2
4879,2
4880,2
4881,2
4882,2
4883,2
4884,2
4885,2
4886,2
4887,2
4888,2
4889,2
4890,2
4891,2
4892,4
4893,2
4894,2
4895,2
4896,2
4897,3
4898,2
4899,2
4900,2
4901,2
4902,2
4903,2
4904,2
4905,2
4906,2
4907,2
4908,2
4909,2
4910,2
4911,2
4912,2
4913,2
4914,2
4915,2
4916,2
4917,2
4918,2
4919,2
4920,2
4921,2
4922,2
4923,2
4924,2
4925,2
4926,2
4927,2
4928,2
4929,2
4930,2
4931,2
4932,2
4933,2
4934,2
4935,2
4936,4
4937,2
4938,2
4939,2
4940,2
4941,2
4942,2
4943,2
4944,2
4945,2
4946,2
4947,2
4948,2
4949,2
4950,2
4951,2
4952,2
4953,4
4954,2
4955,2
4956,2
4957,2
4958,2
4959,2
4960,2
4961,2
4962,2
4963,2
4964,2
4965,2
4966,2
4967,2
4968,2
4969,4
4970,2
4971,2
4972,2
4973,2
4974,2
4975,2
4976,2
4977,2
4978,2
4979,2
4980,2
4981,6
4982,2
4983,2
4984,2
4985,2
4986,2
4987,2
4988,2
4989,2
4990,2
4991,2
4992,2
4993,2
4994,2
4995,2
4996,2
4997,2
4998,2
4999,2
5000,2
5001,2
5002,2
5003,2
5004,2
5005,2
5006,2
5007,2
5008,2
5009,2
5010,2
5011,2
5012,2
5013,2
5014,2
5015,3
5016,2
5017,2
5018,2
5019,2
5020,2
5021,2
5022,2
5023,2
5024,2
5025,2
5026,2
5027,2
5028,2
5029,2
5030,4
5031,2
5032,2
5033,2
5034,2
5035,2
5036,2
5037,2
5038,0
5039,4
5040,4
5041,6
5042,2
5043,2
5044,4
5045,2
5046,2
5047,2
5048,2
5049,2
5050,0
5051,2
5052,2
5053,2
5054,2
5055,2
5056,2
5057,2
5058,2
5059,2
5060,2
5061,2
5062,2
5063,2
5064,2
5065,2
5066,3
5067,2
5068,2
5069,3
5070,2
5071,2
5072,2
5073,3
5074,2
5075,2
5076,4
5077,2
5078,3
5079,2
5080,2
5081,2
5082,2
5083,2
5084,2
5085,2
5086,3
5087,3
5088,2
5089,4
5090,2
5091,2
5092,2
5093,2
5094,2
5095,2
5096,2
5097,2
5098,2
5099,2
5100,2
5101,2
5102,3
5103,2
5104,2
5105,2
5106,6
5107,2
5108,2
5109,2
5110,2
5111,2
5112,2
5113,2
5114,4
5115,2
5116,2
5117,2
5118,2
5119,2
5120,2
5121,2
5122,2
5123,2
5124,2
5125,2
5126,2
5127,2
5128,2
5129,3
5130,2
5131,2
5132,2
5133,2
5134,2
5135,4
5136,2
5137,2
5138,2
5139,2
5140,2
5141,4
5142,2
5143,4
5144,2
5145,2
5146,2
5147,2
5148,2
5149,2
5150,2
5151,4
5152,4
5153,2
5154,2
5155,4
5156,2
5157,4
5158,2
5159,2
5160,2
5161,2
5162,2
5163,2
5164,2
5165,4
5166,2
5167,3
5168,2
5169,3
5170,3
5171,3
5172,2
5173,2
5174,4
5175,4
5176,2
5177,2
5178,2
5179,2
5180,2
5181,2
5182,2
5183,2
5184,3
5185,2
5186,4
5187,3
5188,4
5189,4
5190,2
5191,4
5192,2
5193,2
5194,2
5195,2
5196,2
5197,2
5198,3
5199,3
5200,2
5201,3
5202,2
5203,3
5204,2
5205,2
5206,2
5207,4
5208,3
5209,2
5210,2
5211,2
5212,2
5213,3
5214,2
5215,2
5216,2
5217,2
5218,2
5219,2
5220,2
5221,2
5222,2
5223,2
5224,2
5225,3
5226,2
5227,2
5228,2
5229,2
5230,2
5231,2
5232,2
5233,2
5234,2
5235,2
5236,3
5237,3
5238,3
5239,4
5240,4
5241,3
5242,3
5243,3
5244,2
5245,3
5246,2
5247,3
5248,3
5249,2
5250,2
5251,2
5252,2
5253,2
5254,2
5255,2
5256,2
5257,2
5258,2
5259,2
5260,2
5261,2
5262,3
5263,3
5264,3
5265,3
5266,3
5267,2
5268,2
5269,2
5270,2
5271,2
5272,2
5273,2
5274,2
5275,2
5276,2
5277,2
5278,2
5279,2
5280,2
5281,2
5282,2
5283,2
5284,2
5285,2
5286,3
5287,3
5288,2
5289,3
5290,2
5291,2
5292,2
5293,2
5294,4
5295,2
5296,2
5297,2
5298,2
5299,2
5300,2
5301,2
5302,2
5303,2
5304,3
5305,3
5306,3
5307,2
5308,2
5309,2
5310,2
5311,2
5312,2
5313,2
5314,2
5315,2
5316,2
5317,2
5318,2
5319,2
5320,2
5321,2
5322,2
5323,2
5324,2
5325,2
5326,3
5327,3
5328,2
5329,2
5330,2
5331,2
5332,2
5333,2
5334,3
5335,3
5336,2
5337,2
5338,2
5339,2
5340,2
5341,2
5342,2
5343,2
5344,2
5345,2
5346,2
5347,2
5348,2
5349,2
5350,3
5351,3
5352,2
5353,2
5354,2
5355,3
5356,2
5357,2
5358,3
5359,2
5360,2
5361,2
5362,2
5363,2
5364,2
5365,2
5366,2
5367,2
5368,2
5369,2
5370,2
5371,2
5372,2
5373,2
5374,2
5375,2
5376,2
5377,3
5378,3
5379,3
5380,2
5381,2
5382,2
5383,2
5384,2
5385,2
5386,3
5387,3
5388,3
5389,3
5390,3
5391,2
5392,2
5393,2
5394,3
5395,2
5396,2
5397,2
5398,2
5399,2
5400,2
5401,2
5402,2
5403,2
5404,2
5405,2
5406,2
5407,2
5408,2
5409,2
5410,2
5411,2
5412,2
5413,2
5414,3
5415,2
5416,3
5417,3
5418,2
5419,2
5420,2
5421,2
5422,2
5423,2
5424,2
5425,2
5426,2
5427,2
5428,3
5429,3
5430,3
5431,2
5432,2
5433,2
5434,2
5435,2
5436,2
5437,2
5438,2
5439,2
5440,2
5441,2
5442,2
5443,2
5444,2
5445,2
5446,3
5447,2
5448,3
5449,2
5450,2
5451,3
5452,2
5453,2
5454,2
5455,2
5456,2
5457,2
5458,2
5459,2
5460,2
5461,2
5462,2
5463,2
5464,2
5465,2
5466,2
5467,2
5468,2
5469,2
5470,2
5471,2
5472,2
5473,2
5474,2
5475,3
5476,3
5477,2
5478,2
5479,2
5480,2
5481,2
5482,2
5483,2
5484,2
5485,2
5486,2
5487,2
5488,3
5489,3
5490,2
5491,2
5492,3
5493,3
5494,2
5495,2
5496,2
5497,3
5498,3
5499,3
5500,2
5501,2
5502,2
5503,2
5504,2
5505,2
5506,2
5507,2
5508,2
5509,2
5510,2
5511,2
5512,2
5513,2
5514,2
5515,2
5516,2
5517,2
5518,2
5519,2
5520,2
5521,3
5522,3
5523,3
5524,3
5525,3
5526,2
5527,2
5528,2
5529,2
5530,2
5531,2
5532,2
5533,2
5534,2
5535,2
5536,2
5537,2
5538,3
5539,3
5540,2
5541,2
5542,2
5543,2
5544,2
5545,2
5546,2
5547,2
5548,2
5549,2
5550,2
5551,2
5552,2
5553,2
5554,2
5555,2
5556,2
5557,2
5558,2
5559,2
5560,2
5561,2
5562,2
5563,2
5564,2
5565,2
5566,2
5567,2
5568,2
5569,2
5570,2
5571,2
5572,2
5573,2
5574,2
5575,2
5576,2
5577,2
5578,2
5579,2
5580,2
5581,2
5582,2
5583,2
5584,2
5585,2
5586,2
5587,2
5588,2
5589,2
5590,2
5591,2
5592,2
5593,2
5594,2
5595,3
5596,3
5597,3
5598,2
5599,2
5600,3
5601,2
5602,2
5603,2
5604,2
5605,2
5606,2
5607,2
5608,2
5609,0
5610,2
5611,4
5612,2
5613,2
5614,2
5615,3
5616,2
5617,2
5618,2
5619,2
5620,2
5621,2
5622,2
5623,2
5624,2
5625,2
5626,0
5627,3
5628,2
5629,2
5630,2
5631,2
5632,2
5633,2
5634,2
5635,2
5636,2
5637,2
5638,2
5639,2
5640,2
5641,2
5642,2
5643,2
5644,5
5645,0
5646,2
5647,2
5648,2
5649,2
5650,2
5651,2
5652,2
5653,2
5654,2
5655,2
5656,2
5657,2
5658,3
5659,2
5660,2
5661,2
5662,2
5663,2
5664,3
5665,2
5666,2
5667,2
5668,2
5669,2
5670,2
5671,2
5672,2
5673,2
5674,2
5675,2
5676,2
5677,2
5678,2
5679,2
5680,2
5681,2
5682,2
5683,2
5684,2
5685,2
5686,2
5687,2
5688,2
5689,2
5690,2
5691,2
5692,2
5693,2
5694,2
5695,2
5696,2
5697,2
5698,2
5699,2
5700,2
5701,2
5702,2
5703,2
5704,2
5705,2
5706,2
5707,2
5708,2
5709,2
5710,2
5711,2
5712,2
5713,2
5714,2
5715,2
5716,2
5717,2
5718,2
5719,2
5720,2
5721,2
5722,2
5723,2
5724,2
5725,2
5726,2
5727,2
5728,2
5729,2
5730,2
5731,2
5732,2
5733,2
5734,2
5735,2
5736,2
5737,2
5738,2
5739,2
5740,2
5741,2
5742,2
5743,2
5744,2
5745,2
5746,2
5747,2
5748,2
5749,2
5750,2
5751,2
5752,2
5753,2
5754,2
5755,2
5756,2
5757,2
5758,2
5759,2
5760,2
5761,2
5762,2
5763,2
5764,2
5765,2
5766,2
5767,2
5768,2
5769,2
5770,2
5771,2
5772,2
5773,4
5774,2
5775,2
5776,2
5777,2
5778,2
5779,2
5780,2
5781,2
5782,2
5783,2
5784,2
5785,2
5786,2
5787,2
5788,2
5789,2
5790,2
5791,2
5792,2
5793,2
5794,2
5795,2
5796,2
5797,2
5798,2
5799,2
5800,2
5801,2
5802,2
5803,2
5804,2
5805,2
5806,2
5807,2
5808,2
5809,2
5810,2
5811,2
5812,2
5813,2
5814,2
5815,2
5816,2
5817,2
5818,2
5819,6
5820,2
5821,2
5822,2
5823,2
5824,2
5825,2
5826,2
5827,2
5828,2
5829,2
5830,2
5831,2
5832,2
5833,2
5834,2
5835,2
5836,2
5837,2
5838,2
5839,2
5840,2
5841,2
5842,2
5843,2
5844,2
5845,2
5846,2
5847,2
5848,2
5849,2
5850,2
5851,2
5852,2
5853,2
5854,2
5855,2
5856,2
5857,2
5858,2
5859,2
5860,2
5861,2
5862,2
5863,6
5864,2
5865,2
5866,2
5867,2
5868,2
5869,2
5870,2
5871,2
5872,2
5873,2
5874,2
5875,2
5876,2
5877,2
5878,2
5879,2
5880,2
5881,2
5882,2
5883,2
5884,2
5885,2
5886,2
5887,2
5888,2
5889,2
5890,2
5891,2
5892,2
5893,2
5894,2
5895,2
5896,2
5897,2
5898,2
5899,2
5900,2
5901,6
5902,2
5903,2
5904,2
5905,2
5906,2
5907,2
5908,2
5909,2
5910,2
5911,2
5912,2
5913,2
5914,2
5915,2
5916,2
5917,2
5918,2
5919,2
5920,2
5921,2
5922,2
5923,2
5924,2
5925,2
5926,2
5927,2
5928,2
5929,2
5930,2
5931,2
5932,2
5933,2
5934,2
5935,2
5936,2
5937,2
5938,2
5939,2
5940,2
5941,2
5942,2
5943,2
5944,2
5945,6
5946,2
5947,2
5948,0
5949,2
5950,5
5951,2
5952,2
5953,3
5954,2
5955,2
5956,2
5957,2
5958,2
5959,2
5960,2
5961,2
5962,2
5963,2
5964,2
5965,2
5966,2
5967,2
5968,2
5969,2
5970,2
5971,2
5972,2
5973,2
5974,2
5975,2
5976,2
5977,2
5978,2
5979,2
5980,2
5981,2
5982,2
5983,2
5984,2
5985,2
5986,2
5987,2
5988,2
5989,2
5990,3
5991,2
5992,2
5993,6
5994,2
5995,2
5996,2
5997,2
5998,2
5999,2
6000,2
6001,2
6002,2
6003,2
6004,0
6005,2
6006,2
6007,0
6008,2
6009,0
6010,0
6011,5
6012,3
6013,2
6014,2
6015,2
6016,2
6017,2
6018,2
6019,2
6020,2
6021,2
6022,0
6023,2
6024,4
6025,2
6026,3
6027,2
6028,2
6029,2
6030,2
6031,2
6032,2
6033,2
6034,2
6035,2
6036,2
6037,3
6038,2
6039,2
6040,3
6041,2
6042,2
6043,2
6044,2
6045,2
6046,2
6047,2
6048,2
6049,2
6050,2
6051,2
6052,2
6053,2
6054,2
6055,2
6056,2
6057,2
6058,3
6059,2
6060,3
6061,3
6062,2
6063,2
6064,2
6065,2
6066,2
6067,3
6068,2
6069,2
6070,2
6071,2
6072,2
6073,2
6074,3
6075,2
6076,2
6077,2
6078,2
6079,2
6080,2
6081,2
6082,2
6083,2
6084,3
6085,3
6086,2
6087,2
6088,2
6089,2
6090,2
6091,2
6092,2
6093,2
6094,2
6095,2
6096,2
6097,2
6098,2
6099,2
6100,2
6101,2
6102,2
6103,2
6104,2
6105,2
6106,2
6107,2
6108,2
6109,2
6110,2
6111,3
6112,2
6113,3
6114,2
6115,2
6116,2
6117,2
6118,2
6119,2
6120,2
6121,2
6122,2
6123,2
6124,2
6125,2
6126,2
6127,2
6128,2
6129,2
6130,2
6131,3
6132,2
6133,2
6134,2
6135,2
6136,2
6137,2
6138,2
6139,2
6140,2
6141,2
6142,2
6143,2
6144,2
6145,2
6146,2
6147,2
6148,2
6149,2
6150,2
6151,2
6152,3
6153,2
6154,3
6155,2
6156,2
6157,2
6158,2
6159,2
6160,2
6161,3
6162,2
6163,2
6164,2
6165,3
6166,3
6167,3
6168,2
6169,2
6170,3
6171,3
6172,2
6173,3
6174,2
6175,2
6176,2
6177,2
6178,2
6179,2
6180,2
6181,2
6182,2
6183,2
6184,2
6185,2
6186,3
6187,2
6188,3
6189,3
6190,2
6191,2
6192,3
6193,3
6194,3
6195,2
6196,3
6197,2
6198,2
6199,2
6200,2
6201,2
6202,2
6203,2
6204,2
6205,2
6206,2
6207,3
6208,2
6209,3
6210,3
6211,3
6212,3
6213,2
6214,3
6215,2
6216,2
6217,2
6218,2
6219,2
6220,2
6221,2
6222,2
6223,2
6224,2
6225,2
6226,2
6227,2
6228,2
6229,2
6230,2
6231,2
6232,2
6233,2
6234,2
6235,2
6236,3
6237,2
6238,3
6239,6
6240,3
6241,2
6242,3
6243,3
6244,2
6245,2
6246,2
6247,2
6248,2
6249,2
6250,3
6251,3
6252,3
6253,3
6254,2
6255,3
6256,2
6257,2
6258,3
6259,3
6260,3
6261,2
6262,3
6263,3
6264,2
6265,2
6266,2
6267,2
6268,2
6269,2
6270,2
6271,2
6272,2
6273,2
6274,2
6275,2
6276,2
6277,2
6278,2
6279,2
6280,2
6281,2
6282,2
6283,2
6284,2
6285,2
6286,3
6287,2
6288,3
6289,2
6290,2
6291,3
6292,2
6293,2
6294,2
6295,3
6296,2
6297,3
6298,3
6299,2
6300,2
6301,2
6302,2
6303,2
6304,3
6305,2
6306,2
6307,2
6308,2
6309,2
6310,2
6311,2
6312,2
6313,2
6314,2
6315,2
6316,2
6317,2
6318,2
6319,2
6320,2
6321,2
6322,2
6323,2
6324,2
6325,3
6326,2
6327,3
6328,3
6329,3
6330,3
6331,3
6332,6
6333,2
6334,2
6335,2
6336,2
6337,2
6338,2
6339,2
6340,3
6341,2
6342,2
6343,2
6344,2
6345,2
6346,2
6347,2
6348,3
6349,2
6350,2
6351,6
6352,2
6353,2
6354,2
6355,2
6356,3
6357,2
6358,2
6359,3
6360,2
6361,2
6362,2
6363,2
6364,2
6365,2
6366,2
6367,3
6368,2
6369,2
6370,2
6371,3
6372,2
6373,2
6374,3
6375,2
6376,2
6377,2
6378,3
6379,2
6380,2
6381,2
6382,2
6383,2
6384,2
6385,2
6386,3
6387,2
6388,2
6389,3
6390,2
6391,3
6392,3
6393,2
6394,2
6395,2
6396,2
6397,2
6398,2
6399,2
6400,3
6401,2
6402,2
6403,6
6404,3
6405,3
6406,2
6407,2
6408,3
6409,2
6410,2
6411,2
6412,3
6413,2
6414,2
6415,2
6416,3
6417,2
6418,3
6419,2
6420,3
6421,3
6422,3
6423,2
6424,2
6425,2
6426,2
6427,2
6428,2
6429,2
6430,2
6431,2
6432,2
6433,2
6434,2
6435,2
6436,2
6437,2
6438,2
6439,2
6440,2
6441,2
6442,2
6443,2
6444,2
6445,2
6446,2
6447,2
6448,2
6449,2
6450,3
6451,2
6452,2
6453,2
6454,2
6455,2
6456,2
6457,2
6458,2
6459,2
6460,2
6461,2
6462,2
6463,2
6464,2
6465,2
6466,2
6467,2
6468,2
6469,2
6470,2
6471,2
6472,2
6473,2
6474,2
6475,2
6476,2
6477,2
6478,2
6479,2
6480,2
6481,2
6482,2
6483,2
6484,2
6485,2
6486,2
6487,2
6488,2
6489,2
6490,2
6491,6
6492,2
6493,6
6494,2
6495,2
6496,2
6497,2
6498,2
6499,2
6500,2
6501,2
6502,2
6503,2
6504,2
6505,2
6506,2
6507,2
6508,2
6509,2
6510,2
6511,2
6512,2
6513,2
6514,6
6515,2
6516,2
6517,2
6518,2
6519,2
6520,2
6521,2
6522,2
6523,2
6524,2
6525,2
6526,2
6527,2
6528,2
6529,2
6530,2
6531,3
6532,2
6533,3
6534,2
6535,2
6536,3
6537,2
6538,2
6539,3
6540,2
6541,2
6542,2
6543,2
6544,2
6545,3
6546,3
6547,3
6548,3
6549,2
6550,2
6551,2
6552,2
6553,3
6554,2
6555,2
6556,2
6557,2
6558,2
6559,3
6560,4
6561,2
6562,2
6563,6
6564,2
6565,2
6566,2
6567,3
6568,4
6569,4
6570,3
6571,2
6572,2
6573,2
6574,2
6575,2
6576,2
6577,3
6578,4
6579,4
6580,4
6581,2
6582,2
6583,2
6584,4
6585,4
6586,2
6587,4
6588,4
6589,2
6590,2
6591,2
6592,6
6593,2
6594,2
6595,2
6596,2
6597,2
6598,2
6599,2
6600,2
6601,2
6602,2
6603,2
6604,2
6605,2
6606,2
6607,2
6608,2
6609,3
6610,2
6611,4
6612,4
6613,2
6614,2
6615,6
6616,6
6617,2
6618,2
6619,2
6620,5
6621,4
6622,4
6623,4
6624,2
6625,2
6626,2
6627,2
6628,2
6629,4
6630,4
6631,4
6632,2
6633,2
6634,2
6635,2
6636,2
6637,2
6638,3
6639,2
6640,2
6641,2
6642,4
6643,2
6644,2
6645,3
6646,3
6647,2
6648,2
6649,2
6650,2
6651,2
6652,2
6653,2
6654,4
6655,4
6656,3
6657,2
6658,3
6659,2
6660,2
6661,2
6662,3
6663,3
6664,2
6665,2
6666,2
6667,4
6668,2
6669,2
6670,2
6671,2
6672,2
6673,4
6674,2
6675,2
6676,2
6677,2
6678,2
6679,2
6680,4
6681,4
6682,2
6683,2
6684,2
6685,2
6686,2
6687,2
6688,2
6689,2
6690,2
6691,0
6692,4
6693,4
6694,4
6695,2
6696,2
6697,2
6698,2
6699,2
6700,2
6701,2
6702,2
6703,3
6704,4
6705,2
6706,3
6707,0
6708,2
6709,2
6710,2
6711,6
6712,4
6713,4
6714,0
6715,4
6716,2
6717,2
6718,2
6719,2
6720,4
6721,4
6722,4
6723,2
6724,2
6725,2
6726,2
6727,2
6728,2
6729,2
6730,2
6731,2
6732,2
6733,2
6734,2
6735,2
6736,2
6737,2
6738,2
6739,3
6740,2
6741,2
6742,4
6743,2
6744,2
6745,2
6746,2
6747,2
6748,2
6749,2
6750,2
6751,2
6752,6
6753,2
6754,6
6755,2
6756,2
6757,2
6758,2
6759,2
6760,2
6761,2
6762,2
6763,2
6764,2
6765,2
6766,2
6767,2
6768,3
6769,2
6770,2
6771,2
6772,2
6773,2
6774,2
6775,2
6776,2
6777,2
6778,2
6779,2
6780,2
6781,2
6782,3
6783,3
6784,3
6785,2
6786,2
6787,2
6788,2
6789,3
6790,2
6791,2
6792,2
6793,2
6794,2
6795,2
6796,2
6797,2
6798,3
6799,2
6800,2
6801,2
6802,2
6803,2
6804,2
6805,2
6806,2
6807,2
6808,2
6809,2
6810,2
6811,2
6812,6
6813,2
6814,2
6815,2
6816,3
6817,3
6818,6
6819,2
6820,2
6821,2
6822,2
6823,2
6824,2
6825,2
6826,2
6827,2
6828,3
6829,3
6830,2
6831,3
6832,2
6833,3
6834,2
6835,2
6836,3
6837,2
6838,2
6839,2
6840,3
6841,2
6842,2
6843,2
6844,3
6845,2
6846,3
6847,2
6848,3
6849,2
6850,2
6851,2
6852,2
6853,2
6854,2
6855,2
6856,2
6857,2
6858,2
6859,2
6860,2
6861,2
6862,2
6863,3
6864,6
6865,2
6866,2
6867,2
6868,2
6869,2
6870,2
6871,2
6872,2
6873,2
6874,2
6875,2
6876,2
6877,2
6878,2
6879,2
6880,3
6881,2
6882,6
6883,2
6884,6
6885,2
6886,2
6887,2
6888,2
6889,2
6890,2
6891,2
6892,2
6893,2
6894,2
6895,2
6896,6
6897,6
6898,2
6899,2
6900,2
6901,2
6902,2
6903,2
6904,2
6905,2
6906,2
6907,2
6908,2
6909,2
6910,2
6911,2
6912,2
6913,2
6914,2
6915,2
6916,2
6917,2
6918,2
6919,2
6920,2
6921,2
6922,6
6923,2
6924,2
6925,2
6926,2
6927,2
6928,2
6929,2
6930,2
6931,2
6932,2
6933,2
6934,2
6935,2
6936,2
6937,2
6938,2
6939,2
6940,2
6941,2
6942,2
6943,2
6944,2
6945,6
6946,2
6947,2
6948,6
6949,2
6950,2
6951,2
6952,2
6953,2
6954,2
6955,2
6956,2
6957,2
6958,2
6959,2
6960,2
6961,2
6962,2
6963,2
6964,6
6965,2
6966,2
6967,2
6968,2
6969,2
6970,2
6971,6
6972,2
6973,2
6974,2
6975,2
6976,2
6977,2
6978,2
6979,2
6980,2
6981,2
6982,2
6983,2
6984,2
6985,2
6986,6
6987,2
6988,2
6989,2
6990,2
6991,2
6992,2
6993,2
6994,2
6995,2
6996,6
6997,2
6998,2
6999,2
7000,2
7001,6
7002,6
7003,2
7004,2
7005,2
7006,2
7007,2
7008,2
7009,2
7010,2
7011,2
7012,2
7013,2
7014,6
7015,2
7016,2
7017,2
7018,6
7019,2
7020,2
7021,6
7022,2
7023,2
7024,2
7025,2
7026,2
7027,2
7028,6
7029,6
7030,2
7031,2
7032,2
7033,2
7034,2
7035,2
7036,2
7037,2
7038,2
7039,2
7040,2
7041,2
7042,6
7043,2
7044,2
7045,2
7046,2
7047,2
7048,2
7049,2
7050,2
7051,2
7052,2
7053,2
7054,2
7055,2
7056,2
7057,2
7058,2
7059,2
7060,2
7061,2
7062,2
7063,2
7064,2
7065,2
7066,2
7067,2
7068,2
7069,2
7070,6
7071,2
7072,0
7073,2
7074,2
7075,2
7076,6
7077,2
7078,2
7079,2
7080,2
7081,2
7082,6
7083,2
7084,2
7085,2
7086,2
7087,2
7088,2
7089,2
7090,2
7091,2
7092,2
7093,2
7094,2
7095,2
7096,2
7097,2
7098,2
7099,2
7100,2
7101,2
7102,6
7103,2
7104,2
7105,4
7106,3
7107,2
7108,2
7109,2
7110,2
7111,6
7112,2
7113,2
7114,2
7115,2
7116,2
7117,2
7118,2
7119,2
7120,5
7121,2
7122,2
7123,2
7124,2
7125,4
7126,0
7127,4
7128,4
7129,4
7130,2
7131,2
7132,2
7133,2
7134,2
7135,2
7136,2
7137,2
7138,2
7139,2
7140,2
7141,2
7142,2
7143,2
7144,2
7145,2
7146,2
7147,2
7148,2
7149,2
7150,2
7151,2
7152,2
7153,2
7154,2
7155,2
7156,2
7157,3
7158,2
7159,2
7160,2
7161,2
7162,2
7163,2
7164,2
7165,2
7166,3
7167,2
7168,2
7169,2
7170,2
7171,2
7172,2
7173,2
7174,0
7175,3
7176,2
7177,3
7178,2
7179,2
7180,2
7181,3
7182,2
7183,2
7184,2
7185,2
7186,1
7187,2
7188,2
7189,2
7190,2
7191,2
7192,6
7193,2
7194,2
7195,2
7196,2
7197,2
7198,2
7199,2
7200,2
7201,2
7202,2
7203,2
7204,2
7205,2
7206,2
7207,0
7208,3
7209,0
7210,2
7211,2
7212,2
7213,2
7214,2
7215,3
7216,2
7217,2
7218,2
7219,2
7220,2
7221,2
7222,0
7223,2
7224,0
7225,2
7226,2
7227,0
7228,2
7229,2
7230,2
7231,2
7232,0
7233,0
7234,0
7235,2
7236,2
7237,2
7238,2
7239,0
7240,2
7241,2
7242,2
7243,2
7244,2
7245,2
7246,0
7247,2
7248,2
7249,2
7250,2
7251,0
7252,2
7253,2
7254,3
7255,2
7256,2
7257,3
7258,2
7259,2
7260,0
7261,2
7262,2
7263,2
7264,2
7265,2
7266,2
7267,0
7268,0
7269,0
7270,0
7271,2
7272,2
7273,3
7274,2
7275,2
7276,2
7277,2
7278,2
7279,2
7280,2
7281,2
7282,2
7283,2
7284,2
7285,2
7286,2
7287,3
7288,2
7289,2
7290,0
7291,2
7292,2
7293,2
7294,2
7295,2
7296,2
7297,2
7298,0
7299,3
7300,2
7301,0
7302,0
7303,0
7304,2
7305,2
7306,2
7307,2
7308,2
7309,2
7310,2
7311,2
7312,2
7313,4
7314,2
7315,2
7316,0
7317,2
7318,2
7319,2
7320,0
7321,2
7322,2
7323,2
7324,2
7325,2
7326,2
7327,0
7328,2
7329,2
7330,2
7331,2
7332,2
7333,2
7334,2
7335,2
7336,2
7337,2
7338,2
7339,2
7340,2
7341,2
7342,2
7343,2
7344,2
7345,4
7346,2
7347,2
7348,3
7349,0
7350,2
7351,3
7352,4
7353,2
7354,3
7355,4
7356,0
7357,4
7358,2
7359,3
7360,2
7361,2
7362,5
7363,0
7364,0
7365,2
7366,2
7367,6
7368,3
7369,2
7370,0
7371,2
7372,2
7373,0
7374,2
7375,4
7376,2
7377,2
7378,2
7379,2
7380,6
7381,6
7382,2
7383,6
7384,2
7385,3
7386,2
7387,2
7388,0
7389,2
7390,2
7391,0
7392,4
7393,2
7394,2
7395,2
7396,2
7397,2
7398,0
7399,2
7400,2
7401,6
7402,2
7403,0
7404,2
7405,0
7406,2
7407,2
7408,0
7409,0
7410,2
7411,2
7412,0
7413,2
7414,2
7415,4
7416,2
7417,2
7418,2
7419,2
7420,2
7421,2
7422,2
7423,2
7424,2
7425,2
7426,2
7427,2
7428,2
7429,2
7430,2
7431,2
7432,2
7433,3
7434,2
7435,2
7436,2
7437,3
7438,3
7439,2
7440,2
7441,2
7442,2
7443,2
7444,3
7445,2
7446,2
7447,2
7448,2
7449,0
7450,2
7451,2
7452,2
7453,2
7454,2
7455,3
7456,0
7457,2
7458,2
7459,2
7460,2
7461,6
7462,6
7463,6
7464,4
7465,2
7466,2
7467,2
7468,2
7469,2
7470,2
7471,0
7472,2
7473,2
7474,2
7475,2
7476,4
7477,2
7478,4
7479,2
7480,2
7481,2
7482,2
7483,2
7484,2
7485,2
7486,2
7487,4
7488,0
7489,0
7490,2
7491,2
7492,2
7493,2
7494,2
7495,2
7496,0
7497,0
7498,3
7499,2
7500,2
7501,0
7502,0
7503,2
7504,4
7505,0
7506,2
7507,0
7508,3
7509,2
7510,2
7511,2
7512,2
7513,2
7514,2
7515,2
7516,2
7517,2
7518,2
7519,2
7520,2
7521,2
7522,0
7523,2
7524,0
7525,0
7526,0
7527,2
7528,2
7529,2
7530,0
7531,0
7532,0
7533,0
7534,0
7535,2
7536,2
7537,2
7538,2
7539,2
7540,3
7541,3
7542,3
7543,6
7544,2
7545,2
7546,0
7547,4
7548,2
7549,2
7550,4
7551,2
7552,2
7553,0
7554,4
7555,0
7556,2
7557,2
7558,2
7559,2
7560,4
7561,2
7562,2
7563,2
7564,2
7565,2
7566,2
7567,2
7568,2
7569,0
7570,2
7571,2
7572,4
7573,2
7574,2
7575,2
7576,2
7577,2
7578,4
7579,2
7580,2
7581,2
7582,2
7583,2
7584,2
7585,2
7586,2
7587,2
7588,2
7589,2
7590,2
7591,2
7592,2
7593,2
7594,0
7595,4
7596,2
7597,2
7598,4
7599,2
7600,2
7601,2
7602,2
7603,2
7604,2
7605,2
7606,4
7607,2
7608,2
7609,2
7610,4
7611,2
7612,2
7613,2
7614,2
7615,6
7616,2
7617,2
7618,2
7619,0
7620,2
7621,2
7622,2
7623,2
7624,2
7625,2
7626,2
7627,2
7628,2
7629,2
7630,2
7631,2
7632,2
7633,2
7634,2
7635,2
7636,0
7637,2
7638,2
7639,6
7640,0
7641,2
7642,6
7643,2
7644,2
7645,2
7646,2
7647,2
7648,2
7649,2
7650,2
7651,2
7652,2
7653,2
7654,5
7655,2
7656,2
7657,2
7658,3
7659,2
7660,0
7661,0
7662,2
7663,2
7664,2
7665,2
7666,2
7667,0
7668,2
7669,2
7670,2
7671,2
7672,2
7673,2
7674,2
7675,2
7676,2
7677,2
7678,2
7679,2
7680,2
7681,3
7682,2
7683,2
7684,2
7685,2
7686,2
7687,2
7688,2
7689,2
7690,2
7691,2
7692,2
7693,2
7694,2
7695,2
7696,0
7697,2
7698,2
7699,2
7700,2
7701,2
7702,0
7703,2
7704,2
7705,2
7706,3
7707,2
7708,2
7709,2
7710,2
7711,2
7712,2
7713,2
7714,2
7715,2
7716,2
7717,2
7718,0
7719,2
7720,2
7721,2
7722,2
7723,2
7724,4
7725,2
7726,2
7727,2
7728,2
7729,2
7730,2
7731,2
7732,2
7733,2
7734,2
7735,2
7736,2
7737,2
7738,2
7739,4
7740,2
7741,2
7742,2
7743,2
7744,2
7745,2
7746,2
7747,2
7748,2
7749,2
7750,2
7751,2
7752,2
7753,2
7754,2
7755,2
7756,0
7757,2
7758,2
7759,2
7760,0
7761,2
7762,2
7763,2
7764,2
7765,2
7766,0
7767,2
7768,2
7769,2
7770,2
7771,2
7772,2
7773,2
7774,0
7775,2
7776,2
7777,5
7778,2
7779,2
7780,2
7781,2
7782,2
7783,2
7784,2
7785,2
7786,2
7787,6
7788,2
7789,2
7790,6
7791,2
7792,2
7793,6
7794,2
7795,2
7796,6
7797,6
7798,2
7799,2
7800,2
7801,2
7802,2
7803,2
7804,2
7805,2
7806,2
7807,6
7808,2
7809,2
7810,2
7811,2
7812,2
7813,2
7814,6
7815,2
7816,2
7817,6
7818,2
7819,2
7820,2
7821,2
7822,2
7823,2
7824,6
7825,2
7826,2
7827,6
7828,2
7829,2
7830,2
7831,6
7832,2
7833,2
7834,2
7835,6
7836,6
7837,6
7838,6
7839,2
7840,2
7841,2
7842,2
7843,2
7844,2
7845,2
7846,2
7847,6
7848,2
7849,6
7850,2
7851,2
7852,2
7853,2
7854,2
7855,2
7856,2
7857,2
7858,6
7859,2
7860,2
7861,6
7862,2
7863,6
7864,6
7865,6
7866,6
7867,2
7868,2
7869,6
7870,2
7871,2
7872,2
7873,2
7874,2
7875,2
7876,6
7877,2
7878,2
7879,2
7880,6
7881,2
7882,6
7883,2
7884,2
7885,2
7886,2
7887,2
7888,2
7889,6
7890,6
7891,2
7892,2
7893,2
7894,2
7895,2
7896,2
7897,2
7898,6
7899,2
7900,2
7901,2
7902,2
7903,2
7904,2
7905,2
7906,2
7907,2
7908,2
7909,0
7910,2
7911,2
7912,2
7913,2
7914,2
7915,2
7916,2
7917,2
7918,2
7919,0
7920,0
7921,2
7922,2
7923,2
7924,2
7925,2
7926,2
7927,0
7928,0
7929,0
7930,2
7931,2
7932,2
7933,2
7934,2
7935,2
7936,3
7937,2
7938,2
7939,3
7940,3
7941,0
7942,2
7943,2
7944,2
7945,2
7946,2
7947,2
7948,2
7949,2
7950,2
7951,2
7952,2
7953,3
7954,2
7955,2
7956,2
7957,2
7958,2
7959,2
7960,2
7961,2
7962,2
7963,3
7964,2
7965,2
7966,2
7967,2
7968,0
7969,2
7970,2
7971,3
7972,2
7973,3
7974,2
7975,4
7976,2
7977,2
7978,2
7979,6
7980,2
7981,2
7982,2
7983,2
7984,2
7985,2
7986,2
7987,2
7988,2
7989,2
7990,2
7991,2
7992,2
7993,2
7994,2
7995,2
7996,2
7997,2
7998,2
7999,2
8000,2
8001,2
8002,2
8003,2
8004,2
8005,2
8006,2
8007,2
8008,2
8009,2
8010,2
8011,2
8012,6
8013,0
8014,2
8015,2
8016,6
8017,2
8018,3
8019,2
8020,2
8021,2
8022,2
8023,2
8024,2
8025,2
8026,2
8027,2
8028,2
8029,2
8030,2
8031,0
8032,2
8033,2
8034,2
8035,2
8036,2
8037,2
8038,2
8039,2
8040,2
8041,2
8042,2
8043,2
8044,2
8045,2
8046,2
8047,2
8048,2
8049,2
8050,0
8051,2
8052,2
8053,0
8054,2
8055,2
8056,2
8057,2
8058,2
8059,2
8060,2
8061,2
8062,2
8063,2
8064,2
8065,2
8066,2
8067,6
8068,2
8069,2
8070,6
8071,6
8072,2
8073,2
8074,2
8075,2
8076,2
8077,2
8078,2
8079,2
8080,2
8081,2
8082,2
8083,2
8084,0
8085,2
8086,2
8087,2
8088,2
8089,2
8090,2
8091,2
8092,2
8093,2
8094,2
8095,6
8096,6
8097,2
8098,2
8099,0
8100,2
8101,2
8102,2
8103,2
8104,2
8105,2
8106,2
8107,2
8108,2
8109,2
8110,2
8111,4
8112,4
8113,2
8114,0
8115,2
8116,0
8117,2
8118,2
8119,4
8120,2
8121,2
8122,2
8123,2
8124,2
8125,2
8126,2
8127,2
8128,2
8129,0
8130,2
8131,2
8132,0
8133,2
8134,2
8135,0
8136,4
8137,2
8138,2
8139,3
8140,0
8141,2
8142,2
8143,3
8144,5
8145,2
8146,2
8147,2
8148,0
8149,2
8150,2
8151,2
8152,2
8153,2
8154,6
8155,2
8156,2
8157,2
8158,0
8159,2
8160,0
8161,2
8162,5
8163,3
8164,0
8165,2
8166,4
8167,2
8168,2
8169,2
8170,0
8171,0
8172,0
8173,2
8174,2
8175,2
8176,4
8177,2
8178,2
8179,0
8180,2
8181,2
8182,0
8183,2
8184,2
8185,2
8186,4
8187,2
8188,2
8189,2
8190,0
8191,0
8192,2
8193,2
8194,0
8195,2
8196,4
8197,2
8198,2
8199,2
8200,0
8201,0
8202,0
8203,2
8204,2
8205,2
8206,4
8207,2
8208,0
8209,2
8210,2
8211,4
8212,2
8213,2
8214,2
8215,0
8216,0
8217,6
8218,2
8219,2
8220,2
8221,2
8222,2
8223,0
8224,0
8225,5
8226,0
8227,2
8228,2
8229,0
8230,0
8231,0
8232,2
8233,5
8234,0
8235,2
8236,2
8237,0
8238,2
8239,2
8240,0
8241,2
8242,0
8243,2
8244,0
8245,0
8246,2
8247,2
8248,2
8249,0
8250,2
8251,2
8252,0
8253,2
8254,2
8255,2
8256,0
8257,2
8258,2
8259,0
8260,2
8261,2
8262,2
8263,2
8264,2
8265,2
8266,2
8267,2
8268,2
8269,2
8270,2
8271,0
8272,2
8273,2
8274,2
8275,6
8276,2
8277,2
8278,2
8279,0
8280,0
8281,2
8282,2
8283,0
8284,4
8285,0
8286,2
8287,0
8288,0
8289,0
8290,2
8291,2
8292,0
8293,2
8294,2
8295,0
8296,2
8297,0
8298,2
8299,2
8300,2
8301,2
8302,2
8303,2
8304,2
8305,2
8306,0
8307,2
8308,0
8309,2
8310,2
8311,2
8312,2
8313,2
8314,2
8315,2
8316,2
8317,0
8318,2
8319,2
8320,2
8321,5
8322,2
8323,2
8324,2
8325,2
8326,5
8327,2
8328,5
8329,2
8330,0
8331,4
8332,4
8333,2
8334,2
8335,2
8336,5
8337,2
8338,2
8339,2
8340,2
8341,4
8342,0
8343,2
8344,0
8345,0
8346,2
8347,2
8348,2
8349,0
8350,0
8351,2
8352,0
8353,3
8354,2
8355,2
8356,4
8357,4
8358,4
8359,2
8360,2
8361,2
8362,0
8363,4
8364,0
8365,0
8366,5
8367,0
8368,2
8369,2
8370,2
8371,0
8372,2
8373,2
8374,2
8375,2
8376,3
8377,2
8378,2
8379,2
8380,2
8381,0
8382,0
8383,2
8384,2
8385,2
8386,2
8387,2
8388,0
8389,2
8390,0
8391,2
8392,0
8393,0
8394,0
8395,5
8396,5
8397,4
8398,2
8399,2
8400,0
8401,4
8402,2
8403,2
8404,4
8405,2
8406,2
8407,2
8408,0
8409,2
8410,4
8411,0
8412,2
8413,2
8414,2
8415,2
8416,2
8417,0
8418,2
8419,2
8420,2
8421,0
8422,2
8423,0
8424,2
8425,2
8426,4
8427,2
8428,4
8429,0
8430,0
8431,0
8432,0
8433,2
8434,2
8435,5
8436,2
8437,0
8438,0
8439,2
8440,2
8441,2
8442,2
8443,0
8444,0
8445,0
8446,0
8447,0
8448,0
8449,0
8450,2
8451,0
8452,2
8453,0
8454,0
8455,2
8456,0
8457,2
8458,2
8459,0
8460,2
8461,0
8462,0
8463,0
8464,4
8465,4
8466,3
8467,2
8468,0
8469,0
8470,2
8471,4
8472,2
8473,2
8474,2
8475,2
8476,2
8477,2
8478,2
8479,0
8480,0
8481,4
8482,2
8483,4
8484,2
8485,0
8486,2
8487,0
8488,0
8489,2
8490,2
8491,2
8492,0
8493,0
8494,2
8495,2
8496,0
8497,2
8498,3
8499,0
8500,2
8501,2
8502,0
8503,2
8504,0
8505,2
8506,4
8507,2
8508,2
8509,0
8510,2
8511,0
8512,0
8513,4
8514,0
8515,0
8516,2
8517,2
8518,2
8519,2
8520,4
8521,2
8522,0
8523,2
8524,2
8525,2
8526,2
8527,2
8528,2
8529,0
8530,0
8531,2
8532,2
8533,0
8534,0
8535,0
8536,2
8537,2
8538,0
8539,2
8540,2
8541,0
8542,0
8543,2
8544,0
8545,2
8546,2
8547,0
8548,0
8549,5
8550,2
8551,2
8552,2
8553,0
8554,0
8555,2
8556,0
8557,0
8558,2
8559,0
8560,3
8561,2
8562,0
8563,2
8564,0
8565,2
8566,2
8567,2
8568,0
8569,0
8570,0
8571,0
8572,2
8573,5
8574,2
8575,2
8576,2
8577,2
8578,0
8579,3
8580,2
8581,2
8582,2
8583,2
8584,2
8585,2
8586,2
8587,2
8588,2
8589,2
8590,0
8591,2
8592,4
8593,2
8594,4
8595,2
8596,2
8597,0
8598,4
8599,2
8600,2
8601,2
8602,2
8603,2
8604,2
8605,0
8606,2
8607,2
8608,2
8609,2
8610,2
8611,2
8612,2
8613,2
8614,4
8615,2
8616,4
8617,2
8618,2
8619,0
8620,2
8621,0
8622,0
8623,0
8624,4
8625,2
8626,0
8627,2
8628,2
8629,2
8630,2
8631,2
8632,2
8633,2
8634,0
8635,2
8636,2
8637,4
8638,4
8639,0
8640,2
8641,2
8642,2
8643,2
8644,0
8645,2
8646,2
8647,2
8648,2
8649,0
8650,2
8651,2
8652,2
8653,2
8654,2
8655,0
8656,2
8657,2
8658,2
8659,2
8660,3
8661,2
8662,2
8663,0
8664,3
8665,2
8666,2
8667,3
8668,2
8669,2
8670,2
8671,2
8672,0
8673,2
8674,2
8675,2
8676,2
8677,2
8678,2
8679,4
8680,2
8681,4
8682,2
8683,2
8684,2
8685,2
8686,2
8687,0
8688,0
8689,2
8690,2
8691,5
8692,2
8693,2
8694,2
8695,2
8696,2
8697,2
8698,5
8699,2
8700,2
8701,2
8702,5
8703,4
8704,2
8705,2
8706,2
8707,2
8708,2
8709,2
8710,2
8711,0
8712,0
8713,0
8714,0
8715,2
8716,2
8717,2
8718,2
8719,0
8720,0
8721,2
8722,2
8723,2
8724,2
8725,2
8726,2
8727,2
8728,0
8729,2
8730,2
8731,2
8732,2
8733,2
8734,2
8735,2
8736,2
8737,2
8738,0
8739,2
8740,2
8741,2
8742,3
8743,0
8744,2
8745,2
8746,2
8747,2
8748,0
8749,0
8750,2
8751,2
8752,2
8753,3
8754,4
8755,4
8756,2
8757,2
8758,3
8759,2
8760,2
8761,4
8762,3
8763,4
8764,2
8765,2
8766,2
8767,2
8768,2
8769,2
8770,0
8771,2
8772,2
8773,2
8774,0
8775,0
8776,2
8777,2
8778,0
8779,0
8780,2
8781,2
8782,2
8783,2
8784,0
8785,2
8786,2
8787,0
8788,2
8789,0
8790,0
8791,2
8792,2
8793,4
8794,2
8795,2
8796,2
8797,2
8798,2
8799,2
8800,2
8801,2
8802,2
8803,0
8804,2
8805,2
8806,2
8807,2
8808,4
8809,3
8810,2
8811,2
8812,2
8813,2
8814,2
8815,2
8816,2
8817,2
8818,3
8819,0
8820,2
8821,0
8822,0
8823,0
8824,2
8825,0
8826,0
8827,2
8828,2
8829,2
8830,0
8831,0
8832,2
8833,6
8834,0
8835,2
8836,0
8837,2
8838,2
8839,2
8840,2
8841,0
8842,2
8843,2
8844,0
8845,0
8846,2
8847,2
8848,2
8849,2
8850,2
8851,0
8852,2
8853,3
8854,2
8855,2
8856,2
8857,2
8858,0
8859,4
8860,2
8861,0
8862,0
8863,2
8864,0
8865,0
8866,0
8867,0
8868,2
8869,2
8870,2
8871,2
8872,2
8873,2
8874,0
8875,2
8876,0
8877,0
8878,0
8879,2
8880,2
8881,2
8882,2
8883,2
8884,2
8885,2
8886,2
8887,2
8888,2
8889,2
8890,2
8891,2
8892,2
8893,2
8894,6
8895,2
8896,2
8897,4
8898,2
8899,4
8900,2
8901,0
8902,0
8903,2
8904,2
8905,2
8906,2
8907,2
8908,2
8909,0
8910,0
8911,0
8912,0
8913,0
8914,2
8915,2
8916,2
8917,2
8918,2
8919,4
8920,0
8921,2
8922,2
8923,2
8924,2
8925,2
8926,0
8927,0
8928,2
8929,2
8930,0
8931,2
8932,2
8933,2
8934,2
8935,2
8936,2
8937,2
8938,2
8939,2
8940,2
8941,2
8942,0
8943,4
8944,2
8945,2
8946,2
8947,0
8948,0
8949,0
8950,2
8951,0
8952,0
8953,0
8954,2
8955,2
8956,0
8957,0
8958,2
8959,2
8960,2
8961,2
8962,2
8963,2
8964,2
8965,2
8966,2
8967,0
8968,2
8969,2
8970,2
8971,2
8972,0
8973,0
8974,2
8975,2
8976,0
8977,2
8978,2
8979,0
8980,2
8981,0
8982,0
8983,2
8984,2
8985,6
8986,2
8987,2
8988,2
8989,3
8990,0
8991,0
8992,0
8993,2
8994,0
8995,0
8996,0
8997,2
8998,2
8999,0
9000,0
9001,2
9002,0
9003,2
9004,0
9005,0
9006,2
9007,2
9008,2
9009,0
9010,2
9011,2
9012,0
9013,2
9014,2
9015,2
9016,4
9017,2
9018,4
9019,2
9020,4
9021,2
9022,2
9023,0
9024,5
9025,4
9026,2
9027,2
9028,2
9029,2
9030,2
9031,2
9032,2
9033,2
9034,2
9035,2
9036,2
9037,2
9038,2
9039,2
9040,2
9041,2
9042,2
9043,2
9044,0
9045,2
9046,2
9047,2
9048,2
9049,2
9050,2
9051,0
9052,0
9053,0
9054,2
9055,0
9056,0
9057,2
9058,0
9059,0
9060,2
9061,0
9062,2
9063,0
9064,4
9065,2
9066,0
9067,2
9068,2
9069,0
9070,2
9071,0
9072,2
9073,4
9074,2
9075,5
9076,0
9077,2
9078,2
9079,2
9080,2
9081,2
9082,2
9083,2
9084,2
9085,2
9086,2
9087,2
9088,2
9089,5
9090,3
9091,2
9092,2
9093,0
9094,2
9095,2
9096,2
9097,2
9098,2
9099,2
9100,0
9101,3
9102,2
9103,2
9104,2
9105,2
9106,4
9107,2
9108,2
9109,2
9110,2
9111,2
9112,4
9113,2
9114,0
9115,0
9116,2
9117,0
9118,0
9119,0
9120,0
9121,0
9122,4
9123,2
9124,4
9125,2
9126,0
9127,2
9128,0
9129,2
9130,2
9131,4
9132,2
9133,2
9134,2
9135,2
9136,4
9137,2
9138,0
9139,2
9140,0
9141,2
9142,0
9143,2
9144,4
9145,2
9146,2
9147,5
9148,3
9149,2
9150,2
9151,2
9152,0
9153,0
9154,2
9155,0
9156,2
9157,2
9158,2
9159,2
9160,2
9161,2
9162,0
9163,2
9164,2
9165,3
9166,2
9167,5
9168,2
9169,2
9170,5
9171,3
9172,0
9173,0
9174,2
9175,2
9176,2
9177,4
9178,2
9179,0
9180,2
9181,5
9182,2
9183,4
9184,2
9185,0
9186,2
9187,2
9188,2
9189,2
9190,2
9191,0
9192,0
9193,2
9194,2
9195,2
9196,2
9197,4
9198,2
9199,2
9200,0
9201,2
9202,0
9203,2
9204,2
9205,0
9206,0
9207,0
9208,0
9209,2
9210,2
9211,2
9212,0
9213,0
9214,2
9215,2
9216,2
9217,2
9218,0
9219,0
9220,0
9221,0
9222,2
9223,2
9224,0
9225,2
9226,0
9227,0
9228,0
9229,0
9230,2
9231,2
9232,2
9233,2
9234,6
9235,2
9236,2
9237,2
9238,4
9239,3
9240,2
9241,2
9242,2
9243,2
9244,2
9245,2
9246,2
9247,2
9248,2
9249,2
9250,0
9251,4
9252,2
9253,0
9254,4
9255,0
9256,2
9257,4
9258,0
9259,2
9260,2
9261,2
9262,2
9263,2
9264,2
9265,2
9266,4
9267,2
9268,2
9269,2
9270,0
9271,2
9272,4
9273,2
9274,2
9275,0
9276,2
9277,2
9278,0
9279,2
9280,2
9281,2
9282,0
9283,0
9284,2
9285,2
9286,2
9287,2
9288,0
9289,2
9290,2
9291,0
9292,0
9293,2
9294,2
9295,2
9296,4
9297,2
9298,0
9299,2
9300,2
9301,0
9302,2
9303,2
9304,0
9305,2
9306,2
9307,2
9308,5
9309,2
9310,3
9311,0
9312,0
9313,2
9314,2
9315,0
9316,2
9317,2
9318,0
9319,5
9320,5
9321,2
9322,2
9323,2
9324,0
9325,0
9326,0
9327,0
9328,0
9329,0
9330,2
9331,2
9332,0
9333,4
9334,2
9335,2
9336,2
9337,2
9338,5
9339,0
9340,0
9341,2
9342,0
9343,2
9344,2
9345,2
9346,2
9347,2
9348,2
9349,4
9350,2
9351,2
9352,4
9353,0
9354,0
9355,2
9356,2
9357,2
9358,3
9359,2
9360,3
9361,2
9362,2
9363,0
9364,2
9365,0
9366,0
9367,2
9368,4
9369,0
9370,4
9371,0
9372,2
9373,2
9374,2
9375,2
9376,2
9377,4
9378,2
9379,2
9380,5
9381,2
9382,4
9383,2
9384,0
9385,2
9386,2
9387,4
9388,4
9389,4
9390,4
9391,0
9392,0
9393,2
9394,2
9395,2
9396,2
9397,2
9398,2
9399,2
9400,2
9401,2
9402,2
9403,0
9404,2
9405,2
9406,0
9407,2
9408,0
9409,4
9410,4
9411,2
9412,0
9413,2
9414,0
9415,0
9416,0
9417,2
9418,2
9419,0
9420,2
9421,2
9422,0
9423,2
9424,2
9425,2
9426,2
9427,3
9428,4
9429,2
9430,5
9431,0
9432,4
9433,0
9434,0
9435,2
9436,2
9437,0
9438,0
9439,2
9440,3
9441,4
9442,2
9443,2
9444,0
9445,0
9446,2
9447,2
9448,2
9449,2
9450,5
9451,4
9452,0
9453,3
9454,2
9455,2
9456,2
9457,2
9458,2
9459,2
9460,2
9461,2
9462,0
9463,2
9464,2
9465,2
9466,3
9467,2
9468,3
9469,3
9470,3
9471,2
9472,2
9473,2
9474,2
9475,2
9476,4
9477,2
9478,2
9479,2
9480,2
9481,2
9482,2
9483,2
9484,6
9485,6
9486,6
9487,6
9488,6
9489,2
9490,2
9491,2
9492,2
9493,2
9494,0
9495,3
9496,2
9497,2
9498,2
9499,2
9500,2
9501,2
9502,2
9503,2
9504,2
9505,2
9506,2
9507,2
9508,2
9509,2
9510,2
9511,2
9512,2
9513,2
9514,2
9515,0
9516,0
9517,0
9518,5
9519,2
9520,2
9521,0
9522,0
9523,3
9524,0
9525,0
9526,2
9527,0
9528,2
9529,2
9530,2
9531,4
9532,2
9533,4
9534,0
9535,2
9536,4
9537,2
9538,0
9539,0
9540,2
9541,5
9542,0
9543,0
9544,2
9545,2
9546,2
9547,2
9548,5
9549,0
9550,2
9551,2
9552,0
9553,0
9554,0
9555,0
9556,2
9557,2
9558,5
9559,2
9560,2
9561,2
9562,0
9563,0
9564,0
9565,2
9566,2
9567,2
9568,4
9569,2
9570,2
9571,2
9572,2
9573,2
9574,2
9575,2
9576,2
9577,2
9578,3
9579,2
9580,2
9581,2
9582,2
9583,2
9584,2
9585,2
9586,2
9587,0
9588,2
9589,2
9590,2
9591,2
9592,2
9593,2
9594,2
9595,5
9596,0
9597,2
9598,2
9599,2
9600,2
9601,2
9602,2
9603,3
9604,0
9605,2
9606,2
9607,5
9608,4
9609,4
9610,2
9611,2
9612,3
9613,0
9614,3
9615,2
9616,0
9617,0
9618,5
9619,2
9620,0
9621,0
9622,0
9623,0
9624,0
9625,0
9626,5
9627,3
9628,2
9629,2
9630,2
9631,2
9632,2
9633,2
9634,0
9635,5
9636,0
9637,0
9638,2
9639,2
9640,2
9641,2
9642,2
9643,3
9644,2
9645,2
9646,2
9647,2
9648,2
9649,2
9650,2
9651,3
9652,3
9653,2
9654,2
9655,2
9656,2
9657,2
9658,0
9659,0
9660,0
9661,2
9662,0
9663,0
9664,0
9665,0
9666,0
9667,0
9668,0
9669,4
9670,2
9671,2
9672,2
9673,2
9674,2
9675,2
9676,4
9677,2
9678,4
9679,2
9680,2
9681,2
9682,2
9683,2
9684,4
9685,0
9686,4
9687,2
9688,2
9689,2
9690,4
9691,2
9692,4
9693,2
9694,2
9695,3
9696,2
9697,0
9698,2
9699,2
9700,2
9701,0
9702,2
9703,2
9704,4
9705,4
9706,2
9707,2
9708,2
9709,0
9710,0
9711,2
9712,0
9713,2
9714,4
9715,2
9716,5
9717,2
9718,2
9719,2
9720,2
9721,2
9722,2
9723,2
9724,2
9725,2
9726,0
9727,0
9728,0
9729,2
9730,0
9731,2
9732,0
9733,0
9734,3
9735,4
9736,2
9737,0
9738,0
9739,2
9740,0
9741,2
9742,0
9743,2
9744,3
9745,2
9746,2
9747,2
9748,2
9749,2
9750,2
9751,0
9752,0
9753,2
9754,0
9755,0
9756,2
9757,2
9758,2
9759,2
9760,0
9761,0
9762,2
9763,2
9764,2
9765,2
9766,5
9767,2
9768,2
9769,4
9770,0
9771,2
9772,5
9773,2
9774,4
9775,2
9776,2
9777,4
9778,2
9779,2
9780,2
9781,2
9782,2
9783,0
9784,2
9785,2
9786,2
9787,0
9788,2
9789,2
9790,4
9791,0
9792,2
9793,0
9794,2
9795,0
9796,2
9797,2
9798,0
9799,2
9800,0
9801,2
9802,2
9803,2
9804,0
9805,2
9806,0
9807,0
9808,0
9809,5
9810,2
9811,0
9812,0
9813,0
9814,3
9815,2
9816,2
9817,0
9818,0
9819,2
9820,2
9821,2
9822,2
9823,0
9824,2
9825,2
9826,2
9827,4
9828,2
9829,2
9830,2
9831,2
9832,0
9833,2
9834,5
9835,0
9836,2
9837,2
9838,0
9839,2
9840,2
9841,0
9842,0
9843,3
9844,2
9845,2
9846,0
9847,2
9848,2
9849,3
9850,2
9851,0
9852,2
9853,2
9854,3
9855,2
9856,0
9857,2
9858,0
9859,2
9860,2
9861,3
9862,2
9863,2
9864,2
9865,0
9866,2
9867,2
9868,2
9869,0
9870,3
9871,2
9872,0
9873,2
9874,0
9875,3
9876,3
9877,2
9878,2
9879,0
9880,2
9881,4
9882,4
9883,2
9884,2
9885,2
9886,4
9887,2
9888,4
9889,0
9890,2
9891,2
9892,4
9893,2
9894,2
9895,2
9896,2
9897,2
9898,2
9899,2
9900,4
9901,2
9902,2
9903,4
9904,2
9905,0
9906,4
9907,0
9908,2
9909,0
9910,0
9911,2
9912,0
9913,2
9914,2
9915,2
9916,0
9917,2
9918,0
9919,2
9920,2
9921,0
9922,0
9923,2
9924,0
9925,0
9926,0
9927,0
9928,3
9929,2
9930,2
9931,2
9932,2
9933,2
9934,0
9935,2
9936,2
9937,2
9938,2
9939,2
9940,2
9941,2
9942,0
9943,2
9944,4
9945,5
9946,2
9947,2
9948,2
9949,2
9950,2
9951,2
9952,2
9953,2
9954,0
9955,0
9956,0
9957,2
9958,0
9959,2
9960,2
9961,0
9962,2
9963,2
9964,2
9965,2
9966,0
9967,0
9968,2
9969,0
9970,2
9971,2
9972,0
9973,0
9974,0
9975,2
9976,2
9977,2
9978,2
9979,2
9980,0
9981,2
9982,2
9983,4
9984,2
9985,2
9986,2
9987,4
9988,2
9989,4
9990,2
9991,2
9992,2
9993,2
9994,2
9995,2
9996,2
9997,0
9998,5
9999,3
10000,2
10001,2
10002,2
10003,3
10004,2
10005,0
10006,0
10007,2
10008,0
10009,0
10010,2
10011,2
10012,0
10013,4
10014,2
10015,2
10016,0
10017,2
10018,2
10019,2
10020,0
10021,2
10022,2
10023,2
10024,2
10025,2
10026,2
10027,0
10028,2
10029,2
10030,2
10031,2
10032,2
10033,2
10034,2
10035,2
10036,2
10037,2
10038,2
10039,0
10040,0
10041,2
10042,2
10043,2
10044,0
10045,2
10046,2
10047,2
10048,2
10049,2
10050,2
10051,3
10052,0
10053,0
10054,2
10055,0
10056,0
10057,0
10058,0
10059,2
10060,2
10061,0
10062,0
10063,0
10064,4
10065,2
10066,0
10067,2
10068,2
10069,0
10070,2
10071,2
10072,2
10073,2
10074,2
10075,0
10076,2
10077,0
10078,0
10079,2
10080,2
10081,0
10082,2
10083,2
10084,2
10085,2
10086,2
10087,0
10088,2
10089,2
10090,2
10091,2
10092,2
10093,3
10094,2
10095,2
10096,0
10097,2
10098,2
10099,2
10100,2
10101,2
10102,2
10103,2
10104,2
10105,0
10106,2
10107,2
10108,0
10109,2
10110,2
10111,5
10112,0
10113,2
10114,2
10115,2
10116,2
10117,2
10118,3
10119,2
10120,2
10121,2
10122,2
10123,2
10124,2
10125,2
10126,2
10127,2
10128,2
10129,2
10130,0
10131,2
10132,2
10133,2
10134,3
10135,3
10136,2
10137,3
10138,4
10139,2
10140,2
10141,2
10142,2
10143,2
10144,2
10145,2
10146,2
10147,2
10148,0
10149,0
10150,2
10151,4
10152,2
10153,0
10154,2
10155,2
10156,2
10157,2
10158,2
10159,0
10160,6
10161,0
10162,4
10163,2
10164,2
10165,2
10166,2
10167,2
10168,2
10169,0
10170,2
10171,2
10172,2
10173,2
10174,2
10175,2
10176,2
10177,2
10178,2
10179,0
10180,2
10181,5
10182,0
10183,2
10184,2
10185,2
10186,0
10187,2
10188,2
10189,2
10190,2
10191,2
10192,2
10193,2
10194,2
10195,2
10196,2
10197,2
10198,2
10199,2
10200,2
10201,2
10202,2
10203,2
10204,2
10205,2
10206,2
10207,2
10208,4
10209,2
10210,2
10211,2
10212,2
10213,2
10214,4
10215,2
10216,2
10217,0
10218,2
10219,2
10220,2
10221,5
10222,0
10223,0
10224,0
10225,2
10226,2
10227,0
10228,2
10229,2
10230,2
10231,0
10232,0
10233,2
10234,3
10235,0
10236,0
10237,2
10238,2
10239,2
10240,0
10241,0
10242,2
10243,0
10244,2
10245,2
10246,0
10247,2
10248,2
10249,2
10250,0
10251,2
10252,2
10253,0
10254,0
10255,2
10256,2
10257,2
10258,0
10259,0
10260,2
10261,0
10262,3
10263,2
10264,2
10265,2
10266,2
10267,0
10268,0
10269,5
10270,0
10271,2
10272,2
10273,2
10274,2
10275,2
10276,0
10277,0
10278,2
10279,4
10280,2
10281,2
10282,2
10283,2
10284,0
10285,0
10286,0
10287,0
10288,3
10289,2
10290,2
10291,2
10292,0
10293,0
10294,2
10295,2
10296,2
10297,5
10298,2
10299,2
10300,2
10301,2
10302,2
10303,2
10304,2
10305,2
10306,2
10307,2
10308,0
10309,2
10310,2
10311,0
10312,2
10313,2
10314,2
10315,2
10316,0
10317,3
10318,2
10319,0
10320,2
10321,2
10322,2
10323,0
10324,0
10325,2
10326,2
10327,2
10328,2
10329,2
10330,2
10331,2
10332,6
10333,0
10334,2
10335,2
10336,2
10337,2
10338,2
10339,2
10340,2
10341,2
10342,0
10343,2
10344,2
10345,4
10346,0
10347,2
10348,2
10349,2
10350,2
10351,2
10352,2
10353,0
10354,0
10355,2
10356,0
10357,2
10358,2
10359,0
10360,4
10361,2
10362,2
10363,2
10364,0
10365,2
10366,3
10367,0
10368,0
10369,0
10370,2
10371,0
10372,0
10373,0
10374,2
10375,0
10376,0
10377,2
10378,0
10379,0
10380,2
10381,0
10382,2
10383,0
10384,5
10385,0
10386,0
10387,2
10388,2
10389,2
10390,2
10391,2
10392,0
10393,2
10394,2
10395,2
10396,2
10397,2
10398,2
10399,0
10400,2
10401,0
10402,0
10403,4
10404,2
10405,2
10406,2
10407,3
10408,2
10409,2
10410,2
10411,2
10412,2
10413,0
10414,0
10415,0
10416,2
10417,2
10418,0
10419,0
10420,2
10421,2
10422,0
10423,0
10424,2
10425,2
10426,0
10427,2
10428,0
10429,0
10430,2
10431,0
10432,0
10433,0
10434,2
10435,0
10436,2
10437,2
10438,2
10439,3
10440,0
10441,2
10442,2
10443,0
10444,0
10445,2
10446,2
10447,2
10448,0
10449,4
10450,0
10451,2
10452,2
10453,2
10454,2
10455,4
10456,2
10457,4
10458,2
10459,2
10460,2
10461,0
10462,0
10463,2
10464,4
10465,0
10466,4
10467,2
10468,2
10469,2
10470,2
10471,2
10472,0
10473,5
10474,2
10475,2
10476,2
10477,4
10478,2
10479,0
10480,0
10481,2
10482,2
10483,2
10484,0
10485,0
10486,0
10487,0
10488,2
10489,0
10490,2
10491,2
10492,2
10493,0
10494,2
10495,0
10496,2
10497,0
10498,2
10499,0
10500,0
10501,2
10502,2
10503,0
10504,0
10505,0
10506,2
10507,2
10508,2
10509,0
10510,2
10511,2
10512,2
10513,2
10514,2
10515,2
10516,2
10517,0
10518,0
10519,2
10520,2
10521,2
10522,2
10523,2
10524,2
10525,0
10526,2
10527,4
10528,2
10529,2
10530,4
10531,4
10532,2
10533,2
10534,2
10535,2
10536,2
10537,2
10538,2
10539,4
10540,0
10541,2
10542,2
10543,2
10544,2
10545,2
10546,2
10547,0
10548,2
10549,2
10550,2
10551,0
10552,2
10553,2
10554,2
10555,3
10556,4
10557,2
10558,2
10559,3
10560,2
10561,2
10562,2
10563,2
10564,2
10565,2
10566,2
10567,2
10568,2
10569,2
10570,2
10571,4
10572,2
10573,2
10574,4
10575,2
10576,2
10577,2
10578,2
10579,2
10580,4
10581,2
10582,2
10583,2
10584,3
10585,2
10586,2
10587,2
10588,2
10589,4
10590,2
10591,3
10592,2
10593,4
10594,2
10595,2
10596,2
10597,0
10598,4
10599,0
10600,0
10601,0
10602,0
10603,0
10604,0
10605,2
10606,3
10607,2
10608,4
10609,2
10610,0
10611,2
10612,2
10613,0
10614,3
10615,0
10616,2
10617,2
10618,2
10619,2
10620,5
10621,2
10622,2
10623,2
10624,2
10625,3
10626,2
10627,2
10628,2
10629,2
10630,2
10631,2
10632,2
10633,2
10634,2
10635,2
10636,2
10637,2
10638,2
10639,2
10640,2
10641,2
10642,2
10643,2
10644,0
10645,2
10646,2
10647,4
10648,0
10649,0
10650,2
10651,2
10652,0
10653,0
10654,0
10655,4
10656,4
10657,4
10658,2
10659,2
10660,2
10661,0
10662,2
10663,2
10664,2
10665,2
10666,0
10667,5
10668,2
10669,0
10670,2
10671,2
10672,2
10673,2
10674,2
10675,2
10676,5
10677,2
10678,2
10679,2
10680,2
10681,2
10682,6
10683,2
10684,2
10685,2
10686,2
10687,2
10688,2
10689,2
10690,3
10691,4
10692,2
10693,2
10694,2
10695,0
10696,2
10697,0
10698,2
10699,2
10700,2
10701,2
10702,2
10703,2
10704,3
10705,2
10706,0
10707,2
10708,2
10709,2
10710,2
10711,2
10712,0
10713,0
10714,2
10715,2
10716,2
10717,2
10718,2
10719,2
10720,2
10721,2
10722,2
10723,3
10724,2
10725,2
10726,3
10727,3
10728,2
10729,2
10730,2
10731,0
10732,0
10733,2
10734,2
10735,2
10736,2
10737,2
10738,2
10739,2
10740,2
10741,2
10742,2
10743,0
10744,2
10745,2
10746,2
10747,5
10748,2
10749,2
10750,2
10751,2
10752,2
10753,0
10754,4
10755,2
10756,5
10757,0
10758,0
10759,2
10760,0
10761,2
10762,0
10763,2
10764,0
10765,0
10766,2
10767,0
10768,0
10769,2
10770,0
10771,2
10772,2
10773,2
10774,3
10775,0
10776,0
10777,2
10778,2
10779,0
10780,2
10781,0
10782,2
10783,2
10784,0
10785,2
10786,2
10787,0
10788,0
10789,0
10790,2
10791,0
10792,2
10793,2
10794,0
10795,0
10796,2
10797,2
10798,6
10799,2
10800,2
10801,0
10802,2
10803,0
10804,2
10805,2
10806,0
10807,0
10808,0
10809,0
10810,2
10811,2
10812,0
10813,2
10814,2
10815,0
10816,0
10817,2
10818,0
10819,0
10820,0
10821,2
10822,5
10823,0
10824,2
10825,2
10826,2
10827,0
10828,2
10829,0
10830,3
10831,0
10832,3
10833,0
10834,0
10835,4
10836,2
10837,4
10838,4
10839,2
10840,2
10841,2
10842,2
10843,2
10844,2
10845,2
10846,2
10847,0
10848,2
10849,2
10850,2
10851,3
10852,0
10853,2
10854,0
10855,2
10856,2
10857,2
10858,2
10859,2
10860,2
10861,2
10862,2
10863,6
10864,0
10865,2
10866,2
10867,0
10868,2
10869,2
10870,2
10871,0
10872,0
10873,2
10874,0
10875,0
10876,2
10877,2
10878,0
10879,2
10880,3
10881,2
10882,2
10883,0
10884,0
10885,0
10886,0
10887,2
10888,5
10889,2
10890,2
10891,0
10892,2
10893,2
10894,2
10895,2
10896,3
10897,4
10898,5
10899,0
10900,2
10901,2
10902,0
10903,2
10904,2
10905,2
10906,2
10907,2
10908,2
10909,2
10910,2
10911,2
10912,0
10913,0
10914,2
10915,2
10916,2
10917,0
10918,0
10919,2
10920,0
10921,0
10922,2
10923,0
10924,0
10925,2
10926,0
10927,2
10928,2
10929,5
10930,0
10931,2
10932,0
10933,2
10934,2
10935,2
10936,2
10937,2
10938,2
10939,2
10940,2
10941,2
10942,2
10943,2
10944,4
10945,2
10946,2
10947,2
10948,4
10949,2
10950,2
10951,0
10952,5
10953,2
10954,2
10955,2
10956,0
10957,2
10958,2
10959,3
10960,2
10961,0
10962,0
10963,2
10964,0
10965,2
10966,0
10967,2
10968,2
10969,2
10970,2
10971,0
10972,2
10973,2
10974,2
10975,2
10976,3
10977,2
10978,2
10979,2
10980,0
10981,2
10982,0
10983,2
10984,2
10985,2
10986,5
10987,2
10988,0
10989,2
10990,2
10991,2
10992,0
10993,2
10994,2
10995,2
10996,2
10997,2
10998,0
10999,2
11000,2
11001,2
11002,2
11003,0
11004,2
11005,2
11006,2
11007,2
11008,0
11009,0
11010,2
11011,2
11012,2
11013,2
11014,0
11015,2
11016,0
11017,0
11018,0
11019,2
11020,0
11021,2
11022,0
11023,2
11024,0
11025,0
11026,2
11027,0
11028,0
11029,2
11030,2
11031,0
11032,2
11033,2
11034,0
11035,2
11036,2
11037,2
11038,2
11039,2
11040,5
11041,2
11042,2
11043,2
11044,2
11045,3
11046,3
11047,2
11048,2
11049,0
11050,3
11051,2
11052,2
11053,2
11054,2
11055,2
11056,2
11057,0
11058,0
11059,2
11060,4
11061,0
11062,2
11063,2
11064,2
11065,2
11066,0
11067,0
11068,2
11069,2
11070,0
11071,0
11072,0
11073,2
11074,2
11075,2
11076,2
11077,2
11078,2
11079,2
11080,2
11081,3
11082,2
11083,0
11084,2
11085,0
11086,2
11087,3
11088,3
11089,2
11090,3
11091,3
11092,0
11093,2
11094,0
11095,6
11096,0
11097,5
11098,0
11099,2
11100,2
11101,0
11102,0
11103,0
11104,2
11105,2
11106,0
11107,0
11108,0
11109,2
11110,0
11111,4
11112,0
11113,5
11114,3
11115,2
11116,2
11117,0
11118,6
11119,4
11120,2
11121,2
11122,2
11123,2
11124,2
11125,2
11126,2
11127,2
11128,3
11129,2
11130,2
11131,5
11132,4
11133,2
11134,2
11135,2
11136,2
11137,4
11138,0
11139,2
11140,2
11141,0
11142,0
11143,0
11144,0
11145,0
11146,2
11147,2
11148,2
11149,3
11150,4
11151,2
11152,2
11153,0
11154,0
11155,2
11156,2
11157,2
11158,2
11159,5
11160,4
11161,2
11162,4
11163,2
11164,2
11165,2
11166,5
11167,2
11168,5
11169,0
11170,0
11171,3
11172,2
11173,4
11174,2
11175,5
11176,0
11177,4
11178,2
11179,0
11180,4
11181,3
11182,0
11183,0
11184,0
11185,2
11186,2
11187,0
11188,2
11189,2
11190,5
11191,2
11192,0
11193,2
11194,0
11195,2
11196,2
11197,2
11198,2
11199,0
11200,2
11201,2
11202,3
11203,3
11204,0
11205,2
11206,0
11207,2
11208,3
11209,2
11210,2
11211,2
11212,4
11213,2
11214,2
11215,2
11216,2
11217,0
11218,2
11219,4
11220,2
11221,2
11222,3
11223,0
11224,2
11225,2
11226,2
11227,2
11228,2
11229,0
11230,2
11231,4
11232,2
11233,2
11234,4
11235,2
11236,2
11237,2
11238,2
11239,0
11240,2
11241,2
11242,2
11243,0
11244,2
11245,0
11246,0
11247,0
11248,0
11249,0
11250,2
11251,0
11252,2
11253,0
11254,0
11255,0
11256,2
11257,2
11258,3
11259,0
11260,2
11261,0
11262,0
11263,0
11264,2
11265,0
11266,0
11267,2
11268,2
11269,2
11270,0
11271,0
11272,0
11273,0
11274,0
11275,0
11276,2
11277,2
11278,0
11279,2
11280,0
11281,2
11282,0
11283,2
11284,2
11285,2
11286,0
11287,2
11288,2
11289,2
11290,2
11291,0
11292,2
11293,2
11294,2
11295,2
11296,2
11297,2
11298,0
11299,2
11300,0
11301,0
11302,2
11303,2
11304,2
11305,4
11306,2
11307,2
11308,0
11309,0
11310,2
11311,2
11312,2
11313,2
11314,0
11315,2
11316,0
11317,0
11318,0
11319,0
11320,0
11321,2
11322,2
11323,2
11324,2
11325,2
11326,0
11327,0
11328,0
11329,2
11330,2
11331,0
11332,2
11333,0
11334,0
11335,0
11336,0
11337,2
11338,2
11339,0
11340,0
11341,0
11342,2
11343,0
11344,2
11345,2
11346,0
11347,0
11348,2
11349,0
11350,5
11351,2
11352,2
11353,2
11354,0
11355,0
11356,0
11357,0
11358,2
11359,2
11360,2
11361,2
11362,2
11363,2
11364,2
11365,0
11366,0
11367,2
11368,2
11369,2
11370,4
11371,0
11372,2
11373,2
11374,3
11375,2
11376,2
11377,2
11378,2
11379,2
11380,2
11381,2
11382,2
11383,0
11384,2
11385,0
11386,0
11387,4
11388,2
11389,0
11390,2
11391,2
11392,2
11393,2
11394,2
11395,5
11396,0
11397,2
11398,0
11399,0
11400,2
11401,2
11402,2
11403,0
11404,4
11405,0
11406,0
11407,0
11408,0
11409,2
11410,0
11411,2
11412,2
11413,0
11414,2
11415,2
11416,2
11417,2
11418,0
11419,0
11420,2
11421,2
11422,2
11423,5
11424,0
11425,2
11426,4
11427,4
11428,2
11429,2
11430,2
11431,2
11432,0
11433,0
11434,0
11435,0
11436,2
11437,4
11438,3
11439,5
11440,0
11441,0
11442,0
11443,2
11444,0
11445,2
11446,0
11447,2
11448,0
11449,2
11450,2
11451,2
11452,0
11453,2
11454,2
11455,0
11456,2
11457,2
11458,0
11459,0
11460,2
11461,0
11462,5
11463,2
11464,2
11465,0
11466,2
11467,2
11468,2
11469,2
11470,2
11471,2
11472,2
11473,4
11474,3
11475,2
11476,2
11477,2
11478,2
11479,0
11480,4
11481,0
11482,2
11483,2
11484,0
11485,0
11486,0
11487,3
11488,0
11489,2
11490,0
11491,2
11492,2
11493,0
11494,2
11495,0
11496,2
11497,2
11498,2
11499,2
11500,2
11501,0
11502,0
11503,2
11504,0
11505,0
11506,0
11507,2
11508,2
11509,0
11510,2
11511,2
11512,0
11513,2
11514,2
11515,0
11516,0
11517,0
11518,2
11519,2
11520,2
11521,0
11522,0
11523,0
11524,2
11525,2
11526,0
11527,0
11528,2
11529,0
11530,2
11531,2
11532,2
11533,2
11534,0
11535,2
11536,3
11537,2
11538,2
11539,2
11540,0
11541,0
11542,2
11543,2
11544,2
11545,2
11546,0
11547,2
11548,0
11549,2
11550,2
11551,0
11552,2
11553,2
11554,2
11555,2
11556,0
11557,2
11558,2
11559,2
11560,0
11561,2
11562,3
11563,2
11564,2
11565,2
11566,2
11567,2
11568,2
11569,3
11570,2
11571,3
11572,2
11573,5
11574,2
11575,3
11576,2
11577,2
11578,2
11579,2
11580,2
11581,2
11582,0
11583,2
11584,6
11585,0
11586,2
11587,2
11588,0
11589,2
11590,2
11591,2
11592,2
11593,2
11594,2
11595,3
11596,2
11597,6
11598,2
11599,2
11600,2
11601,5
11602,2
11603,2
11604,2
11605,3
11606,2
11607,2
11608,2
11609,6
11610,2
11611,5
11612,3
11613,2
11614,3
11615,2
11616,2
11617,2
11618,2
11619,2
11620,2
11621,2
11622,4
11623,2
11624,2
11625,2
11626,0
11627,2
11628,2
11629,2
11630,4
11631,2
11632,2
11633,4
11634,2
11635,3
11636,2
11637,2
11638,3
11639,3
11640,2
11641,2
11642,2
11643,2
11644,3
11645,4
11646,2
11647,2
11648,4
11649,0
11650,2
11651,2
11652,0
11653,0
11654,2
11655,2
11656,2
11657,2
11658,0
11659,2
11660,2
11661,0
11662,2
11663,0
11664,2
11665,2
11666,2
11667,2
11668,2
11669,2
11670,0
11671,2
11672,2
11673,4
11674,2
11675,0
11676,0
11677,0
11678,2
11679,2
11680,2
11681,0
11682,0
11683,2
11684,2
11685,0
11686,2
11687,4
11688,2
11689,4
11690,0
11691,2
11692,2
11693,2
11694,2
11695,2
11696,0
11697,2
11698,0
11699,2
11700,2
11701,3
11702,2
11703,4
11704,2
11705,2
11706,0
11707,2
11708,0
11709,0
11710,2
11711,2
11712,5
11713,0
11714,2
11715,2
11716,2
11717,2
11718,2
11719,0
11720,0
11721,2
11722,2
11723,2
11724,2
11725,2
11726,2
11727,2
11728,2
11729,4
11730,2
11731,2
11732,2
11733,2
11734,3
11735,2
11736,4
11737,4
11738,2
11739,2
11740,6
11741,2
11742,2
11743,2
11744,2
11745,4
11746,3
11747,2
11748,2
11749,2
11750,2
11751,2
11752,2
11753,2
11754,2
11755,4
11756,4
11757,2
11758,2
11759,2
11760,2
11761,2
11762,3
11763,2
11764,2
11765,2
11766,2
11767,2
11768,2
11769,2
11770,2
11771,2
11772,2
11773,2
11774,2
11775,2
11776,2
11777,2
11778,2
11779,2
11780,2
11781,2
11782,2
11783,2
11784,2
11785,2
11786,2
11787,3
11788,2
11789,2
11790,2
11791,2
11792,0
11793,0
11794,0
11795,2
11796,0
11797,4
11798,0
11799,0
11800,2
11801,0
11802,0
11803,2
11804,2
11805,0
11806,3
11807,2
11808,2
11809,2
11810,2
11811,2
11812,0
11813,0
11814,0
11815,0
11816,2
11817,0
11818,0
11819,0
11820,3
11821,0
11822,2
11823,2
11824,0
11825,0
11826,2
11827,2
11828,0
11829,2
11830,0
11831,2
11832,2
11833,2
11834,2
11835,2
11836,2
11837,0
11838,0
11839,2
11840,2
11841,2
11842,2
11843,2
11844,0
11845,0
11846,2
11847,0
11848,0
11849,3
11850,5
11851,2
11852,4
11853,0
11854,0
11855,0
11856,2
11857,2
11858,0
11859,2
11860,0
11861,4
11862,2
11863,4
11864,4
11865,2
11866,2
11867,0
11868,0
11869,2
11870,2
11871,2
11872,0
11873,2
11874,2
11875,0
11876,2
11877,2
11878,2
11879,2
11880,0
11881,2
11882,2
11883,0
11884,4
11885,5
11886,0
11887,0
11888,0
11889,2
11890,2
11891,2
11892,0
11893,0
11894,0
11895,0
11896,2
11897,2
11898,0
11899,3
11900,2
11901,2
11902,2
11903,0
11904,0
11905,2
11906,2
11907,5
11908,2
11909,2
11910,2
11911,2
11912,5
11913,2
11914,2
11915,2
11916,2
11917,2
11918,2
11919,2
11920,0
11921,2
11922,2
11923,2
11924,2
11925,0
11926,2
11927,2
11928,3
11929,2
11930,3
11931,2
11932,2
11933,2
11934,2
11935,2
11936,2
11937,2
11938,2
11939,2
11940,2
11941,2
11942,2
11943,2
11944,6
11945,3
11946,3
11947,6
11948,0
11949,2
11950,2
11951,2
11952,0
11953,0
11954,0
11955,2
11956,0
11957,4
11958,0
11959,2
11960,0
11961,2
11962,0
11963,0
11964,2
11965,2
11966,0
11967,0
11968,0
11969,2
11970,2
11971,2
11972,2
11973,2
11974,0
11975,2
11976,0
11977,2
11978,0
11979,2
11980,0
11981,2
11982,2
11983,2
11984,2
11985,2
11986,2
11987,2
11988,2
11989,2
11990,2
11991,0
11992,5
11993,2
11994,2
11995,0
11996,2
11997,2
11998,2
11999,2
12000,2
12001,2
12002,2
12003,0
12004,2
12005,2
12006,0
12007,0
12008,2
12009,2
12010,0
12011,2
12012,0
12013,2
12014,0
12015,2
12016,2
12017,0
12018,4
12019,4
12020,0
12021,2
12022,2
12023,2
12024,4
12025,2
12026,2
12027,2
12028,0
12029,0
12030,4
12031,2
12032,0
12033,4
12034,0
12035,0
12036,0
12037,4
12038,2
12039,2
12040,0
12041,2
12042,2
12043,2
12044,0
12045,2
12046,4
12047,2
12048,0
12049,0
12050,2
12051,0
12052,0
12053,0
12054,2
12055,4
12056,3
12057,0
12058,4
12059,2
12060,2
12061,0
12062,2
12063,2
12064,2
12065,2
12066,2
12067,0
12068,2
12069,0
12070,0
12071,4
12072,5
12073,0
12074,4
12075,2
12076,2
12077,5
12078,2
12079,0
12080,2
12081,2
12082,2
12083,5
12084,2
12085,0
12086,2
12087,2
12088,3
12089,2
12090,0
12091,2
12092,0
12093,2
12094,4
12095,0
12096,2
12097,4
12098,4
12099,2
12100,0
12101,2
12102,2
12103,2
12104,2
12105,4
12106,2
12107,0
12108,2
12109,2
12110,4
12111,0
12112,2
12113,2
12114,0
12115,0
12116,0
12117,0
12118,2
12119,2
12120,2
12121,4
12122,0
12123,2
12124,4
12125,2
12126,2
12127,2
12128,2
12129,2
12130,4
12131,0
12132,2
12133,4
12134,2
12135,2
12136,0
12137,2
12138,2
12139,2
12140,4
12141,2
12142,2
12143,2
12144,2
12145,3
12146,2
12147,0
12148,0
12149,0
12150,0
12151,2
12152,2
12153,2
12154,0
12155,5
12156,5
12157,2
12158,2
12159,2
12160,2
12161,6
12162,2
12163,5
12164,2
12165,3
12166,2
12167,0
12168,2
12169,0
12170,2
12171,4
12172,0
12173,2
12174,0
12175,0
12176,4
12177,0
12178,2
12179,0
12180,2
12181,2
12182,2
12183,0
12184,2
12185,2
12186,2
12187,2
12188,2
12189,2
12190,2
12191,0
12192,3
12193,2
12194,2
12195,2
12196,5
12197,2
12198,0
12199,0
12200,5
12201,2
12202,0
12203,2
12204,2
12205,2
12206,2
12207,0
12208,2
12209,5
12210,2
12211,2
12212,2
12213,2
12214,2
12215,0
12216,0
12217,4
12218,4
12219,0
12220,2
12221,0
12222,0
12223,5
12224,2
12225,4
12226,2
12227,0
12228,0
12229,2
12230,2
12231,0
12232,0
12233,2
12234,2
12235,2
12236,0
12237,2
12238,3
12239,2
12240,2
12241,2
12242,3
12243,2
12244,2
12245,2
12246,2
12247,2
12248,2
12249,2
12250,2
12251,2
12252,2
12253,2
12254,2
12255,2
12256,2
12257,6
12258,6
12259,2
12260,2
12261,2
12262,2
12263,0
12264,0
12265,2
12266,2
12267,3
12268,2
12269,2
12270,2
12271,2
12272,0
12273,2
12274,0
12275,2
12276,2
12277,0
12278,0
12279,0
12280,2
12281,2
12282,2
12283,0
12284,4
12285,3
12286,2
12287,4
12288,2
12289,2
12290,2
12291,2
12292,2
12293,2
12294,2
12295,3
12296,2
12297,2
12298,2
12299,2
12300,2
12301,6
12302,2
12303,6
12304,6
12305,6
12306,2
12307,2
12308,2
12309,2
12310,2
12311,2
12312,2
12313,2
12314,2
12315,2
12316,2
12317,2
12318,0
12319,5
12320,2
12321,2
12322,2
12323,0
12324,2
12325,2
12326,2
12327,0
12328,2
12329,2
12330,5
12331,0
12332,2
12333,0
12334,2
12335,0
12336,2
12337,0
12338,4
12339,4
12340,2
12341,2
12342,2
12343,2
12344,2
12345,4
12346,0
12347,2
12348,2
12349,0
12350,0
12351,3
12352,2
12353,0
12354,0
12355,2
12356,5
12357,2
12358,0
12359,2
12360,0
12361,2
12362,4
12363,2
12364,0
12365,2
12366,4
12367,2
12368,0
12369,0
12370,0
12371,0
12372,0
12373,0
12374,0
12375,2
12376,2
12377,4
12378,2
12379,2
12380,2
12381,0
12382,2
12383,2
12384,4
12385,0
12386,2
12387,2
12388,2
12389,2
12390,0
12391,0
12392,2
12393,2
12394,2
12395,2
12396,2
12397,2
12398,2
12399,2
12400,0
12401,0
12402,0
12403,2
12404,0
12405,2
12406,2
12407,2
12408,2
12409,2
12410,0
12411,2
12412,2
12413,0
12414,2
12415,2
12416,4
12417,2
12418,2
12419,2
12420,2
12421,2
12422,2
12423,0
12424,0
12425,2
12426,0
12427,2
12428,2
12429,2
12430,4
12431,2
12432,2
12433,0
12434,0
12435,4
12436,4
12437,2
12438,2
12439,2
12440,2
12441,5
12442,2
12443,2
12444,2
12445,5
12446,2
12447,2
12448,0
12449,2
12450,2
12451,2
12452,2
12453,2
12454,2
12455,0
12456,2
12457,4
12458,2
12459,2
12460,0
12461,2
12462,0
12463,5
12464,3
12465,0
12466,0
12467,2
12468,5
12469,2
12470,2
12471,2
12472,4
12473,4
12474,2
12475,2
12476,2
12477,2
12478,0
12479,2
12480,2
12481,2
12482,2
12483,2
12484,2
12485,2
12486,0
12487,0
12488,2
12489,2
12490,2
12491,2
12492,2
12493,2
12494,2
12495,2
12496,0
12497,2
12498,4
12499,2
12500,2
12501,2
12502,0
12503,2
12504,4
12505,2
12506,0
12507,2
12508,2
12509,4
12510,0
12511,2
12512,5
12513,2
12514,0
12515,2
12516,2
12517,2
12518,2
12519,2
12520,2
12521,4
12522,0
12523,2
12524,5
12525,2
12526,2
12527,2
12528,2
12529,6
12530,5
12531,2
12532,2
12533,2
12534,0
12535,2
12536,0
12537,2
12538,2
12539,2
12540,2
12541,0
12542,2
12543,4
12544,4
12545,2
12546,2
12547,2
12548,2
12549,2
12550,0
12551,0
12552,2
12553,2
12554,2
12555,0
12556,2
12557,0
12558,2
12559,2
12560,2
12561,2
12562,2
12563,2
12564,4
12565,2
12566,4
12567,4
12568,2
12569,2
12570,2
12571,2
12572,2
12573,2
12574,2
12575,2
12576,4
12577,2
12578,5
12579,2
12580,2
12581,2
12582,2
12583,2
12584,2
12585,4
12586,4
12587,2
12588,2
12589,0
12590,5
12591,0
12592,0
12593,3
12594,2
12595,2
12596,2
12597,0
12598,2
12599,2
12600,0
12601,2
12602,2
12603,2
12604,2
12605,4
12606,2
12607,2
12608,2
12609,2
12610,2
12611,4
12612,2
12613,0
12614,2
12615,2
12616,2
12617,2
12618,2
12619,2
12620,2
12621,2
12622,2
12623,2
12624,2
12625,0
12626,0
12627,4
12628,0
12629,5
12630,3
12631,3
12632,2
12633,5
12634,0
12635,2
12636,2
12637,2
12638,2
12639,0
12640,2
12641,0
12642,0
12643,2
12644,3
12645,0
12646,0
12647,3
12648,3
12649,3
12650,5
12651,2
12652,2
12653,2
12654,4
12655,4
12656,2
12657,2
12658,2
12659,4
12660,4
12661,2
12662,2
12663,2
12664,3
12665,2
12666,2
12667,2
12668,5
12669,5
12670,0
12671,2
12672,2
12673,0
12674,2
12675,4
12676,0
12677,3
12678,2
12679,2
12680,2
12681,2
12682,4
12683,2
12684,2
12685,2
12686,0
12687,2
12688,2
12689,2
12690,2
12691,2
12692,0
12693,2
12694,2
12695,4
12696,0
12697,2
12698,2
12699,2
12700,4
12701,0
12702,2
12703,2
12704,2
12705,2
12706,0
12707,2
12708,2
12709,2
12710,2
12711,0
12712,2
12713,2
12714,2
12715,0
12716,2
12717,2
12718,2
12719,0
12720,2
12721,2
12722,0
12723,2
12724,2
12725,2
12726,0
12727,0
12728,2
12729,2
12730,2
12731,0
12732,0
12733,2
12734,2
12735,0
12736,5
12737,2
12738,2
12739,0
12740,2
12741,2
12742,2
12743,2
12744,2
12745,2
12746,2
12747,2
12748,0
12749,0
12750,0
12751,2
12752,0
12753,0
12754,0
12755,2
12756,0
12757,2
12758,2
12759,2
12760,0
12761,2
12762,2
12763,0
12764,0
12765,0
12766,2
12767,2
12768,0
12769,2
12770,2
12771,0
12772,3
12773,2
12774,0
12775,0
12776,2
12777,0
12778,0
12779,3
12780,4
12781,2
12782,0
12783,2
12784,2
12785,2
12786,2
12787,5
12788,3
12789,4
12790,2
12791,0
12792,4
12793,0
12794,4
12795,2
12796,0
12797,0
12798,2
12799,5
12800,4
12801,0
12802,0
12803,2
12804,0
12805,2
12806,0
12807,2
12808,4
12809,0
12810,2
12811,0
12812,0
12813,2
12814,2
12815,2
12816,0
12817,0
12818,0
12819,2
12820,0
12821,2
12822,2
12823,2
12824,0
12825,0
12826,2
12827,0
12828,2
12829,2
12830,2
12831,0
12832,2
12833,4
12834,2
12835,2
12836,0
12837,2
12838,2
12839,0
12840,2
12841,2
12842,4
12843,0
12844,2
12845,0
12846,0
12847,2
12848,0
12849,0
12850,0
12851,2
12852,0
12853,2
12854,2
12855,0
12856,2
12857,0
12858,0
12859,4
12860,0
12861,0
12862,2
12863,5
12864,2
12865,0
12866,2
12867,2
12868,2
12869,2
12870,2
12871,5
12872,0
12873,0
12874,2
12875,2
12876,2
12877,0
12878,2
12879,2
12880,2
12881,4
12882,0
12883,0
12884,0
12885,2
12886,2
12887,0
12888,0
12889,0
12890,0
12891,0
12892,2
12893,0
12894,2
12895,0
12896,2
12897,5
12898,2
12899,2
12900,2
12901,2
12902,0
12903,2
12904,6
12905,2
12906,0
12907,2
12908,2
12909,6
12910,2
12911,3
12912,4
12913,2
12914,2
12915,2
12916,0
12917,0
12918,2
12919,2
12920,0
12921,2
12922,2
12923,2
12924,0
12925,2
12926,0
12927,2
12928,2
12929,0
12930,0
12931,2
12932,2
12933,2
12934,2
12935,2
12936,2
12937,2
12938,2
12939,2
12940,2
12941,2
12942,2
12943,0
12944,2
12945,2
12946,2
12947,2
12948,4
12949,2
12950,2
12951,2
12952,2
12953,0
12954,2
12955,2
12956,2
12957,0
12958,0
12959,2
12960,0
12961,2
12962,2
12963,0
12964,2
12965,2
12966,2
12967,2
12968,2
12969,2
12970,0
12971,2
12972,0
12973,0
12974,0
12975,2
12976,0
12977,2
12978,2
12979,2
12980,2
12981,0
12982,2
12983,0
12984,2
12985,0
12986,0
12987,0
12988,2
12989,2
12990,2
12991,2
12992,0
12993,0
12994,0
12995,0
12996,2
12997,0
12998,2
12999,0
13000,2
13001,2
13002,0
13003,2
13004,2
13005,4
13006,5
13007,2
13008,0
13009,0
13010,0
13011,2
13012,2
13013,0
13014,2
13015,0
13016,3
13017,2
13018,0
13019,0
13020,2
13021,3
13022,2
13023,4
13024,0
13025,2
13026,5
13027,2
13028,3
13029,3
13030,2
13031,3
13032,4
13033,0
13034,5
13035,3
13036,2
13037,2
13038,2
13039,2
13040,0
13041,0
13042,2
13043,2
13044,2
13045,0
13046,2
13047,2
13048,3
13049,0
13050,3
13051,2
13052,2
13053,2
13054,0
13055,2
13056,3
13057,2
13058,2
13059,0
13060,3
13061,2
13062,2
13063,2
13064,0
13065,2
13066,2
13067,2
13068,0
13069,2
13070,3
13071,2
13072,2
13073,4
13074,3
13075,6
13076,0
13077,2
13078,2
13079,2
13080,3
13081,2
13082,5
13083,0
13084,2
13085,2
13086,2
13087,2
13088,2
13089,2
13090,2
13091,5
13092,2
13093,0
13094,2
13095,2
13096,2
13097,2
13098,2
13099,0
13100,2
13101,2
13102,2
13103,2
13104,2
13105,2
13106,0
13107,2
13108,0
13109,2
13110,2
13111,2
13112,6
13113,2
13114,2
13115,3
13116,2
13117,2
13118,2
13119,2
13120,2
13121,2
13122,2
13123,2
13124,2
13125,2
13126,2
13127,2
13128,2
13129,0
13130,4
13131,2
13132,2
13133,4
13134,3
13135,2
13136,0
13137,2
13138,2
13139,2
13140,2
13141,4
13142,5
13143,2
13144,2
13145,5
13146,2
13147,2
13148,3
13149,4
13150,2
13151,4
13152,0
13153,0
13154,2
13155,2
13156,0
13157,2
13158,4
13159,4
13160,2
13161,0
13162,2
13163,2
13164,2
13165,2
13166,0
13167,0
13168,2
13169,2
13170,2
13171,2
13172,2
13173,2
13174,0
13175,2
13176,2
13177,2
13178,2
13179,2
13180,2
13181,4
13182,2
13183,2
13184,2
13185,6
13186,6
13187,2
13188,6
13189,6
13190,6
13191,5
13192,4
13193,2
13194,6
13195,6
13196,5
13197,6
13198,6
13199,6
13200,6
13201,6
13202,6
13203,6
13204,2
13205,0
13206,2
13207,1
13208,2
13209,6
13210,6
13211,6
13212,6
13213,5
13214,6
13215,6
13216,6
13217,5
13218,6
13219,2
13220,6
13221,6
13222,6
13223,6
13224,6
13225,6
13226,6
13227,2
13228,6
13229,6
13230,2
13231,6
13232,2
13233,0
13234,5
13235,5
13236,5
13237,3
13238,6
13239,6
13240,0
13241,2
13242,2
13243,0
13244,5
13245,2
13246,2
13247,2
13248,3
13249,0
13250,0
13251,0
13252,2
13253,0
13254,2
13255,2
13256,0
13257,2
13258,2
13259,2
13260,0
13261,0
13262,0
13263,0
13264,0
13265,0
13266,0
13267,0
13268,4
13269,3
13270,2
13271,0
13272,2
13273,2
13274,2
13275,2
13276,0
13277,0
13278,2
13279,2
13280,2
13281,2
13282,0
13283,2
13284,2
13285,0
13286,2
13287,2
13288,0
13289,0
13290,2
13291,2
13292,2
13293,0
13294,0
13295,0
13296,0
13297,0
13298,2
13299,2
13300,0
13301,0
13302,6
13303,2
13304,0
13305,2
13306,2
13307,2
13308,4
13309,2
13310,2
13311,2
13312,0
13313,0
13314,0
13315,2
13316,2
13317,2
13318,2
13319,2
13320,2
13321,2
13322,3
13323,2
13324,2
13325,2
13326,2
13327,2
13328,0
13329,0
13330,0
13331,2
13332,2
13333,2
13334,2
13335,0
13336,2
13337,2
13338,4
13339,0
13340,2
13341,2
13342,6
13343,2
13344,2
13345,4
13346,2
13347,2
13348,0
13349,2
13350,2
13351,2
13352,2
13353,0
13354,2
13355,2
13356,2
13357,2
13358,2
13359,2
13360,2
13361,2
13362,0
13363,2
13364,2
13365,2
13366,0
13367,2
13368,2
13369,2
13370,2
13371,2
13372,2
13373,2
13374,2
13375,2
13376,2
13377,2
13378,2
13379,0
13380,6
13381,2
13382,2
13383,0
13384,0
13385,2
13386,2
13387,2
13388,2
13389,2
13390,2
13391,2
13392,3
13393,0
13394,2
13395,0
13396,2
13397,2
13398,2
13399,0
13400,2
13401,3
13402,3
13403,2
13404,2
13405,0
13406,2
13407,6
13408,2
13409,1
13410,2
13411,6
13412,2
13413,2
13414,3
13415,2
13416,2
13417,2
13418,0
13419,2
13420,2
13421,2
13422,2
13423,2
13424,2
13425,2
13426,2
13427,2
13428,2
13429,2
13430,2
13431,4
13432,2
13433,2
13434,4
13435,2
13436,2
13437,2
13438,2
13439,0
13440,2
13441,0
13442,2
13443,2
13444,0
13445,0
13446,2
13447,0
13448,0
13449,6
13450,2
13451,2
13452,2
13453,2
13454,2
13455,2
13456,2
13457,2
13458,6
13459,3
13460,2
13461,2
13462,2
13463,0
13464,0
13465,2
13466,0
13467,2
13468,2
13469,0
13470,0
13471,2
13472,6
13473,0
13474,0
13475,0
13476,2
13477,2
13478,2
13479,2
13480,2
13481,2
13482,2
13483,2
13484,2
13485,2
13486,2
13487,5
13488,2
13489,0
13490,5
13491,6
13492,5
13493,2
13494,2
13495,2
13496,2
13497,6
13498,2
13499,2
13500,6
13501,2
13502,0
13503,0
13504,0
13505,2
13506,2
13507,2
13508,6
13509,6
13510,6
13511,3
13512,6
13513,2
13514,5
13515,6
13516,2
13517,2
13518,2
13519,2
13520,2
13521,2
13522,2
13523,2
13524,2
13525,0
13526,2
13527,2
13528,5
13529,2
13530,2
13531,2
13532,2
13533,2
13534,2
13535,6
13536,6
13537,2
13538,2
13539,2
13540,0
13541,2
13542,2
13543,2
13544,2
13545,2
13546,2
13547,2
13548,0
13549,2
13550,0
13551,0
13552,5
13553,2
13554,6
13555,5
13556,6
13557,0
13558,6
13559,0
13560,2
13561,2
13562,2
13563,2
13564,2
13565,2
13566,2
13567,2
13568,2
13569,2
13570,2
13571,6
13572,6
13573,6
13574,6
13575,5
13576,2
13577,5
13578,0
13579,2
13580,2
13581,2
13582,0
13583,2
13584,2
13585,5
13586,5
13587,6
13588,2
13589,2
13590,2
13591,3
13592,6
13593,1
13594,2
13595,2
13596,6
13597,6
13598,2
13599,5
13600,2
13601,6
13602,2
13603,2
13604,2
13605,2
13606,2
13607,2
13608,2
13609,2
13610,2
13611,0
13612,2
13613,2
13614,3
13615,2
13616,2
13617,2
13618,2
13619,2
13620,2
13621,5
13622,2
13623,2
13624,2
13625,2
13626,0
13627,4
13628,2
13629,2
13630,2
13631,2
13632,0
13633,2
13634,2
13635,2
13636,2
13637,0
13638,2
13639,2
13640,2
13641,2
13642,2
13643,2
13644,2
13645,0
13646,2
13647,2
13648,2
13649,2
13650,5
13651,0
13652,2
13653,2
13654,5
13655,2
13656,2
13657,0
13658,0
13659,2
13660,2
13661,2
13662,2
13663,2
13664,0
13665,2
13666,0
13667,0
13668,2
13669,2
13670,2
13671,2
13672,2
13673,2
13674,2
13675,2
13676,2
13677,6
13678,2
13679,2
13680,2
13681,2
13682,2
13683,0
13684,3
13685,2
13686,0
13687,2
13688,2
13689,2
13690,0
13691,2
13692,2
13693,2
13694,2
13695,2
13696,0
13697,2
13698,3
13699,0
13700,2
13701,0
13702,2
13703,2
13704,2
13705,2
13706,2
13707,2
13708,2
13709,2
13710,2
13711,2
13712,4
13713,0
13714,2
13715,2
13716,2
13717,0
13718,2
13719,0
13720,2
13721,2
13722,4
13723,2
13724,2
13725,2
13726,2
13727,2
13728,3
13729,4
13730,2
13731,2
13732,5
13733,2
13734,2
13735,2
13736,2
13737,2
13738,2
13739,2
13740,2
13741,2
13742,2
13743,2
13744,2
13745,2
13746,2
13747,6
13748,3
13749,2
13750,2
13751,2
13752,6
13753,2
13754,2
13755,3
13756,2
13757,2
13758,3
13759,3
13760,4
13761,3
13762,2
13763,2
13764,2
13765,3
13766,2
13767,6
13768,2
13769,3
13770,3
13771,2
13772,6
13773,2
13774,2
13775,3
13776,3
13777,3
13778,6
13779,6
13780,6
13781,6
13782,6
13783,6
13784,6
13785,2
13786,2
13787,2
13788,3
13789,2
13790,3
13791,2
13792,2
13793,2
13794,2
13795,2
13796,2
13797,2
13798,2
13799,2
13800,2
13801,2
13802,2
13803,2
13804,2
13805,2
13806,2
13807,2
13808,3
13809,2
13810,2
13811,2
13812,2
13813,0
13814,2
13815,2
13816,2
13817,2
13818,2
13819,2
13820,0
13821,2
13822,2
13823,2
13824,2
13825,2
13826,2
13827,2
13828,4
13829,2
13830,2
13831,2
13832,3
13833,2
13834,3
13835,3
13836,6
13837,2
13838,2
13839,2
13840,2
13841,2
13842,2
13843,0
13844,2
13845,2
13846,2
13847,2
13848,2
13849,2
13850,0
13851,0
13852,2
13853,0
13854,0
13855,2
13856,2
13857,2
13858,2
13859,2
13860,2
13861,2
13862,2
13863,2
13864,0
13865,6
13866,0
13867,0
13868,2
13869,2
13870,2
13871,0
13872,0
13873,2
13874,2
13875,2
13876,2
13877,2
13878,2
13879,4
13880,4
13881,2
13882,2
13883,6
13884,6
13885,6
13886,6
13887,2
13888,2
13889,2
13890,2
13891,2
13892,0
13893,2
13894,2
13895,2
13896,0
13897,2
13898,2
13899,2
13900,0
13901,0
13902,2
13903,2
13904,0
13905,2
13906,2
13907,2
13908,0
13909,2
13910,2
13911,2
13912,2
13913,0
13914,2
13915,2
13916,2
13917,0
13918,2
13919,0
13920,2
13921,2
13922,2
13923,0
13924,3
13925,2
13926,2
13927,2
13928,2
13929,2
13930,2
13931,2
13932,4
13933,2
13934,0
13935,2
13936,2
13937,2
13938,2
13939,2
13940,2
13941,2
13942,2
13943,0
13944,4
13945,2
13946,2
13947,0
13948,2
13949,2
13950,2
13951,2
13952,0
13953,0
13954,0
13955,2
13956,2
13957,4
13958,2
13959,2
13960,0
13961,2
13962,2
13963,2
13964,2
13965,4
13966,4
13967,4
13968,2
13969,4
13970,2
13971,4
13972,2
13973,2
13974,2
13975,2
13976,0
13977,0
13978,0
13979,2
13980,2
13981,2
13982,2
13983,2
13984,2
13985,2
13986,0
13987,2
13988,0
13989,2
13990,0
13991,4
13992,2
13993,4
13994,2
13995,2
13996,2
13997,2
13998,2
13999,0
14000,0
14001,2
14002,2
14003,0
14004,0
14005,0
14006,4
14007,2
14008,5
14009,0
14010,2
14011,2
14012,3
14013,2
14014,2
14015,2
14016,0
14017,0
14018,2
14019,2
14020,2
14021,2
14022,2
14023,2
14024,0
14025,0
14026,2
14027,2
14028,2
14029,3
14030,4
14031,2
14032,0
14033,2
14034,2
14035,2
14036,2
14037,2
14038,2
14039,2
14040,3
14041,2
14042,0
14043,2
14044,5
14045,0
14046,0
14047,2
14048,2
14049,2
14050,0
14051,2
14052,0
14053,2
14054,3
14055,2
14056,2
14057,4
14058,2
14059,2
14060,2
14061,0
14062,2
14063,0
14064,2
14065,5
14066,2
14067,2
14068,2
14069,4
14070,2
14071,2
14072,2
14073,0
14074,2
14075,2
14076,0
14077,2
14078,2
14079,2
14080,0
14081,2
14082,2
14083,2
14084,0
14085,2
14086,0
14087,2
14088,2
14089,2
14090,0
14091,2
14092,0
14093,0
14094,2
14095,2
14096,0
14097,2
14098,2
14099,2
14100,0
14101,3
14102,2
14103,4
14104,0
14105,0
14106,2
14107,4
14108,0
14109,2
14110,0
14111,2
14112,4
14113,2
14114,2
14115,2
14116,2
14117,2
14118,0
14119,2
14120,2
14121,2
14122,2
14123,2
14124,0
14125,2
14126,0
14127,2
14128,2
14129,2
14130,2
14131,2
14132,2
14133,2
14134,2
14135,0
14136,2
14137,2
14138,2
14139,0
14140,4
14141,2
14142,2
14143,2
14144,2
14145,2
14146,2
14147,2
14148,2
14149,5
14150,2
14151,2
14152,2
14153,2
14154,4
14155,2
14156,2
14157,0
14158,0
14159,5
14160,2
14161,0
14162,2
14163,0
14164,2
14165,4
14166,2
14167,2
14168,2
14169,2
14170,2
14171,2
14172,0
14173,2
14174,2
14175,2
14176,2
14177,4
14178,2
14179,2
14180,2
14181,2
14182,2
14183,2
14184,0
14185,0
14186,0
14187,2
14188,0
14189,2
14190,4
14191,2
14192,0
14193,3
14194,2
14195,2
14196,4
14197,2
14198,2
14199,0
14200,2
14201,2
14202,0
14203,0
14204,2
14205,2
14206,2
14207,0
14208,2
14209,2
14210,2
14211,2
14212,2
14213,3
14214,2
14215,0
14216,2
14217,0
14218,2
14219,0
14220,4
14221,0
14222,2
14223,2
14224,3
14225,2
14226,2
14227,2
14228,2
14229,2
14230,2
14231,2
14232,2
14233,0
14234,2
14235,2
14236,0
14237,2
14238,2
14239,0
14240,2
14241,0
14242,2
14243,2
14244,0
14245,2
14246,2
14247,2
14248,2
14249,2
14250,2
14251,3
14252,2
14253,0
14254,0
14255,2
14256,2
14257,2
14258,0
14259,2
14260,0
14261,2
14262,2
14263,2
14264,2
14265,0
14266,4
14267,3
14268,0
14269,2
14270,2
14271,2
14272,0
14273,2
14274,2
14275,2
14276,0
14277,2
14278,2
14279,3
14280,2
14281,2
14282,0
14283,0
14284,0
14285,2
14286,2
14287,2
14288,2
14289,2
14290,2
14291,2
14292,0
14293,0
14294,0
14295,0
14296,3
14297,2
14298,0
14299,0
14300,2
14301,2
14302,2
14303,2
14304,2
14305,2
14306,2
14307,2
14308,0
14309,2
14310,2
14311,0
14312,2
14313,0
14314,0
14315,2
14316,2
14317,6
14318,2
14319,6
14320,2
14321,2
14322,2
14323,2
14324,2
14325,2
14326,2
14327,6
14328,2
14329,2
14330,0
14331,2
14332,2
14333,2
14334,2
14335,2
14336,4
14337,2
14338,2
14339,6
14340,2
14341,2
14342,3
14343,2
14344,2
14345,0
14346,2
14347,2
14348,2
14349,2
14350,2
14351,2
14352,2
14353,2
14354,2
14355,2
14356,2
14357,2
14358,6
14359,2
14360,2
14361,2
14362,2
14363,2
14364,0
14365,2
14366,2
14367,2
14368,2
14369,2
14370,2
14371,2
14372,2
14373,2
14374,0
14375,0
14376,2
14377,2
14378,2
14379,2
14380,2
14381,0
14382,2
14383,2
14384,2
14385,2
14386,2
14387,4
14388,2
14389,2
14390,2
14391,2
14392,2
14393,2
14394,2
14395,2
14396,2
14397,2
14398,4
14399,2
14400,2
14401,0
14402,2
14403,0
14404,2
14405,2
14406,2
14407,2
14408,2
14409,2
14410,2
14411,2
14412,2
14413,2
14414,2
14415,2
14416,2
14417,2
14418,2
14419,0
14420,0
14421,2
14422,6
14423,2
14424,2
14425,2
14426,2
14427,0
14428,0
14429,0
14430,2
14431,2
14432,0
14433,0
14434,0
14435,0
14436,0
14437,0
14438,0
14439,0
14440,0
14441,0
14442,0
14443,0
14444,2
14445,0
14446,0
14447,0
14448,0
14449,0
14450,0
14451,0
14452,0
14453,0
14454,2
14455,0
14456,0
14457,0
14458,0
14459,2
14460,0
14461,0
14462,0
14463,0
14464,0
14465,0
14466,0
14467,0
14468,2
14469,0
14470,2
14471,0
14472,0
14473,0
14474,0
14475,0
14476,0
14477,0
14478,0
14479,0
14480,0
14481,2
14482,2
14483,0
14484,0
14485,3
14486,0
14487,3
14488,0
14489,0
14490,0
14491,5
14492,3
14493,2
14494,0
14495,2
14496,0
14497,0
14498,0
14499,0
14500,2
14501,2
14502,2
14503,2
14504,0
14505,0
14506,2
14507,2
14508,0
14509,0
14510,2
14511,0
14512,0
14513,0
14514,0
14515,0
14516,0
14517,0
14518,0
14519,0
14520,0
14521,0
14522,0
14523,0
14524,0
14525,2
14526,2
14527,0
14528,2
14529,2
14530,2
14531,0
14532,0
14533,3
14534,2
14535,2
14536,0
14537,2
14538,0
14539,5
14540,0
14541,0
14542,0
14543,2
14544,2
14545,2
14546,0
14547,2
14548,0
14549,2
14550,2
14551,0
14552,2
14553,2
14554,0
14555,5
14556,2
14557,2
14558,3
14559,2
14560,3
14561,2
14562,0
14563,2
14564,2
14565,2
14566,5
14567,2
14568,2
14569,2
14570,2
14571,2
14572,3
14573,3
14574,2
14575,2
14576,0
14577,0
14578,2
14579,0
14580,0
14581,2
14582,2
14583,0
14584,2
14585,2
14586,2
14587,2
14588,2
14589,2
14590,2
14591,2
14592,0
14593,2
14594,0
14595,0
14596,0
14597,3
14598,2
14599,3
14600,2
14601,2
14602,2
14603,2
14604,2
14605,2
14606,2
14607,3
14608,2
14609,2
14610,3
14611,2
14612,0
14613,0
14614,2
14615,2
14616,2
14617,2
14618,2
14619,2
14620,2
14621,2
14622,2
14623,2
14624,2
14625,2
14626,0
14627,0
14628,2
14629,0
14630,2
14631,2
14632,2
14633,2
14634,2
14635,2
14636,2
14637,2
14638,0
14639,2
14640,2
14641,2
14642,2
14643,0
14644,2
14645,2
14646,2
14647,2
14648,2
14649,2
14650,2
14651,2
14652,2
14653,0
14654,2
14655,2
14656,2
14657,2
14658,2
14659,2
14660,2
14661,2
14662,2
14663,2
14664,2
14665,2
14666,2
14667,2
14668,2
14669,2
14670,2
14671,2
14672,2
14673,2
14674,2
14675,2
14676,2
14677,2
14678,2
14679,2
14680,2
14681,2
14682,0
14683,2
14684,2
14685,2
14686,2
14687,0
14688,2
14689,2
14690,2
14691,2
14692,2
14693,2
14694,2
14695,2
14696,6
14697,2
14698,2
14699,2
14700,2
14701,2
14702,2
14703,0
14704,6
14705,2
14706,0
14707,2
14708,2
14709,0
14710,2
14711,2
14712,2
14713,2
14714,6
14715,2
14716,2
14717,2
14718,6
14719,2
14720,2
14721,2
14722,0
14723,2
14724,2
14725,0
14726,2
14727,2
14728,4
14729,2
14730,2
14731,2
14732,2
14733,2
14734,2
14735,2
14736,0
14737,3
14738,2
14739,2
14740,2
14741,2
14742,2
14743,0
14744,2
14745,2
14746,2
14747,2
14748,2
14749,2
14750,2
14751,0
14752,2
14753,2
14754,2
14755,2
14756,5
14757,0
14758,2
14759,2
14760,2
14761,2
14762,2
14763,3
14764,2
14765,2
14766,2
14767,2
14768,2
14769,2
14770,2
14771,2
14772,2
14773,2
14774,2
14775,2
14776,2
14777,2
14778,2
14779,2
14780,2
14781,2
14782,2
14783,2
14784,2
14785,2
14786,2
14787,2
14788,2
14789,2
14790,2
14791,2
14792,2
14793,2
14794,2
14795,2
14796,2
14797,2
14798,2
14799,2
14800,2
14801,2
14802,0
14803,2
14804,2
14805,2
14806,3
14807,2
14808,2
14809,0
14810,2
14811,3
14812,2
14813,2
14814,2
14815,2
14816,2
14817,2
14818,2
14819,0
14820,3
14821,2
14822,2
14823,2
14824,2
14825,3
14826,2
14827,3
14828,2
14829,2
14830,2
14831,2
14832,2
14833,2
14834,2
14835,2
14836,0
14837,2
14838,2
14839,2
14840,2
14841,3
14842,2
14843,2
14844,2
14845,2
14846,2
14847,2
14848,2
14849,2
14850,2
14851,3
14852,3
14853,2
14854,4
14855,2
14856,2
14857,2
14858,3
14859,2
14860,3
14861,2
14862,3
14863,2
14864,2
14865,6
14866,6
14867,2
14868,2
14869,2
14870,2
14871,2
14872,2
14873,2
14874,2
14875,2
14876,6
14877,2
14878,2
14879,2
14880,3
14881,0
14882,5
14883,2
14884,2
14885,2
14886,4
14887,2
14888,3
14889,3
14890,2
14891,2
14892,2
14893,6
14894,0
14895,2
14896,2
14897,5
14898,6
14899,6
14900,6
14901,4
14902,2
14903,3
14904,3
14905,6
14906,3
14907,2
14908,2
14909,2
14910,6
14911,2
14912,3
14913,6
14914,3
14915,6
14916,3
14917,2
14918,2
14919,2
14920,2
14921,3
14922,3
14923,3
14924,6
14925,3
14926,2
14927,6
14928,6
14929,2
14930,2
14931,2
14932,2
14933,2
14934,2
14935,2
14936,6
14937,3
14938,2
14939,2
14940,2
14941,2
14942,2
14943,3
14944,2
14945,2
14946,6
14947,6
14948,3
14949,6
14950,6
14951,6
14952,6
14953,3
14954,3
14955,6
14956,6
14957,6
14958,6
14959,6
14960,3
14961,6
14962,6
14963,3
14964,6
14965,3
14966,6
14967,6
14968,3
14969,6
14970,3
14971,2
14972,3
14973,6
14974,6
14975,6
14976,6
14977,3
14978,3
14979,6
14980,6
14981,6
14982,6
14983,6
14984,6
14985,3
14986,3
14987,3
14988,3
14989,3
14990,3
14991,3
14992,2
14993,2
14994,2
14995,6
14996,6
14997,6
14998,3
14999,3
15000,3
15001,3
15002,3
15003,2
15004,6
15005,2
15006,3
15007,4
15008,2
15009,6
15010,2
15011,3
15012,3
15013,3
15014,3
15015,6
15016,3
15017,3
15018,3
15019,3
15020,6
15021,3
15022,3
15023,2
15024,3
15025,3
15026,3
15027,2
15028,2
15029,3
15030,6
15031,2
15032,3
15033,0
15034,2
15035,2
15036,6
15037,2
15038,3
15039,3
15040,3
15041,2
15042,6
15043,3
15044,6
15045,6
15046,6
15047,6
15048,6
15049,3
15050,3
15051,3
15052,6
15053,6
15054,6
15055,6
15056,3
15057,3
15058,3
15059,6
15060,2
15061,6
15062,6
15063,3
15064,3
15065,3
15066,3
15067,2
15068,6
15069,3
15070,3
15071,3
15072,2
15073,0
15074,2
15075,3
15076,3
15077,3
15078,3
15079,2
15080,6
15081,6
15082,2
15083,6
15084,3
15085,2
15086,3
15087,3
15088,3
15089,2
15090,6
15091,6
15092,3
15093,2
15094,3
15095,2
15096,6
15097,2
15098,2
15099,3
15100,3
15101,3
15102,2
15103,2
15104,6
15105,6
15106,3
15107,6
15108,6
15109,6
15110,6
15111,6
15112,6
15113,6
15114,6
15115,6
15116,6
15117,6
15118,6
15119,6
15120,6
15121,6
15122,6
15123,6
15124,2
15125,6
15126,6
15127,6
15128,2
15129,6
15130,2
15131,2
15132,2
15133,3
15134,2
15135,6
15136,6
15137,6
15138,6
15139,3
15140,2
15141,6
15142,3
15143,6
15144,3
15145,2
15146,6
15147,6
15148,6
15149,6
15150,6
15151,3
15152,2
15153,6
15154,6
15155,6
15156,6
15157,6
15158,4
15159,0
15160,6
15161,6
15162,2
15163,6
15164,6
15165,6
15166,6
15167,6
15168,6
15169,6
15170,3
15171,2
15172,2
15173,6
15174,1
15175,2
15176,6
15177,6
15178,6
15179,3
15180,6
15181,2
15182,6
15183,6
15184,6
15185,6
15186,6
15187,6
15188,2
15189,6
15190,6
15191,6
15192,3
15193,3
15194,6
15195,6
15196,3
15197,3
15198,3
15199,2
15200,6
15201,6
15202,6
15203,6
15204,6
15205,6
15206,6
15207,6
15208,6
15209,3
15210,3
15211,3
15212,3
15213,3
15214,3
15215,3
15216,2
15217,0
15218,2
15219,3
15220,3
15221,2
15222,6
15223,3
15224,3
15225,3
15226,2
15227,2
15228,2
15229,2
15230,2
15231,2
15232,2
15233,3
15234,3
15235,3
15236,3
15237,3
15238,6
15239,6
15240,3
15241,6
15242,3
15243,6
15244,2
15245,3
15246,3
15247,6
15248,2
15249,2
15250,2
15251,2
15252,3
15253,3
15254,6
15255,3
15256,3
15257,3
15258,3
15259,6
15260,6
15261,3
15262,6
15263,2
15264,0
15265,6
15266,2
15267,6
15268,6
15269,2
15270,6
15271,6
15272,6
15273,6
15274,6
15275,6
15276,6
15277,6
15278,6
15279,6
15280,3
15281,2
15282,2
15283,2
15284,2
15285,2
15286,6
15287,2
15288,6
15289,6
15290,2
15291,2
15292,2
15293,6
15294,2
15295,2
15296,2
15297,2
15298,2
15299,2
15300,2
15301,2
15302,4
15303,2
15304,6
15305,6
15306,2
15307,2
15308,2
15309,3
15310,3
15311,2
15312,6
15313,6
15314,6
15315,6
15316,3
15317,6
15318,3
15319,3
15320,3
15321,6
15322,2
15323,3
15324,3
15325,2
15326,6
15327,6
15328,2
15329,6
15330,6
15331,6
15332,6
15333,6
15334,6
15335,2
15336,3
15337,3
15338,3
15339,3
15340,6
15341,3
15342,3
15343,2
15344,6
15345,6
15346,6
15347,3
15348,2
15349,3
15350,3
15351,3
15352,2
15353,2
15354,2
15355,3
15356,3
15357,2
15358,6
15359,6
15360,2
15361,3
15362,3
15363,2
15364,6
15365,3
15366,6
15367,6
15368,6
15369,6
15370,6
15371,2
15372,6
15373,6
15374,2
15375,2
15376,6
15377,2
15378,4
15379,3
15380,2
15381,2
15382,6
15383,2
15384,3
15385,2
15386,6
15387,6
15388,6
15389,2
15390,2
15391,3
15392,2
15393,2
15394,3
15395,6
15396,3
15397,3
15398,2
15399,3
15400,6
15401,6
15402,2
15403,3
15404,3
15405,3
15406,3
15407,3
15408,3
15409,3
15410,3
15411,2
15412,3
15413,3
15414,3
15415,3
15416,3
15417,3
15418,2
15419,3
15420,2
15421,6
15422,6
15423,2
15424,6
15425,2
15426,6
15427,6
15428,6
15429,6
15430,6
15431,6
15432,6
15433,6
15434,6
15435,2
15436,6
15437,2
15438,2
15439,0
15440,2
15441,0
15442,2
15443,6
15444,6
15445,4
15446,5
15447,6
15448,6
15449,6
15450,3
15451,6
15452,6
15453,2
15454,6
15455,2
15456,6
15457,6
15458,2
15459,3
15460,3
15461,3
15462,3
15463,3
15464,3
15465,6
15466,2
15467,2
15468,6
15469,2
15470,3
15471,3
15472,6
15473,6
15474,2
15475,2
15476,2
15477,3
15478,3
15479,3
15480,3
15481,3
15482,2
15483,6
15484,6
15485,6
15486,6
15487,6
15488,6
15489,6
15490,6
15491,3
15492,3
15493,3
15494,3
15495,3
15496,3
15497,3
15498,2
15499,2
15500,2
15501,2
15502,2
15503,3
15504,3
15505,3
15506,3
15507,3
15508,3
15509,6
15510,2
15511,3
15512,3
15513,3
15514,6
15515,2
15516,2
15517,6
15518,6
15519,6
15520,2
15521,3
15522,2
15523,2
15524,0
15525,6
15526,6
15527,3
15528,3
15529,6
15530,3
15531,6
15532,3
15533,3
15534,2
15535,3
15536,3
15537,3
15538,3
15539,6
15540,6
15541,6
15542,6
15543,3
15544,3
15545,2
15546,6
15547,6
15548,6
15549,6
15550,6
15551,6
15552,2
15553,3
15554,2
15555,3
15556,2
15557,2
15558,6
15559,6
15560,2
15561,3
15562,3
15563,3
15564,3
15565,3
15566,3
15567,3
15568,3
15569,6
15570,6
15571,2
15572,6
15573,6
15574,6
15575,3
15576,6
15577,6
15578,6
15579,6
15580,6
15581,6
15582,6
15583,6
15584,6
15585,3
15586,6
15587,2
15588,2
15589,2
15590,6
15591,6
15592,6
15593,6
15594,6
15595,6
15596,3
15597,6
15598,2
15599,3
15600,6
15601,2
15602,6
15603,6
15604,6
15605,2
15606,2
15607,2
15608,6
15609,6
15610,6
15611,6
15612,6
15613,6
15614,6
15615,2
15616,3
15617,6
15618,6
15619,6
15620,6
15621,3
15622,6
15623,6
15624,6
15625,6
15626,6
15627,6
15628,3
15629,6
15630,6
15631,6
15632,3
15633,3
15634,2
15635,6
15636,6
15637,3
15638,6
15639,2
15640,6
15641,6
15642,6
15643,6
15644,6
15645,6
15646,6
15647,6
15648,6
15649,6
15650,6
15651,6
15652,6
15653,6
15654,6
15655,6
15656,6
15657,3
15658,0
15659,2
15660,2
15661,6
15662,6
15663,4
15664,6
15665,6
15666,6
15667,6
15668,6
15669,3
15670,3
15671,3
15672,3
15673,3
15674,3
15675,3
15676,3
15677,3
15678,3
15679,6
15680,3
15681,3
15682,3
15683,3
15684,3
15685,6
15686,6
15687,6
15688,2
15689,6
15690,6
15691,6
15692,6
15693,6
15694,6
15695,3
15696,6
15697,3
15698,3
15699,6
15700,6
15701,6
15702,6
15703,3
15704,3
15705,6
15706,2
15707,3
15708,6
15709,2
15710,3
15711,2
15712,6
15713,2
15714,2
15715,2
15716,2
15717,4
15718,2
15719,3
15720,2
15721,2
15722,2
15723,2
15724,0
15725,3
15726,2
15727,3
15728,2
15729,2
15730,3
15731,3
15732,2
15733,2
15734,3
15735,2
15736,2
15737,2
15738,2
15739,2
15740,4
15741,2
15742,2
15743,2
15744,2
15745,2
15746,4
15747,3
15748,2
15749,2
15750,2
15751,3
15752,2
15753,2
15754,2
15755,4
15756,2
15757,3
15758,0
15759,2
15760,6
15761,2
15762,2
15763,2
15764,3
15765,4
15766,3
15767,4
15768,4
15769,4
15770,5
15771,3
15772,2
15773,2
15774,2
15775,2
15776,3
15777,2
15778,3
15779,2
15780,3
15781,3
15782,2
15783,0
15784,2
15785,2
15786,4
15787,2
15788,2
15789,2
15790,2
15791,2
15792,2
15793,2
15794,2
15795,2
15796,4
15797,2
15798,2
15799,2
15800,2
15801,3
15802,3
15803,2
15804,2
15805,2
15806,2
15807,2
15808,2
15809,2
15810,2
15811,2
15812,0
15813,2
15814,2
15815,2
15816,3
15817,2
15818,2
15819,2
15820,2
15821,2
15822,0
15823,2
15824,0
15825,0
15826,2
15827,0
15828,2
15829,3
15830,0
15831,2
15832,2
15833,0
15834,2
15835,2
15836,2
15837,0
15838,0
15839,0
15840,2
15841,2
15842,0
15843,0
15844,2
15845,2
15846,0
15847,5
15848,2
15849,0
15850,0
15851,2
15852,2
15853,2
15854,0
15855,6
15856,6
15857,2
15858,0
15859,0
15860,2
15861,6
15862,0
15863,0
15864,5
15865,2
15866,3
15867,2
15868,0
15869,2
15870,2
15871,2
15872,2
15873,2
15874,2
15875,2
15876,2
15877,2
15878,2
15879,2
15880,2
15881,2
15882,2
15883,0
15884,2
15885,2
15886,2
15887,2
15888,2
15889,3
15890,2
15891,2
15892,2
15893,6
15894,2
15895,2
15896,2
15897,2
15898,2
15899,2
15900,2
15901,2
15902,2
15903,2
15904,2
15905,2
15906,2
15907,6
15908,2
15909,2
15910,2
15911,6
15912,2
15913,6
15914,2
15915,6
15916,2
15917,2
15918,6
15919,2
15920,2
15921,6
15922,2
15923,2
15924,2
15925,2
15926,2
15927,2
15928,2
15929,2
15930,2
15931,2
15932,6
15933,2
15934,2
15935,2
15936,2
15937,2
15938,2
15939,2
15940,2
15941,2
15942,6
15943,2
15944,2
15945,2
15946,2
15947,2
15948,2
15949,2
15950,2
15951,6
15952,6
15953,6
15954,2
15955,2
15956,2
15957,2
15958,2
15959,2
15960,2
15961,6
15962,2
15963,2
15964,2
15965,2
15966,2
15967,2
15968,2
15969,2
15970,6
15971,6
15972,2
15973,2
15974,2
15975,2
15976,6
15977,6
15978,2
15979,2
15980,6
15981,2
15982,2
15983,2
15984,6
15985,6
15986,2
15987,2
15988,6
15989,2
15990,2
15991,5
15992,2
15993,2
15994,2
15995,2
15996,2
15997,4
15998,0
15999,0
16000,2
16001,2
16002,2
16003,4
16004,2
16005,2
16006,3
16007,4
16008,2
16009,0
16010,2
16011,4
16012,2
16013,2
16014,2
16015,3
16016,2
16017,2
16018,0
16019,2
16020,0
16021,2
16022,2
16023,2
16024,2
16025,2
16026,0
16027,2
16028,2
16029,2
16030,2
16031,2
16032,0
16033,2
16034,2
16035,2
16036,2
16037,0
16038,3
16039,0
16040,2
16041,3
16042,2
16043,2
16044,2
16045,2
16046,2
16047,2
16048,2
16049,0
16050,2
16051,0
16052,2
16053,0
16054,0
16055,0
16056,2
16057,2
16058,2
16059,2
16060,2
16061,2
16062,2
16063,0
16064,0
16065,2
16066,0
16067,2
16068,2
16069,0
16070,2
16071,0
16072,0
16073,2
16074,2
16075,2
16076,2
16077,2
16078,2
16079,0
16080,0
16081,5
16082,2
16083,2
16084,3
16085,4
16086,2
16087,3
16088,2
16089,2
16090,2
16091,2
16092,0
16093,3
16094,2
16095,2
16096,2
16097,2
16098,2
16099,4
16100,2
16101,2
16102,3
16103,2
16104,2
16105,2
16106,2
16107,2
16108,2
16109,2
16110,2
16111,2
16112,2
16113,0
16114,0
16115,0
16116,5
16117,2
16118,2
16119,2
16120,2
16121,0
16122,2
16123,2
16124,0
16125,2
16126,2
16127,3
16128,2
16129,2
16130,2
16131,2
16132,2
16133,2
16134,2
16135,2
16136,2
16137,2
16138,2
16139,4
16140,2
16141,2
16142,2
16143,0
16144,2
16145,5
16146,0
16147,0
16148,0
16149,0
16150,0
16151,2
16152,0
16153,5
16154,2
16155,5
16156,4
16157,0
16158,2
16159,2
16160,4
16161,2
16162,0
16163,0
16164,0
16165,2
16166,0
16167,0
16168,0
16169,2
16170,0
16171,0
16172,2
16173,2
16174,2
16175,5
16176,4
16177,0
16178,2
16179,4
16180,0
16181,2
16182,0
16183,0
16184,2
16185,2
16186,0
16187,2
16188,2
16189,2
16190,0
16191,2
16192,0
16193,0
16194,0
16195,2
16196,2
16197,0
16198,2
16199,2
16200,2
16201,2
16202,2
16203,2
16204,2
16205,2
16206,0
16207,2
16208,4
16209,4
16210,4
16211,3
16212,2
16213,0
16214,2
16215,2
16216,4
16217,2
16218,2
16219,0
16220,0
16221,0
16222,0
16223,0
16224,2
16225,5
16226,2
16227,3
16228,2
16229,2
16230,2
16231,2
16232,0
16233,5
16234,2
16235,5
16236,0
16237,0
16238,2
16239,0
16240,2
16241,0
16242,2
16243,2
16244,5
16245,2
16246,0
16247,0
16248,0
16249,2
16250,4
16251,0
16252,0
16253,0
16254,2
16255,0
16256,2
16257,0
16258,2
16259,2
16260,2
16261,2
16262,2
16263,2
16264,2
16265,2
16266,2
16267,2
16268,2
16269,0
16270,0
16271,0
16272,0
16273,4
16274,2
16275,0
16276,0
16277,2
16278,0
16279,2
16280,0
16281,0
16282,2
16283,2
16284,0
16285,2
16286,0
16287,2
16288,2
16289,2
16290,2
16291,0
16292,2
16293,4
16294,4
16295,0
16296,2
16297,2
16298,2
16299,2
16300,0
16301,2
16302,2
16303,4
16304,2
16305,2
16306,2
16307,0
16308,2
16309,2
16310,2
16311,2
16312,2
16313,2
16314,2
16315,2
16316,2
16317,0
16318,2
16319,2
16320,2
16321,4
16322,2
16323,0
16324,2
16325,2
16326,0
16327,2
16328,0
16329,2
16330,0
16331,0
16332,0
16333,2
16334,2
16335,2
16336,2
16337,2
16338,2
16339,2
16340,4
16341,2
16342,2
16343,2
16344,0
16345,0
16346,2
16347,2
16348,0
16349,0
16350,0
16351,2
16352,2
16353,2
16354,2
16355,2
16356,2
16357,2
16358,2
16359,2
16360,2
16361,4
16362,2
16363,2
16364,2
16365,2
16366,2
16367,5
16368,0
16369,2
16370,3
16371,2
16372,0
16373,0
16374,2
16375,2
16376,0
16377,2
16378,2
